customer_id,signup_date,acquisition_channel,cac,initial_plan,age,country,churned,ltv
C000001,2023-10-17,Organic,10.5,Basic,32,UK,1,139.86
C000002,2022-04-15,Affiliate,49.63,Standard,55,Germany,1,39.98
C000003,2022-02-02,Organic,11.87,Basic,56,US,1,69.93
C000004,2023-07-29,Paid Search,100.12,Standard,44,UK,0,19.99
C000005,2023-04-05,Email,31.13,Premium,28,Australia,1,39.99
C000006,2023-03-09,Social Media,43.89,Basic,39,US,1,39.96
C000007,2022-04-05,Referral,23.87,Standard,56,Canada,1,439.78
C000008,2022-02-14,Affiliate,38.38,Basic,42,US,0,229.77
C000009,2023-07-20,Social Media,71.47,Standard,41,France,0,19.99
C000010,2022-07-16,Affiliate,22.78,Standard,36,US,1,119.94
C000011,2022-08-27,Organic,17.6,Basic,41,UK,1,9.99
C000012,2023-01-15,Social Media,40.48,Basic,61,Australia,1,9.99
C000013,2022-03-15,Email,45.4,Standard,33,UK,1,19.99
C000014,2023-04-19,Referral,30.8,Premium,62,France,1,679.83
C000015,2022-08-13,Affiliate,32.97,Standard,21,UK,0,679.66
C000016,2022-02-02,Social Media,50.06,Basic,54,Australia,1,99.9
C000017,2022-11-19,Paid Search,95.88,Basic,59,Germany,1,379.74
C000018,2022-05-27,Social Media,36.98,Standard,52,Canada,1,119.94
C000019,2023-08-22,Referral,55.91,Basic,32,UK,1,89.91
C000020,2023-06-06,Referral,23.64,Basic,25,UK,1,119.88
C000021,2023-10-05,Paid Search,105.45,Basic,22,Germany,1,9.99
C000022,2023-01-26,Email,59.84,Standard,53,US,1,19.99
C000023,2023-11-28,Affiliate,24.58,Premium,35,Australia,1,39.99
C000024,2022-12-15,Organic,15.87,Basic,18,Australia,1,69.93
C000025,2022-09-27,Email,50.48,Standard,24,Australia,1,19.99
C000026,2022-11-02,Affiliate,40.31,Basic,41,UK,1,49.95
C000027,2023-07-07,Email,56.74,Standard,49,US,1,59.97
C000028,2022-04-25,Social Media,73.94,Standard,37,UK,1,279.86
C000029,2022-03-01,Paid Search,111.46,Premium,23,Australia,1,199.95
C000030,2023-05-13,Organic,29.56,Standard,26,UK,0,519.74
C000031,2023-11-07,Referral,57.87,Basic,51,France,1,29.97
C000032,2023-03-10,Paid Search,115.02,Standard,62,UK,1,39.98
C000033,2022-11-16,Referral,59.81,Standard,46,France,1,79.96
C000034,2023-04-08,Organic,14.96,Basic,19,France,1,9.99
C000035,2023-07-22,Paid Search,91.19,Basic,63,Australia,0,289.82
C000036,2022-03-02,Paid Search,54.72,Basic,39,US,0,549.71
C000037,2023-06-11,Paid Search,69.49,Basic,52,UK,0,59.94
C000038,2023-08-08,Email,38.91,Standard,44,UK,1,59.97
C000039,2022-04-07,Organic,23.18,Basic,44,Germany,1,179.82
C000040,2022-02-25,Affiliate,46.14,Standard,21,Germany,0,139.93
C000041,2022-12-14,Organic,14.97,Basic,46,UK,0,49.97
C000042,2023-03-09,Paid Search,69.5,Basic,22,Germany,1,29.98
C000043,2023-07-18,Organic,11.01,Premium,18,US,0,639.84
C000044,2022-08-31,Paid Search,78.45,Basic,43,US,1,109.89
C000045,2022-06-18,Referral,20.09,Basic,47,Canada,1,29.97
C000046,2023-03-10,Affiliate,58.29,Premium,53,Australia,1,39.99
C000047,2023-05-14,Paid Search,63.29,Basic,21,France,1,119.88
C000048,2023-07-10,Organic,24.96,Basic,55,Germany,1,9.99
C000049,2023-05-30,Email,26.3,Premium,23,UK,0,759.81
C000050,2022-03-12,Email,22.72,Premium,43,US,0,79.98
C000051,2023-08-07,Paid Search,90.52,Basic,23,Germany,0,49.95
C000052,2023-11-05,Email,42.61,Basic,34,UK,1,9.99
C000053,2023-11-17,Affiliate,32.57,Basic,26,Australia,1,49.95
C000054,2023-10-23,Social Media,52.86,Premium,22,US,0,119.97
C000055,2023-04-15,Email,59.94,Premium,22,France,1,399.9
C000056,2022-08-07,Email,30.61,Premium,22,UK,1,399.9
C000057,2023-01-14,Social Media,37.89,Standard,63,Canada,0,519.74
C000058,2023-09-19,Affiliate,41.16,Standard,53,Canada,1,19.99
C000059,2023-11-11,Organic,28.78,Basic,25,US,1,359.81
C000060,2023-07-21,Paid Search,69.06,Standard,63,Canada,1,39.98
C000061,2022-07-28,Affiliate,45.37,Basic,49,Canada,1,279.85
C000062,2022-02-22,Organic,22.69,Standard,20,US,1,99.95
C000063,2022-12-08,Paid Search,94.6,Basic,65,Germany,1,209.79
C000064,2023-07-19,Affiliate,37.11,Basic,22,Australia,1,19.98
C000065,2022-06-02,Email,21.44,Basic,53,UK,1,49.97
C000066,2023-03-17,Paid Search,52.93,Basic,20,Canada,1,79.92
C000067,2022-08-04,Affiliate,29.98,Basic,53,Germany,1,89.91
C000068,2023-09-28,Affiliate,26.18,Premium,28,UK,1,399.9
C000069,2023-02-27,Organic,13.59,Premium,44,Australia,1,299.92
C000070,2022-09-12,Social Media,37.96,Standard,42,US,0,519.74
C000071,2023-04-27,Paid Search,63.97,Premium,40,Canada,1,39.99
C000072,2022-08-22,Paid Search,51.66,Basic,39,Canada,1,39.96
C000073,2022-03-13,Social Media,47.56,Standard,61,France,0,519.74
C000074,2022-12-06,Organic,12.31,Premium,29,France,1,39.99
C000075,2022-09-29,Organic,12.17,Basic,64,Canada,1,69.96
C000076,2023-03-23,Email,59.37,Basic,54,UK,1,9.99
C000077,2022-09-18,Organic,24.18,Basic,52,Australia,1,19.98
C000078,2023-11-18,Paid Search,75.5,Basic,60,Canada,1,149.9
C000079,2023-10-01,Social Media,63.17,Basic,37,France,1,79.92
C000080,2022-11-13,Affiliate,36.34,Basic,36,France,1,69.93
C000081,2022-05-11,Paid Search,79.43,Premium,61,Australia,1,239.94
C000082,2022-06-28,Email,42.76,Basic,18,Canada,1,19.98
C000083,2022-10-21,Paid Search,80.09,Standard,59,Canada,1,119.94
C000084,2023-04-22,Referral,37.69,Basic,48,Australia,0,49.95
C000085,2022-06-23,Affiliate,23.39,Standard,58,France,0,39.98
C000086,2022-12-10,Organic,26.37,Standard,61,Canada,1,59.97
C000087,2022-08-19,Paid Search,60.31,Basic,48,France,1,9.99
C000088,2022-03-16,Referral,36.58,Standard,30,Australia,1,19.99
C000089,2023-01-29,Referral,35.99,Basic,62,US,1,19.98
C000090,2022-04-20,Referral,28.75,Standard,62,France,0,499.75
C000091,2023-04-21,Organic,21.15,Premium,25,Germany,1,79.98
C000092,2022-05-17,Referral,46.7,Premium,56,Canada,1,39.99
C000093,2023-03-30,Email,52.6,Premium,45,France,0,79.98
C000094,2023-04-02,Paid Search,102.06,Basic,34,UK,1,39.96
C000095,2023-10-15,Social Media,68.29,Standard,58,UK,0,139.93
C000096,2022-10-09,Referral,23.1,Basic,35,Canada,0,349.81
C000097,2022-11-24,Email,23.22,Basic,42,Australia,0,289.8
C000098,2022-06-06,Affiliate,28.56,Basic,39,France,1,79.92
C000099,2023-04-23,Referral,22.49,Standard,42,France,1,539.73
C000100,2022-01-21,Email,35.22,Basic,40,Canada,0,119.88
C000101,2023-02-04,Referral,41.53,Standard,56,UK,1,39.98
C000102,2023-05-15,Paid Search,69.11,Basic,42,Canada,1,39.96
C000103,2023-11-16,Affiliate,51.93,Standard,47,UK,1,0.0
C000104,2023-09-30,Email,21.08,Basic,54,Australia,0,39.97
C000105,2022-01-28,Organic,22.85,Basic,47,UK,0,359.76
C000106,2022-02-21,Social Media,48.96,Basic,38,Canada,0,359.74
C000107,2023-01-24,Social Media,67.6,Standard,34,US,0,19.99
C000108,2023-04-27,Organic,24.98,Basic,40,UK,1,19.98
C000109,2023-10-28,Organic,25.62,Standard,19,UK,1,119.94
C000110,2022-07-24,Organic,22.43,Basic,48,Australia,1,9.99
C000111,2022-04-28,Email,57.91,Basic,34,Canada,0,259.74
C000112,2022-06-21,Email,44.29,Standard,25,UK,0,139.93
C000113,2022-11-15,Organic,21.57,Premium,54,Australia,0,119.97
C000114,2023-01-20,Referral,57.66,Basic,55,Australia,1,89.91
C000115,2023-10-05,Paid Search,57.13,Standard,61,France,1,59.97
C000116,2022-05-04,Email,51.31,Basic,45,Australia,1,9.99
C000117,2023-01-15,Organic,20.12,Basic,44,Germany,0,39.96
C000118,2022-04-19,Referral,58.43,Standard,47,Australia,1,79.96
C000119,2022-06-06,Referral,27.05,Standard,59,Canada,1,79.96
C000120,2023-09-23,Email,50.99,Basic,64,France,1,9.99
C000121,2022-10-02,Social Media,72.59,Standard,23,Canada,0,259.87
C000122,2023-04-07,Paid Search,102.53,Standard,60,Germany,1,119.94
C000123,2022-12-11,Organic,19.89,Basic,49,UK,1,199.86
C000124,2022-12-30,Social Media,47.02,Premium,62,Canada,1,119.97
C000125,2023-07-24,Organic,20.33,Basic,33,Australia,1,9.99
C000126,2023-02-21,Referral,42.21,Basic,48,Australia,1,19.98
C000127,2023-05-18,Referral,51.72,Basic,32,Germany,1,19.98
C000128,2022-09-07,Social Media,63.2,Basic,53,France,1,99.9
C000129,2022-12-19,Referral,59.87,Standard,40,Australia,1,99.95
C000130,2023-04-10,Social Media,45.33,Basic,64,UK,0,299.7
C000131,2022-11-20,Organic,24.86,Premium,62,UK,1,359.91
C000132,2022-07-16,Paid Search,101.7,Basic,55,France,1,119.88
C000133,2023-09-04,Social Media,79.03,Standard,36,UK,1,159.92
C000134,2023-01-05,Paid Search,71.16,Standard,26,Canada,1,59.97
C000135,2022-02-16,Organic,21.07,Standard,26,Australia,1,19.99
C000136,2023-05-18,Organic,27.45,Standard,48,Germany,1,19.99
C000137,2023-03-28,Social Media,39.22,Basic,48,US,1,9.99
C000138,2022-03-08,Referral,39.67,Standard,61,US,1,19.99
C000139,2022-06-05,Paid Search,106.78,Premium,23,UK,1,39.99
C000140,2022-05-02,Email,50.58,Standard,57,UK,1,259.87
C000141,2023-06-20,Referral,38.02,Basic,55,Germany,1,19.98
C000142,2022-11-09,Email,44.84,Standard,65,US,1,259.87
C000143,2022-08-01,Affiliate,28.44,Standard,28,UK,1,219.89
C000144,2022-06-27,Email,23.0,Basic,46,Australia,1,19.98
C000145,2023-09-01,Referral,31.65,Basic,63,Canada,1,49.95
C000146,2023-04-10,Organic,23.75,Premium,58,France,1,119.97
C000147,2023-11-09,Paid Search,79.76,Standard,59,UK,1,19.99
C000148,2022-09-30,Paid Search,55.0,Basic,37,France,1,9.99
C000149,2023-08-06,Social Media,51.96,Basic,37,Australia,1,9.99
C000150,2023-02-17,Social Media,55.02,Basic,23,France,1,19.98
C000151,2022-02-10,Referral,49.38,Standard,19,US,1,39.98
C000152,2022-08-23,Affiliate,53.44,Standard,19,Australia,1,39.98
C000153,2022-10-03,Email,21.61,Standard,48,France,1,259.87
C000154,2023-10-30,Referral,56.64,Basic,55,Germany,1,129.91
C000155,2023-10-13,Referral,58.76,Basic,44,Canada,0,379.66
C000156,2022-11-25,Affiliate,24.18,Basic,44,Australia,1,19.98
C000157,2023-05-23,Social Media,63.13,Basic,53,US,1,9.99
C000158,2023-04-11,Organic,16.29,Basic,43,France,1,39.96
C000159,2022-01-02,Affiliate,54.77,Basic,21,UK,0,369.74
C000160,2023-06-15,Social Media,61.13,Basic,46,US,0,9.99
C000161,2022-07-28,Social Media,57.46,Premium,46,Australia,1,1039.74
C000162,2023-05-12,Organic,10.58,Standard,33,Australia,1,279.86
C000163,2022-06-12,Social Media,57.54,Standard,23,UK,1,119.94
C000164,2022-04-27,Referral,57.88,Standard,27,Germany,1,19.99
C000165,2022-10-26,Email,48.22,Basic,48,Germany,1,119.93
C000166,2022-09-07,Referral,42.05,Basic,56,France,1,9.99
C000167,2022-05-20,Organic,15.52,Standard,44,Canada,0,539.73
C000168,2023-06-04,Social Media,71.03,Basic,37,France,0,79.92
C000169,2023-08-17,Affiliate,39.59,Basic,52,Germany,1,89.91
C000170,2022-12-20,Social Media,57.6,Standard,47,Canada,1,39.98
C000171,2022-07-13,Affiliate,29.55,Basic,44,US,0,29.97
C000172,2022-11-22,Affiliate,38.92,Premium,42,Germany,1,0.0
C000173,2023-11-11,Affiliate,59.23,Basic,20,UK,1,279.82
C000174,2023-05-30,Email,33.28,Basic,46,US,1,29.97
C000175,2023-06-23,Referral,20.61,Basic,59,UK,1,99.9
C000176,2022-03-18,Referral,51.26,Basic,57,Australia,1,19.98
C000177,2023-02-12,Affiliate,23.21,Basic,61,France,0,9.99
C000178,2023-01-25,Social Media,61.34,Premium,49,France,1,119.97
C000179,2022-02-06,Email,22.74,Standard,36,UK,1,199.9
C000180,2022-04-03,Referral,59.13,Standard,63,US,1,79.96
C000181,2023-03-31,Paid Search,98.58,Premium,20,Canada,0,39.99
C000182,2022-02-27,Social Media,47.92,Basic,33,France,1,59.94
C000183,2023-02-26,Email,47.27,Basic,29,US,0,209.83
C000184,2023-09-17,Referral,44.79,Basic,55,UK,1,19.98
C000185,2022-08-26,Referral,45.52,Basic,60,US,1,409.7
C000186,2023-04-22,Social Media,63.88,Basic,46,Canada,1,9.99
C000187,2023-08-25,Social Media,61.95,Basic,34,Germany,1,19.98
C000188,2022-11-06,Paid Search,119.96,Premium,24,UK,0,519.87
C000189,2023-01-26,Email,34.36,Basic,62,Canada,0,239.76
C000190,2022-01-23,Affiliate,35.83,Basic,61,Australia,0,69.93
C000191,2022-02-20,Email,49.81,Standard,36,UK,0,679.66
C000192,2023-09-14,Social Media,40.95,Basic,34,Australia,1,9.99
C000193,2023-11-07,Affiliate,53.53,Standard,58,Australia,1,99.95
C000194,2022-02-10,Social Media,69.43,Basic,41,Australia,1,29.97
C000195,2022-05-15,Organic,28.19,Basic,44,UK,1,119.88
C000196,2022-07-25,Paid Search,105.06,Premium,41,France,1,119.97
C000197,2023-05-29,Social Media,71.52,Basic,48,Canada,1,29.97
C000198,2022-12-13,Organic,19.37,Basic,32,Australia,0,89.91
C000199,2023-11-22,Referral,58.69,Standard,41,US,0,659.67
C000200,2023-02-09,Organic,15.29,Basic,41,Australia,0,129.88
C000201,2023-11-20,Social Media,59.23,Standard,41,US,1,199.9
C000202,2023-11-23,Paid Search,83.0,Standard,53,Canada,1,179.91
C000203,2023-09-17,Paid Search,95.34,Standard,47,Australia,1,59.97
C000204,2022-11-06,Affiliate,36.33,Basic,20,Canada,1,19.98
C000205,2023-05-20,Organic,11.94,Premium,26,Germany,1,39.99
C000206,2023-04-10,Social Media,63.52,Standard,52,Germany,0,479.76
C000207,2023-08-25,Affiliate,49.06,Premium,59,US,0,159.96
C000208,2023-05-17,Email,36.32,Premium,20,Australia,1,39.99
C000209,2023-01-15,Paid Search,81.04,Premium,41,US,1,839.79
C000210,2023-01-12,Email,56.07,Standard,21,Germany,1,19.99
C000211,2022-10-10,Paid Search,117.77,Premium,47,US,0,959.67
C000212,2023-11-10,Paid Search,94.92,Standard,19,US,1,39.98
C000213,2022-12-08,Paid Search,119.22,Standard,31,US,0,239.88
C000214,2023-07-22,Paid Search,91.05,Standard,32,Canada,1,19.99
C000215,2022-06-01,Email,20.11,Premium,27,UK,0,439.89
C000216,2023-07-08,Social Media,69.93,Basic,19,UK,1,9.99
C000217,2022-01-16,Social Media,69.5,Basic,38,US,1,159.9
C000218,2022-06-28,Social Media,32.62,Standard,51,US,1,19.99
C000219,2022-03-07,Referral,37.93,Basic,55,US,0,29.97
C000220,2023-04-08,Email,28.86,Standard,64,Australia,1,39.98
C000221,2023-06-18,Social Media,52.9,Premium,21,Germany,1,79.98
C000222,2023-02-16,Referral,47.44,Basic,46,US,1,69.93
C000223,2022-03-24,Social Media,60.41,Basic,35,France,1,139.86
C000224,2023-10-11,Email,41.93,Basic,56,France,1,49.95
C000225,2022-10-29,Referral,40.22,Basic,62,US,1,49.95
C000226,2023-11-02,Affiliate,55.11,Standard,31,Germany,1,19.99
C000227,2023-04-08,Paid Search,78.97,Standard,43,Germany,1,59.97
C000228,2022-04-08,Social Media,51.34,Standard,41,UK,1,59.97
C000229,2023-05-01,Organic,11.82,Basic,45,US,1,59.94
C000230,2023-01-17,Paid Search,88.95,Standard,53,France,1,19.99
C000231,2022-12-04,Affiliate,24.89,Basic,60,Germany,0,19.98
C000232,2022-02-22,Social Media,60.02,Basic,54,France,1,19.98
C000233,2022-08-06,Paid Search,95.97,Basic,24,Canada,1,9.99
C000234,2023-07-24,Social Media,35.74,Basic,32,Germany,1,99.94
C000235,2023-07-29,Email,44.54,Standard,19,France,1,19.99
C000236,2023-11-05,Affiliate,30.7,Basic,62,Canada,1,19.98
C000237,2022-12-14,Social Media,30.31,Premium,54,Australia,1,0.0
C000238,2023-02-15,Organic,12.84,Standard,19,US,1,119.94
C000239,2023-06-28,Paid Search,76.33,Basic,28,Canada,1,39.96
C000240,2022-11-16,Affiliate,32.98,Premium,56,US,0,39.99
C000241,2022-02-23,Paid Search,61.02,Standard,61,US,1,79.96
C000242,2022-10-06,Referral,46.48,Basic,46,Germany,1,69.93
C000243,2022-10-07,Paid Search,102.85,Basic,45,US,0,59.94
C000244,2022-10-18,Affiliate,47.14,Basic,60,Canada,0,259.74
C000245,2022-02-16,Paid Search,77.67,Standard,18,UK,1,79.96
C000246,2022-11-05,Paid Search,103.71,Standard,36,Canada,1,239.88
C000247,2022-05-03,Organic,19.95,Basic,26,Germany,0,599.68
C000248,2023-06-30,Affiliate,29.2,Standard,60,Canada,1,119.94
C000249,2022-03-15,Referral,54.47,Basic,19,Germany,1,59.94
C000250,2022-03-21,Social Media,58.79,Standard,63,Australia,1,159.92
C000251,2023-03-04,Social Media,35.76,Basic,38,UK,1,19.98
C000252,2023-09-25,Referral,53.28,Premium,23,Germany,0,119.95
C000253,2022-04-19,Paid Search,80.5,Basic,23,Germany,0,249.75
C000254,2022-11-14,Affiliate,33.58,Basic,28,US,0,489.73
C000255,2023-06-07,Affiliate,24.56,Standard,40,Canada,1,19.99
C000256,2023-10-23,Paid Search,66.54,Basic,30,UK,1,69.93
C000257,2023-09-09,Paid Search,103.22,Standard,29,Australia,1,99.95
C000258,2023-05-21,Referral,50.18,Standard,46,Australia,1,19.99
C000259,2023-08-02,Affiliate,45.41,Standard,58,Canada,1,39.98
C000260,2022-06-04,Referral,22.73,Basic,37,Canada,0,509.72
C000261,2023-08-29,Organic,17.04,Basic,47,Germany,1,19.98
C000262,2022-02-08,Organic,17.37,Basic,59,US,0,149.88
C000263,2023-09-22,Email,40.28,Basic,53,Australia,0,109.9
C000264,2022-02-12,Referral,56.36,Standard,30,Canada,1,79.96
C000265,2023-09-12,Referral,40.05,Premium,46,US,0,79.98
C000266,2022-12-18,Affiliate,23.37,Standard,20,UK,0,599.7
C000267,2023-03-25,Referral,40.96,Standard,41,Canada,0,19.99
C000268,2022-10-17,Referral,36.35,Basic,56,US,0,159.84
C000269,2023-10-09,Affiliate,33.39,Basic,53,Australia,0,299.7
C000270,2023-01-31,Social Media,42.6,Premium,56,UK,0,119.97
C000271,2022-12-08,Organic,21.65,Basic,40,Canada,0,279.72
C000272,2023-11-03,Affiliate,46.49,Basic,63,US,1,179.9
C000273,2022-11-14,Email,35.07,Standard,26,Australia,1,419.79
C000274,2023-06-24,Organic,22.92,Basic,41,US,0,29.98
C000275,2023-01-07,Social Media,39.01,Basic,49,UK,1,9.99
C000276,2022-08-20,Paid Search,60.85,Basic,24,France,1,79.92
C000277,2023-07-07,Affiliate,55.35,Basic,39,France,0,79.92
C000278,2022-05-15,Email,35.07,Basic,62,France,1,59.96
C000279,2022-06-19,Affiliate,37.51,Basic,61,Australia,1,39.96
C000280,2022-09-01,Referral,44.42,Standard,46,UK,1,99.95
C000281,2023-07-01,Paid Search,71.66,Standard,48,UK,0,359.82
C000282,2023-01-12,Affiliate,57.89,Premium,47,Canada,0,839.72
C000283,2023-01-27,Email,41.1,Premium,30,France,0,1199.7
C000284,2022-05-22,Social Media,32.61,Basic,41,France,1,9.99
C000285,2022-04-16,Affiliate,53.84,Premium,36,US,0,439.89
C000286,2022-06-14,Social Media,52.47,Standard,45,US,1,19.99
C000287,2022-08-16,Referral,55.39,Premium,44,US,0,839.79
C000288,2023-02-10,Email,34.96,Basic,23,Canada,1,9.99
C000289,2022-08-18,Organic,16.37,Basic,63,Australia,1,9.99
C000290,2022-12-10,Paid Search,59.63,Basic,48,Australia,0,319.72
C000291,2022-05-23,Affiliate,38.76,Standard,23,US,0,519.74
C000292,2022-09-20,Paid Search,108.45,Standard,64,France,1,39.98
C000293,2023-06-25,Referral,24.45,Basic,37,US,1,39.96
C000294,2022-02-18,Paid Search,79.39,Standard,47,US,1,59.97
C000295,2022-04-24,Referral,43.87,Basic,50,France,1,159.89
C000296,2022-09-05,Affiliate,25.74,Basic,57,Canada,1,379.69
C000297,2022-09-04,Email,36.66,Standard,23,France,1,99.95
C000298,2023-01-05,Organic,29.07,Standard,50,France,1,39.98
C000299,2022-01-21,Referral,54.93,Basic,42,Canada,1,29.97
C000300,2022-09-17,Affiliate,20.65,Standard,40,UK,0,479.76
C000301,2023-11-04,Affiliate,24.15,Standard,39,UK,1,19.99
C000302,2022-02-15,Social Media,57.3,Standard,29,Australia,1,19.99
C000303,2023-04-21,Affiliate,39.14,Basic,26,US,1,9.99
C000304,2023-04-14,Organic,15.87,Basic,30,US,0,579.66
C000305,2022-11-20,Social Media,55.77,Premium,52,Germany,0,639.84
C000306,2022-09-17,Organic,25.07,Basic,40,US,0,329.75
C000307,2023-11-03,Social Media,43.66,Standard,45,Germany,1,159.92
C000308,2023-03-27,Referral,33.56,Basic,62,Germany,0,119.88
C000309,2023-01-12,Email,30.67,Basic,45,US,1,9.99
C000310,2023-03-17,Email,59.8,Basic,36,Canada,0,29.98
C000311,2022-04-16,Organic,16.56,Basic,46,France,1,29.97
C000312,2023-03-13,Paid Search,98.28,Basic,20,Australia,1,9.99
C000313,2022-12-28,Email,59.93,Basic,21,US,0,49.95
C000314,2023-11-19,Affiliate,36.25,Standard,65,Australia,1,59.97
C000315,2022-06-13,Organic,12.86,Standard,46,US,0,39.98
C000316,2022-05-10,Organic,14.72,Standard,41,Germany,0,19.99
C000317,2023-08-04,Organic,22.1,Standard,41,Canada,0,619.69
C000318,2023-03-31,Organic,21.48,Standard,43,Canada,0,559.72
C000319,2023-10-28,Social Media,42.48,Basic,65,UK,1,19.98
C000320,2023-05-27,Email,35.48,Standard,34,Canada,0,39.98
C000321,2023-04-02,Paid Search,119.75,Basic,49,UK,1,89.92
C000322,2022-05-06,Paid Search,109.7,Basic,63,Germany,1,19.98
C000323,2022-03-31,Affiliate,58.7,Premium,60,Canada,0,119.97
C000324,2022-03-08,Email,41.69,Premium,28,Australia,1,439.89
C000325,2023-10-16,Paid Search,105.56,Standard,25,UK,1,19.99
C000326,2022-05-23,Paid Search,105.33,Basic,53,France,1,0.0
C000327,2023-01-13,Referral,52.15,Standard,57,US,0,379.81
C000328,2022-03-09,Social Media,49.91,Standard,48,France,1,19.99
C000329,2023-02-25,Referral,52.93,Basic,38,Australia,0,409.7
C000330,2022-03-17,Referral,38.63,Standard,26,France,1,179.91
C000331,2023-10-18,Email,27.28,Premium,45,France,1,119.97
C000332,2022-02-26,Organic,20.36,Basic,28,Canada,1,9.99
C000333,2022-08-19,Social Media,77.37,Standard,36,US,1,359.82
C000334,2022-09-14,Paid Search,94.45,Standard,26,Australia,1,39.98
C000335,2022-11-07,Email,41.34,Standard,28,France,0,39.98
C000336,2023-08-18,Paid Search,61.98,Standard,56,Canada,1,99.95
C000337,2023-08-01,Organic,26.5,Basic,20,Australia,1,29.97
C000338,2023-08-14,Social Media,62.56,Standard,44,France,0,39.98
C000339,2023-10-17,Organic,19.96,Standard,36,Australia,1,59.97
C000340,2022-11-06,Referral,29.8,Standard,43,Canada,1,19.99
C000341,2023-04-10,Organic,23.77,Basic,44,Germany,1,19.98
C000342,2023-04-21,Paid Search,73.81,Basic,63,Canada,1,9.99
C000343,2022-12-20,Referral,25.23,Basic,53,US,1,129.87
C000344,2022-11-23,Paid Search,82.65,Basic,33,UK,0,339.73
C000345,2022-04-10,Organic,15.8,Basic,57,Germany,1,29.97
C000346,2022-09-12,Paid Search,106.94,Premium,64,Canada,1,199.95
C000347,2022-07-14,Paid Search,84.88,Standard,49,Canada,1,39.98
C000348,2023-05-25,Organic,11.8,Basic,47,UK,1,89.91
C000349,2022-08-09,Email,34.12,Basic,49,France,1,79.95
C000350,2023-11-01,Affiliate,38.82,Standard,24,Germany,1,119.94
C000351,2022-05-18,Social Media,66.38,Standard,41,US,1,19.99
C000352,2023-02-15,Organic,21.41,Basic,53,Canada,0,39.96
C000353,2022-03-17,Referral,40.17,Standard,35,France,1,179.91
C000354,2023-11-28,Email,24.75,Premium,43,Canada,1,79.98
C000355,2022-12-14,Email,57.56,Standard,30,France,0,299.85
C000356,2023-06-06,Referral,40.0,Basic,26,Australia,0,19.98
C000357,2022-12-08,Referral,40.77,Basic,50,UK,1,19.98
C000358,2022-12-02,Email,32.74,Basic,57,Australia,1,129.92
C000359,2022-11-03,Email,33.45,Standard,52,Germany,0,359.82
C000360,2023-07-31,Social Media,53.74,Basic,39,Australia,1,0.0
C000361,2022-04-23,Referral,43.35,Standard,64,Australia,1,439.78
C000362,2023-10-07,Organic,21.94,Basic,59,France,0,59.94
C000363,2023-08-15,Paid Search,100.5,Standard,28,France,1,19.99
C000364,2023-10-07,Affiliate,44.79,Standard,27,Australia,1,99.95
C000365,2022-09-06,Organic,21.45,Standard,30,US,1,399.8
C000366,2023-03-28,Social Media,50.94,Basic,31,Germany,1,9.99
C000367,2023-05-29,Email,56.82,Premium,65,Australia,0,39.99
C000368,2022-03-05,Affiliate,25.52,Basic,38,Australia,1,49.95
C000369,2023-05-05,Email,35.07,Premium,47,France,1,159.96
C000370,2022-12-17,Email,34.17,Standard,64,Australia,1,99.95
C000371,2023-10-21,Affiliate,30.57,Basic,33,Canada,1,439.76
C000372,2023-07-26,Social Media,41.24,Premium,37,Canada,0,279.93
C000373,2022-08-01,Affiliate,48.2,Basic,40,France,0,609.65
C000374,2022-10-08,Social Media,36.09,Standard,42,Germany,1,59.97
C000375,2022-12-20,Paid Search,70.33,Basic,63,US,1,19.98
C000376,2022-12-21,Referral,46.24,Standard,31,UK,1,59.97
C000377,2023-07-06,Social Media,76.65,Standard,26,US,0,279.86
C000378,2023-09-23,Affiliate,43.47,Basic,60,France,1,439.75
C000379,2022-08-20,Affiliate,29.31,Basic,39,Australia,1,19.98
C000380,2023-04-29,Organic,23.62,Basic,53,UK,1,69.94
C000381,2023-02-21,Affiliate,57.4,Premium,48,Australia,1,439.89
C000382,2022-07-24,Social Media,46.06,Standard,23,Australia,1,79.96
C000383,2023-08-11,Paid Search,87.46,Standard,20,UK,1,19.99
C000384,2023-03-04,Paid Search,115.37,Basic,43,Germany,1,59.94
C000385,2022-07-10,Affiliate,58.49,Premium,20,US,1,39.99
C000386,2022-11-02,Email,44.11,Premium,39,Canada,0,559.86
C000387,2023-04-11,Affiliate,41.73,Basic,26,France,1,9.99
C000388,2023-04-25,Social Media,39.64,Basic,28,Australia,0,339.72
C000389,2023-04-15,Affiliate,30.29,Basic,65,Canada,0,139.86
C000390,2022-10-30,Email,46.98,Basic,57,Australia,1,9.99
C000391,2023-02-20,Referral,40.61,Basic,60,US,1,19.98
C000392,2022-07-09,Paid Search,83.42,Premium,18,Canada,1,39.99
C000393,2023-01-28,Paid Search,81.27,Basic,39,Canada,1,9.99
C000394,2023-08-20,Affiliate,42.92,Basic,41,Australia,1,259.8
C000395,2022-08-30,Organic,23.36,Basic,28,Germany,1,19.98
C000396,2023-05-30,Affiliate,50.79,Standard,58,Canada,1,299.85
C000397,2023-01-12,Email,28.83,Premium,48,UK,1,319.92
C000398,2023-04-11,Affiliate,59.55,Basic,62,France,0,409.73
C000399,2023-04-28,Email,52.08,Standard,33,Australia,0,519.74
C000400,2023-09-03,Organic,20.51,Standard,41,US,1,39.98
C000401,2023-08-01,Organic,11.24,Standard,50,UK,0,459.77
C000402,2023-08-10,Email,25.99,Basic,51,Germany,1,259.74
C000403,2022-04-30,Affiliate,28.22,Standard,23,France,1,159.92
C000404,2023-04-02,Organic,19.07,Standard,47,France,1,139.93
C000405,2022-03-01,Email,38.5,Standard,64,US,1,199.9
C000406,2023-02-10,Social Media,70.82,Standard,55,US,1,99.95
C000407,2022-02-16,Referral,33.78,Basic,21,US,1,179.88
C000408,2023-04-29,Organic,15.74,Basic,26,Australia,1,179.9
C000409,2023-10-24,Referral,34.98,Premium,46,Germany,0,79.98
C000410,2023-01-20,Organic,23.65,Standard,52,UK,1,19.99
C000411,2023-11-01,Social Media,35.93,Premium,43,France,1,39.99
C000412,2022-05-11,Affiliate,59.15,Standard,19,Canada,0,139.93
C000413,2023-04-20,Affiliate,48.76,Basic,42,UK,0,209.79
C000414,2022-09-11,Referral,33.85,Basic,64,US,1,19.98
C000415,2022-02-02,Affiliate,36.77,Standard,19,UK,1,399.8
C000416,2022-07-31,Organic,12.02,Basic,56,Australia,0,69.93
C000417,2022-02-19,Paid Search,101.84,Basic,32,France,1,19.98
C000418,2022-08-11,Organic,12.8,Premium,32,Australia,1,199.95
C000419,2023-08-13,Social Media,58.87,Standard,38,UK,1,39.98
C000420,2022-11-06,Paid Search,119.0,Standard,44,Canada,1,399.8
C000421,2022-10-09,Organic,21.13,Standard,65,UK,1,299.85
C000422,2023-10-04,Affiliate,37.09,Basic,40,Australia,0,429.72
C000423,2023-11-19,Referral,51.43,Basic,44,Germany,1,0.0
C000424,2022-06-02,Social Media,48.82,Standard,48,UK,1,139.93
C000425,2022-08-19,Social Media,72.88,Basic,47,US,1,9.99
C000426,2023-07-30,Referral,58.71,Standard,26,Germany,1,19.99
C000427,2022-09-06,Social Media,40.17,Standard,46,Canada,1,119.94
C000428,2022-04-05,Email,48.98,Basic,35,Germany,1,49.97
C000429,2023-11-21,Email,44.12,Premium,30,France,1,559.86
C000430,2023-11-19,Email,28.68,Basic,39,Canada,0,9.99
C000431,2022-01-16,Paid Search,115.6,Premium,25,Australia,1,119.97
C000432,2023-05-06,Paid Search,98.69,Standard,43,UK,1,79.96
C000433,2023-07-20,Social Media,68.78,Basic,52,Australia,1,39.96
C000434,2023-01-03,Social Media,43.08,Standard,49,Germany,0,619.69
C000435,2022-04-11,Affiliate,38.78,Standard,31,Canada,1,19.99
C000436,2022-11-17,Referral,21.83,Premium,65,UK,1,519.87
C000437,2022-01-17,Social Media,57.67,Standard,64,Germany,1,39.98
C000438,2022-10-30,Paid Search,63.73,Basic,54,UK,1,29.97
C000439,2023-05-27,Email,46.18,Standard,34,Germany,1,79.96
C000440,2023-10-20,Affiliate,39.62,Basic,40,UK,0,59.94
C000441,2022-05-24,Affiliate,41.86,Basic,52,Australia,0,139.86
C000442,2022-03-02,Email,21.35,Standard,60,US,1,79.96
C000443,2022-01-07,Referral,25.5,Standard,22,Australia,1,99.95
C000444,2022-06-04,Organic,14.37,Basic,21,France,1,89.91
C000445,2023-10-16,Affiliate,57.36,Premium,60,Germany,0,1319.67
C000446,2022-01-17,Organic,20.64,Basic,19,France,0,179.82
C000447,2022-10-09,Email,59.1,Basic,62,Australia,0,379.65
C000448,2023-03-17,Paid Search,57.49,Basic,27,UK,0,49.95
C000449,2022-07-16,Email,41.06,Standard,35,Germany,1,219.89
C000450,2022-03-22,Social Media,77.96,Basic,33,Australia,1,139.86
C000451,2022-08-20,Social Media,64.2,Standard,59,Australia,1,19.99
C000452,2022-02-02,Organic,18.11,Basic,48,US,1,9.99
C000453,2023-10-15,Organic,24.06,Basic,45,Australia,0,19.98
C000454,2022-12-06,Email,59.09,Premium,51,US,1,559.86
C000455,2022-08-24,Paid Search,113.09,Standard,54,Germany,1,79.96
C000456,2022-10-05,Organic,28.48,Standard,35,France,1,59.97
C000457,2023-08-01,Affiliate,21.32,Premium,38,US,0,839.79
C000458,2022-08-01,Email,25.77,Standard,43,US,1,79.96
C000459,2022-11-03,Paid Search,89.48,Standard,42,Australia,1,139.93
C000460,2023-07-08,Social Media,49.19,Standard,62,Australia,0,479.76
C000461,2022-03-22,Email,49.82,Basic,24,Germany,1,79.92
C000462,2022-08-26,Organic,16.81,Standard,56,Germany,1,299.85
C000463,2022-12-01,Organic,22.68,Standard,46,Germany,1,59.97
C000464,2022-08-22,Social Media,57.65,Basic,29,Australia,1,49.96
C000465,2023-08-23,Affiliate,35.2,Standard,36,UK,1,39.98
C000466,2022-03-17,Organic,15.36,Basic,58,UK,0,239.76
C000467,2023-02-03,Social Media,48.04,Basic,37,Germany,1,29.97
C000468,2023-01-04,Social Media,35.11,Basic,45,Germany,1,19.98
C000469,2023-07-25,Email,40.5,Basic,23,Canada,0,519.74
C000470,2023-07-22,Organic,21.94,Standard,42,US,1,39.98
C000471,2022-10-26,Referral,35.51,Basic,53,UK,0,209.84
C000472,2023-08-09,Email,26.78,Basic,26,Canada,0,59.94
C000473,2022-11-05,Social Media,54.66,Basic,45,Canada,0,49.95
C000474,2023-03-08,Social Media,54.21,Basic,34,UK,1,39.96
C000475,2023-10-03,Referral,43.75,Basic,24,UK,0,169.83
C000476,2022-11-08,Organic,28.98,Basic,57,Germany,1,9.99
C000477,2022-12-04,Referral,33.39,Standard,59,France,1,39.98
C000478,2022-05-20,Social Media,46.03,Premium,30,Germany,0,839.79
C000479,2022-11-18,Paid Search,117.52,Premium,36,Australia,0,799.8
C000480,2023-10-11,Referral,58.71,Standard,38,Germany,1,39.98
C000481,2022-10-15,Referral,34.6,Premium,30,France,1,119.97
C000482,2023-07-13,Paid Search,97.72,Standard,64,Germany,1,19.99
C000483,2022-08-03,Referral,51.91,Standard,22,Germany,1,199.9
C000484,2023-11-21,Referral,25.57,Basic,34,Australia,0,439.73
C000485,2022-06-07,Affiliate,36.93,Basic,46,France,1,9.99
C000486,2023-05-06,Email,36.03,Standard,62,Germany,0,559.72
C000487,2023-07-11,Organic,25.81,Basic,52,France,0,329.68
C000488,2023-10-16,Organic,12.19,Basic,60,Canada,1,29.97
C000489,2022-06-20,Affiliate,44.51,Standard,59,Australia,1,99.95
C000490,2023-10-25,Referral,58.67,Basic,45,US,1,199.8
C000491,2022-01-11,Organic,15.17,Standard,51,France,0,679.66
C000492,2023-08-18,Affiliate,43.01,Basic,43,Germany,0,9.99
C000493,2023-11-27,Email,47.62,Basic,19,Germany,1,9.99
C000494,2022-04-18,Social Media,50.8,Premium,25,Australia,1,279.93
C000495,2022-05-26,Social Media,45.59,Basic,31,France,0,59.94
C000496,2023-05-10,Social Media,53.81,Basic,62,Germany,1,99.9
C000497,2022-11-23,Organic,16.01,Standard,25,US,1,39.98
C000498,2022-12-18,Affiliate,24.37,Standard,65,UK,0,139.93
C000499,2023-06-13,Paid Search,88.63,Basic,45,Germany,1,39.96
C000500,2022-08-26,Referral,45.19,Basic,60,Germany,1,9.99
C000501,2023-02-10,Organic,24.75,Premium,46,France,1,159.96
C000502,2023-03-16,Referral,20.18,Basic,35,Australia,0,159.84
C000503,2022-03-06,Email,24.07,Premium,29,Canada,1,199.95
C000504,2022-11-30,Paid Search,82.03,Basic,49,France,1,39.96
C000505,2023-10-17,Social Media,59.85,Standard,55,US,0,359.82
C000506,2022-12-23,Social Media,72.28,Standard,61,Australia,1,59.97
C000507,2022-11-01,Email,43.61,Standard,38,US,1,19.99
C000508,2022-09-02,Social Media,35.85,Basic,27,France,1,9.99
C000509,2023-02-02,Referral,43.86,Standard,45,UK,1,39.98
C000510,2023-05-14,Affiliate,41.5,Premium,29,France,1,79.98
C000511,2022-06-20,Referral,31.55,Basic,46,France,1,119.88
C000512,2022-02-24,Social Media,77.59,Basic,30,Germany,1,9.99
C000513,2023-07-30,Email,46.12,Basic,49,Germany,1,109.89
C000514,2023-03-31,Referral,26.69,Standard,32,Canada,0,579.71
C000515,2022-02-03,Social Media,41.24,Basic,47,France,1,99.9
C000516,2023-05-23,Email,40.43,Standard,35,France,1,19.99
C000517,2023-01-11,Email,52.9,Basic,64,Germany,1,179.82
C000518,2023-07-14,Paid Search,119.28,Basic,59,UK,1,169.89
C000519,2022-11-01,Organic,18.99,Basic,23,Germany,0,29.97
C000520,2022-05-01,Paid Search,64.69,Standard,62,Canada,1,219.89
C000521,2023-09-17,Affiliate,37.13,Standard,31,UK,1,79.96
C000522,2022-03-02,Email,34.03,Basic,52,UK,1,29.97
C000523,2022-11-28,Affiliate,31.71,Standard,50,Australia,1,79.96
C000524,2022-04-08,Paid Search,117.39,Standard,21,Canada,0,659.67
C000525,2023-11-03,Paid Search,99.1,Basic,27,Australia,1,9.99
C000526,2022-11-26,Paid Search,103.3,Standard,49,UK,1,59.97
C000527,2023-08-15,Affiliate,30.75,Basic,46,US,1,19.98
C000528,2023-10-11,Organic,18.06,Standard,62,Canada,1,99.95
C000529,2023-04-11,Referral,33.09,Basic,64,US,1,29.97
C000530,2023-04-15,Affiliate,46.57,Basic,22,France,1,79.92
C000531,2023-02-12,Paid Search,117.77,Standard,49,Canada,1,19.99
C000532,2022-11-27,Social Media,46.89,Standard,54,Germany,1,199.9
C000533,2022-12-18,Affiliate,50.49,Basic,58,Germany,1,9.99
C000534,2022-01-17,Organic,28.59,Basic,47,US,1,19.98
C000535,2023-03-15,Paid Search,119.7,Premium,59,Canada,0,399.9
C000536,2022-06-12,Social Media,34.67,Basic,23,Canada,1,139.86
C000537,2023-11-12,Affiliate,26.62,Basic,37,Australia,1,79.92
C000538,2022-08-28,Referral,46.22,Standard,18,UK,1,319.84
C000539,2023-05-04,Organic,12.65,Basic,61,Germany,0,589.64
C000540,2022-01-10,Organic,23.91,Standard,45,Australia,1,239.88
C000541,2022-05-16,Referral,22.83,Basic,64,US,0,79.92
C000542,2022-04-16,Social Media,48.38,Basic,42,UK,1,49.95
C000543,2023-10-19,Affiliate,25.71,Standard,18,France,0,19.99
C000544,2023-10-28,Paid Search,80.81,Standard,58,Australia,0,19.99
C000545,2022-06-05,Referral,44.64,Basic,31,US,1,99.9
C000546,2022-04-13,Paid Search,102.67,Standard,42,Canada,1,19.99
C000547,2023-03-16,Social Media,69.55,Basic,59,US,0,19.98
C000548,2022-09-12,Email,44.04,Standard,36,Australia,1,239.88
C000549,2022-01-28,Affiliate,55.03,Basic,56,France,0,349.65
C000550,2022-07-13,Affiliate,35.67,Standard,33,Germany,1,19.99
C000551,2023-01-31,Organic,14.82,Standard,22,France,1,39.98
C000552,2022-01-13,Social Media,76.7,Basic,54,Germany,1,149.85
C000553,2023-01-10,Email,47.32,Standard,22,US,0,19.99
C000554,2023-08-25,Organic,10.28,Basic,21,Germany,1,79.92
C000555,2023-06-03,Social Media,61.43,Standard,44,Germany,1,139.93
C000556,2023-02-16,Organic,22.81,Standard,27,Canada,0,19.99
C000557,2022-03-27,Social Media,33.95,Premium,27,France,0,39.99
C000558,2022-12-01,Referral,43.46,Standard,59,Australia,1,99.95
C000559,2023-10-21,Organic,16.2,Basic,33,US,1,9.99
C000560,2022-09-08,Organic,28.49,Basic,57,France,1,19.98
C000561,2022-02-26,Social Media,63.3,Standard,29,US,1,19.99
C000562,2022-01-13,Affiliate,25.49,Basic,49,Canada,1,9.99
C000563,2023-06-20,Email,51.32,Standard,28,Canada,1,279.86
C000564,2022-05-10,Affiliate,51.24,Basic,25,US,1,19.98
C000565,2022-12-10,Referral,30.88,Basic,63,France,1,39.96
C000566,2023-10-05,Organic,19.92,Standard,21,Germany,1,79.96
C000567,2023-08-04,Paid Search,75.74,Basic,24,France,0,99.9
C000568,2023-11-22,Affiliate,24.61,Standard,18,US,1,59.97
C000569,2022-01-13,Paid Search,53.22,Basic,27,UK,0,39.96
C000570,2022-02-06,Email,52.12,Standard,59,Germany,1,79.96
C000571,2022-08-18,Social Media,42.41,Premium,38,Canada,0,359.91
C000572,2022-03-21,Email,34.91,Standard,21,UK,1,39.98
C000573,2022-08-17,Email,59.26,Premium,22,Germany,1,239.94
C000574,2022-10-17,Social Media,46.37,Standard,18,Canada,1,79.96
C000575,2022-07-25,Social Media,58.19,Basic,57,UK,1,29.98
C000576,2023-04-21,Social Media,59.58,Basic,30,Australia,1,9.99
C000577,2023-07-14,Paid Search,60.54,Premium,19,UK,1,79.98
C000578,2023-07-09,Social Media,61.8,Standard,18,Canada,1,39.98
C000579,2022-01-02,Affiliate,35.05,Standard,37,US,1,19.99
C000580,2022-07-30,Email,59.32,Basic,21,UK,1,139.86
C000581,2022-10-14,Organic,10.88,Basic,51,Germany,1,19.98
C000582,2023-01-17,Referral,58.98,Basic,24,France,1,89.91
C000583,2022-05-17,Affiliate,52.8,Basic,54,US,1,9.99
C000584,2023-03-22,Affiliate,58.57,Basic,34,Canada,0,9.99
C000585,2023-02-07,Affiliate,53.28,Basic,46,Canada,1,9.99
C000586,2022-08-28,Organic,28.87,Basic,55,US,1,9.99
C000587,2022-06-09,Organic,13.29,Basic,44,US,0,139.86
C000588,2023-07-03,Social Media,78.23,Basic,37,Germany,1,39.96
C000589,2022-09-29,Organic,11.81,Standard,37,Australia,0,479.76
C000590,2023-09-10,Organic,14.3,Premium,27,US,1,119.97
C000591,2022-09-12,Social Media,49.81,Basic,37,Canada,1,19.98
C000592,2022-06-28,Organic,29.04,Premium,53,Australia,1,79.98
C000593,2023-07-18,Paid Search,56.63,Basic,26,US,0,449.72
C000594,2022-01-13,Organic,26.61,Premium,26,UK,1,159.96
C000595,2023-02-15,Social Media,64.31,Premium,23,France,1,39.99
C000596,2023-08-24,Social Media,75.87,Basic,22,UK,1,19.98
C000597,2023-10-24,Referral,52.37,Basic,39,US,1,69.93
C000598,2022-02-13,Referral,22.03,Premium,45,Australia,1,39.99
C000599,2023-02-09,Referral,21.18,Standard,29,Canada,1,19.99
C000600,2022-08-08,Paid Search,69.25,Basic,27,US,1,19.98
C000601,2023-09-21,Email,44.68,Standard,49,Germany,0,359.82
C000602,2023-07-18,Referral,22.44,Basic,26,Germany,1,69.94
C000603,2022-07-24,Affiliate,55.39,Standard,58,France,1,459.77
C000604,2022-01-20,Referral,51.28,Basic,52,Germany,0,19.98
C000605,2022-12-19,Email,40.1,Basic,29,US,1,9.99
C000606,2022-11-23,Email,28.76,Premium,35,US,1,39.99
C000607,2023-04-29,Email,34.3,Standard,32,UK,0,479.76
C000608,2022-04-13,Paid Search,95.98,Basic,65,US,1,199.81
C000609,2022-08-13,Email,53.86,Standard,40,UK,1,179.91
C000610,2022-06-30,Paid Search,91.48,Standard,62,Canada,0,419.79
C000611,2023-08-29,Organic,24.07,Basic,54,France,1,79.95
C000612,2022-05-26,Email,57.93,Standard,49,France,1,99.95
C000613,2022-11-13,Paid Search,84.33,Basic,32,France,1,9.99
C000614,2022-08-13,Organic,20.53,Basic,57,UK,1,19.98
C000615,2022-05-14,Social Media,65.85,Premium,38,US,1,199.93
C000616,2022-01-23,Paid Search,91.06,Premium,25,France,1,119.97
C000617,2023-01-09,Organic,17.47,Premium,43,France,1,39.99
C000618,2022-04-14,Social Media,45.09,Basic,28,Australia,1,49.95
C000619,2023-03-24,Affiliate,58.43,Standard,29,Australia,0,299.85
C000620,2023-07-30,Affiliate,55.58,Standard,40,UK,1,79.96
C000621,2023-11-13,Email,52.58,Basic,64,Australia,0,349.76
C000622,2022-10-29,Paid Search,62.44,Basic,62,France,1,39.97
C000623,2023-02-05,Email,21.3,Standard,57,UK,1,379.81
C000624,2023-10-17,Email,24.16,Basic,39,Australia,1,29.97
C000625,2022-03-21,Paid Search,74.28,Basic,58,US,1,19.98
C000626,2023-11-18,Affiliate,49.17,Basic,18,Canada,1,9.99
C000627,2022-08-03,Paid Search,98.52,Basic,24,Australia,1,29.97
C000628,2022-01-02,Organic,17.72,Standard,28,Germany,1,19.99
C000629,2023-05-20,Referral,34.05,Basic,48,France,0,129.87
C000630,2023-10-29,Affiliate,29.02,Basic,20,Canada,1,109.89
C000631,2022-01-21,Social Media,43.06,Basic,39,UK,0,309.83
C000632,2023-01-20,Paid Search,101.24,Standard,23,Canada,1,239.88
C000633,2023-09-01,Email,55.73,Standard,45,Australia,0,419.79
C000634,2022-06-18,Email,55.59,Basic,24,Canada,1,9.99
C000635,2022-07-30,Paid Search,78.65,Standard,64,France,1,79.96
C000636,2022-09-29,Affiliate,31.26,Basic,21,Germany,1,9.99
C000637,2023-08-09,Email,53.59,Basic,41,US,0,19.98
C000638,2023-03-14,Organic,15.89,Standard,56,Germany,1,59.97
C000639,2022-07-24,Organic,10.51,Basic,36,US,1,119.88
C000640,2023-04-30,Organic,16.17,Basic,49,Australia,1,9.99
C000641,2022-09-29,Organic,22.84,Basic,41,Germany,1,39.96
C000642,2023-01-14,Paid Search,81.2,Basic,47,Canada,1,9.99
C000643,2022-08-20,Social Media,58.21,Basic,62,Australia,0,9.99
C000644,2022-04-10,Organic,23.36,Standard,44,France,0,479.76
C000645,2022-08-21,Email,22.44,Basic,51,Germany,0,59.94
C000646,2023-07-03,Affiliate,54.68,Basic,33,Germany,1,9.99
C000647,2022-11-03,Organic,17.9,Premium,20,France,1,159.96
C000648,2023-08-08,Email,52.02,Standard,57,UK,1,299.85
C000649,2022-05-04,Referral,26.92,Premium,31,UK,1,159.96
C000650,2022-05-10,Organic,18.47,Premium,45,UK,1,1039.74
C000651,2023-10-05,Paid Search,108.39,Basic,64,US,1,19.98
C000652,2022-03-31,Referral,42.25,Standard,35,France,1,59.97
C000653,2023-04-15,Organic,25.73,Standard,51,Germany,1,19.99
C000654,2022-04-26,Referral,25.99,Standard,55,US,1,99.95
C000655,2022-04-19,Email,51.18,Standard,52,Canada,0,619.69
C000656,2023-02-25,Social Media,49.15,Basic,56,Germany,1,9.99
C000657,2022-02-08,Paid Search,69.28,Basic,56,Australia,1,9.99
C000658,2023-02-16,Organic,17.92,Premium,62,UK,0,539.86
C000659,2022-02-20,Affiliate,39.01,Basic,41,US,1,9.99
C000660,2022-12-12,Social Media,45.55,Standard,62,Australia,0,239.88
C000661,2022-04-11,Paid Search,59.41,Premium,46,Canada,1,39.99
C000662,2022-10-03,Affiliate,36.67,Standard,30,Germany,1,39.98
C000663,2022-08-05,Referral,49.64,Standard,41,US,1,99.95
C000664,2023-06-12,Paid Search,54.59,Standard,43,UK,0,519.74
C000665,2023-06-21,Email,21.16,Basic,30,US,1,129.87
C000666,2022-09-13,Organic,19.13,Premium,63,UK,0,1159.71
C000667,2022-10-08,Social Media,71.18,Standard,58,US,1,419.79
C000668,2023-11-29,Organic,14.84,Basic,46,UK,1,39.96
C000669,2023-05-01,Email,42.05,Basic,34,Australia,1,19.98
C000670,2022-04-03,Social Media,31.37,Basic,54,UK,1,19.98
C000671,2022-08-15,Affiliate,29.0,Basic,59,Germany,1,29.97
C000672,2023-06-10,Organic,27.29,Premium,61,US,1,199.95
C000673,2023-05-01,Paid Search,95.32,Standard,18,UK,1,39.98
C000674,2022-09-16,Email,52.2,Basic,63,Australia,1,59.94
C000675,2022-10-09,Referral,55.82,Premium,47,Canada,0,719.82
C000676,2022-08-12,Referral,32.09,Standard,57,Germany,1,59.97
C000677,2023-08-22,Organic,10.15,Premium,41,France,1,39.99
C000678,2023-10-25,Email,44.36,Basic,24,Germany,0,119.88
C000679,2022-03-07,Social Media,79.42,Standard,35,Canada,1,579.71
C000680,2023-11-03,Affiliate,58.09,Standard,30,UK,1,39.98
C000681,2023-06-14,Paid Search,112.98,Standard,56,Germany,0,279.86
C000682,2023-11-08,Social Media,64.04,Standard,59,Germany,0,39.98
C000683,2022-10-30,Social Media,75.35,Basic,65,US,1,9.99
C000684,2023-08-21,Affiliate,59.79,Standard,39,Australia,0,99.95
C000685,2022-08-16,Affiliate,41.39,Standard,60,Canada,0,599.7
C000686,2023-06-04,Social Media,72.27,Standard,53,UK,1,19.99
C000687,2022-10-28,Organic,19.42,Standard,64,France,1,219.89
C000688,2022-07-07,Affiliate,55.98,Standard,32,Canada,0,39.98
C000689,2022-08-17,Affiliate,54.86,Basic,39,Canada,1,149.85
C000690,2022-09-24,Email,31.76,Premium,48,US,0,39.99
C000691,2023-10-12,Email,43.21,Standard,48,UK,1,119.94
C000692,2023-05-28,Organic,27.35,Basic,37,Germany,1,89.91
C000693,2022-02-25,Paid Search,59.62,Basic,44,France,1,79.92
C000694,2023-04-14,Paid Search,72.15,Standard,23,Germany,1,39.98
C000695,2022-12-07,Affiliate,59.47,Basic,21,US,1,19.98
C000696,2023-04-08,Social Media,40.47,Standard,54,UK,1,39.98
C000697,2023-05-17,Organic,12.59,Basic,45,Germany,1,19.98
C000698,2023-03-16,Referral,35.33,Basic,30,Australia,1,19.98
C000699,2023-01-18,Organic,27.84,Standard,51,UK,0,39.98
C000700,2022-01-19,Affiliate,20.16,Standard,32,Australia,1,419.79
C000701,2022-12-19,Social Media,36.45,Basic,55,Canada,0,9.99
C000702,2022-06-21,Organic,26.48,Basic,36,Germany,1,9.99
C000703,2023-06-17,Email,40.96,Basic,61,UK,1,9.99
C000704,2022-12-17,Referral,34.37,Basic,43,US,1,9.99
C000705,2022-08-22,Paid Search,100.9,Basic,64,US,1,29.97
C000706,2023-08-27,Email,26.76,Basic,59,US,1,49.95
C000707,2023-01-20,Affiliate,30.23,Standard,21,France,0,39.98
C000708,2022-02-19,Affiliate,24.32,Standard,21,Australia,0,699.65
C000709,2022-04-29,Referral,37.77,Basic,34,Germany,1,9.99
C000710,2022-06-06,Paid Search,98.66,Standard,37,Germany,1,159.92
C000711,2023-11-09,Organic,23.25,Basic,56,Australia,1,89.91
C000712,2022-05-21,Referral,53.23,Basic,64,France,1,59.94
C000713,2022-05-01,Social Media,35.7,Basic,30,France,1,69.93
C000714,2022-07-24,Social Media,71.57,Premium,40,Australia,0,1199.7
C000715,2023-02-24,Social Media,38.02,Standard,31,Australia,1,19.99
C000716,2023-05-08,Social Media,41.73,Basic,23,US,1,19.98
C000717,2023-08-11,Affiliate,39.76,Premium,50,US,1,239.94
C000718,2022-04-14,Social Media,62.22,Basic,36,Canada,1,9.99
C000719,2023-04-21,Organic,12.0,Basic,20,Canada,0,119.88
C000720,2023-01-04,Affiliate,32.51,Standard,24,US,1,59.97
C000721,2022-01-10,Paid Search,96.43,Basic,40,Germany,0,9.99
C000722,2023-09-29,Social Media,73.92,Basic,39,UK,0,389.8
C000723,2022-04-27,Referral,36.01,Basic,42,Australia,0,319.68
C000724,2023-05-05,Referral,45.95,Standard,25,UK,1,299.85
C000725,2022-03-02,Paid Search,57.26,Premium,48,France,0,79.98
C000726,2023-11-26,Referral,27.25,Basic,40,France,1,49.95
C000727,2022-01-30,Affiliate,55.2,Standard,26,Germany,1,19.99
C000728,2023-05-15,Organic,27.75,Basic,22,Canada,1,9.99
C000729,2023-11-02,Social Media,30.62,Premium,51,Australia,0,1159.71
C000730,2023-08-14,Affiliate,42.6,Premium,60,Canada,1,479.88
C000731,2023-06-16,Email,47.53,Standard,45,Australia,1,119.94
C000732,2022-09-12,Referral,33.83,Standard,42,UK,1,39.98
C000733,2023-07-26,Email,22.18,Standard,28,France,1,299.85
C000734,2023-04-26,Referral,54.78,Basic,49,Canada,1,49.95
C000735,2022-09-04,Social Media,78.51,Basic,32,France,1,9.99
C000736,2023-10-21,Referral,36.13,Basic,47,Germany,1,169.83
C000737,2023-08-10,Referral,23.52,Basic,38,US,1,59.94
C000738,2023-05-25,Affiliate,46.13,Basic,44,US,1,29.97
C000739,2023-07-25,Email,20.01,Basic,56,France,1,69.93
C000740,2023-10-15,Social Media,74.51,Standard,59,Australia,1,59.97
C000741,2023-04-13,Social Media,48.17,Basic,32,Germany,1,119.88
C000742,2022-12-06,Email,50.7,Standard,63,Australia,0,39.98
C000743,2023-01-08,Affiliate,38.1,Basic,60,UK,0,39.96
C000744,2022-01-03,Social Media,47.76,Standard,36,France,0,579.71
C000745,2023-06-19,Social Media,65.1,Basic,28,Germany,1,9.99
C000746,2022-05-24,Affiliate,49.7,Basic,34,France,1,39.96
C000747,2022-07-20,Paid Search,58.45,Premium,31,Germany,0,459.86
C000748,2022-07-15,Affiliate,33.52,Standard,20,Australia,0,59.97
C000749,2023-11-20,Email,24.93,Premium,47,Australia,1,199.95
C000750,2023-08-27,Email,25.39,Basic,51,Australia,1,49.95
C000751,2022-02-19,Email,57.41,Standard,48,France,0,19.99
C000752,2022-07-01,Affiliate,43.14,Standard,26,US,1,99.95
C000753,2023-02-01,Affiliate,44.02,Premium,50,Germany,1,39.99
C000754,2023-03-05,Email,56.64,Standard,35,Germany,1,39.98
C000755,2022-12-18,Social Media,52.64,Basic,44,France,1,19.98
C000756,2023-06-09,Social Media,72.15,Standard,38,Australia,1,19.99
C000757,2023-07-21,Affiliate,28.69,Basic,63,Canada,1,9.99
C000758,2022-12-20,Affiliate,25.31,Standard,29,France,1,139.93
C000759,2023-07-10,Affiliate,45.48,Standard,40,France,1,19.99
C000760,2023-05-07,Email,42.83,Standard,44,Australia,1,259.87
C000761,2023-07-01,Social Media,73.87,Basic,18,France,1,9.99
C000762,2022-04-20,Organic,17.62,Basic,21,UK,1,9.99
C000763,2022-10-01,Paid Search,118.85,Standard,27,US,1,119.94
C000764,2022-10-30,Paid Search,102.75,Basic,46,US,1,59.94
C000765,2023-09-23,Affiliate,49.58,Premium,65,Australia,1,399.9
C000766,2023-07-29,Referral,29.5,Standard,62,Canada,1,19.99
C000767,2023-11-12,Organic,28.53,Basic,61,Canada,1,29.97
C000768,2023-07-20,Organic,10.26,Basic,57,Germany,1,19.98
C000769,2022-08-19,Affiliate,48.19,Standard,55,France,0,19.99
C000770,2023-09-10,Paid Search,104.33,Premium,36,Germany,1,559.86
C000771,2022-07-01,Affiliate,22.98,Premium,65,France,0,79.98
C000772,2022-05-03,Referral,21.63,Basic,34,UK,1,19.98
C000773,2022-06-14,Email,53.84,Basic,47,Australia,1,249.77
C000774,2022-06-08,Organic,13.07,Basic,21,Australia,1,79.92
C000775,2023-09-23,Affiliate,32.05,Standard,53,Canada,0,599.7
C000776,2022-03-16,Affiliate,32.71,Basic,29,France,1,19.98
C000777,2022-03-11,Email,26.37,Standard,43,US,1,179.91
C000778,2022-12-24,Paid Search,111.84,Standard,39,Canada,1,19.99
C000779,2022-10-28,Paid Search,116.52,Standard,48,France,1,319.84
C000780,2023-10-27,Organic,12.29,Basic,33,Australia,1,19.98
C000781,2023-09-21,Email,29.75,Basic,38,Germany,1,39.96
C000782,2022-04-27,Referral,30.26,Standard,19,France,1,39.98
C000783,2023-01-19,Email,52.11,Basic,20,Canada,0,39.96
C000784,2023-10-30,Paid Search,72.42,Basic,24,UK,1,389.79
C000785,2023-07-05,Email,20.29,Basic,60,Australia,1,9.99
C000786,2022-08-07,Affiliate,36.97,Basic,52,Australia,1,39.96
C000787,2023-03-22,Affiliate,52.67,Basic,61,UK,0,69.93
C000788,2022-01-25,Referral,48.67,Basic,22,US,1,9.99
C000789,2022-07-02,Social Media,57.9,Standard,32,Canada,1,39.98
C000790,2023-02-22,Referral,38.05,Basic,38,US,0,239.76
C000791,2023-02-03,Affiliate,24.73,Basic,64,France,0,19.98
C000792,2022-03-06,Affiliate,43.42,Standard,22,Canada,1,159.92
C000793,2023-05-30,Organic,15.8,Standard,56,US,0,459.77
C000794,2022-10-16,Referral,35.26,Standard,19,Germany,1,159.92
C000795,2022-06-10,Email,28.79,Standard,52,Canada,1,19.99
C000796,2023-10-12,Paid Search,70.86,Premium,64,Australia,1,39.99
C000797,2023-01-18,Organic,21.07,Standard,25,US,0,159.92
C000798,2022-01-06,Email,43.87,Standard,23,Canada,0,379.81
C000799,2022-08-04,Affiliate,49.66,Standard,31,Germany,0,19.99
C000800,2023-10-24,Email,25.7,Basic,57,Canada,1,19.98
C000801,2022-07-18,Organic,13.63,Standard,21,France,1,139.93
C000802,2023-04-18,Affiliate,41.99,Basic,22,Canada,1,9.99
C000803,2022-04-11,Paid Search,100.79,Basic,39,Canada,1,9.99
C000804,2022-05-12,Affiliate,46.22,Basic,57,US,0,39.96
C000805,2022-07-18,Social Media,54.29,Basic,60,Canada,1,269.83
C000806,2023-08-22,Paid Search,89.59,Basic,38,Germany,1,29.97
C000807,2022-06-22,Organic,16.26,Standard,63,Australia,1,19.99
C000808,2023-10-19,Referral,31.07,Basic,61,Australia,1,9.99
C000809,2022-12-06,Referral,38.51,Basic,37,Germany,0,9.99
C000810,2023-07-19,Organic,13.52,Standard,35,UK,1,119.94
C000811,2023-07-06,Paid Search,68.43,Premium,22,Australia,1,439.89
C000812,2022-03-19,Organic,26.99,Standard,55,France,0,139.93
C000813,2023-02-19,Email,28.51,Basic,34,France,0,39.96
C000814,2023-07-07,Referral,46.16,Basic,43,UK,1,19.98
C000815,2023-08-27,Affiliate,54.29,Basic,50,France,1,29.97
C000816,2022-04-03,Referral,34.55,Basic,33,France,1,259.86
C000817,2023-12-02,Paid Search,103.0,Basic,28,UK,1,109.89
C000818,2023-08-03,Email,46.38,Premium,65,Australia,1,599.85
C000819,2023-05-11,Social Media,32.02,Standard,32,US,1,439.78
C000820,2022-09-28,Social Media,41.7,Standard,51,Canada,0,19.99
C000821,2023-02-02,Referral,56.72,Premium,20,Australia,1,119.97
C000822,2022-11-28,Organic,24.07,Standard,35,Australia,1,19.99
C000823,2022-09-27,Email,41.77,Basic,59,Germany,1,29.97
C000824,2023-01-10,Email,46.13,Standard,51,Canada,1,39.98
C000825,2023-01-21,Paid Search,86.15,Basic,40,Germany,0,89.91
C000826,2023-05-09,Email,20.26,Premium,46,UK,1,919.77
C000827,2022-08-24,Organic,20.29,Basic,27,UK,1,19.98
C000828,2022-06-11,Social Media,60.1,Standard,60,UK,1,19.99
C000829,2023-03-01,Social Media,66.01,Basic,48,Germany,1,279.81
C000830,2022-08-04,Email,26.45,Standard,19,UK,1,139.93
C000831,2022-02-14,Paid Search,90.14,Basic,58,France,1,129.87
C000832,2022-02-10,Email,25.87,Basic,29,France,0,9.99
C000833,2023-02-20,Email,58.77,Standard,64,Australia,1,39.98
C000834,2023-11-09,Social Media,77.36,Basic,56,Germany,1,49.95
C000835,2023-05-09,Paid Search,65.36,Basic,27,France,0,29.97
C000836,2022-07-06,Email,46.39,Basic,64,Australia,1,9.99
C000837,2022-12-17,Referral,43.86,Basic,42,Germany,1,9.99
C000838,2022-05-16,Organic,10.33,Standard,50,Australia,0,119.94
C000839,2023-03-06,Paid Search,92.39,Basic,57,France,1,569.7
C000840,2022-02-09,Email,40.13,Basic,48,Australia,1,19.98
C000841,2022-05-14,Email,41.57,Basic,61,Australia,0,19.98
C000842,2023-03-18,Email,36.83,Premium,62,France,0,599.85
C000843,2023-03-16,Paid Search,115.69,Basic,42,Canada,1,79.93
C000844,2023-08-27,Affiliate,56.31,Standard,54,US,0,519.74
C000845,2023-03-12,Paid Search,67.82,Standard,23,Canada,1,39.98
C000846,2023-09-05,Email,36.35,Basic,63,Australia,1,9.99
C000847,2022-01-08,Email,40.9,Standard,42,Australia,1,279.86
C000848,2022-07-30,Affiliate,52.17,Basic,24,UK,0,9.99
C000849,2023-03-13,Affiliate,43.41,Basic,52,Germany,0,189.81
C000850,2023-08-02,Social Media,60.59,Premium,43,UK,1,39.99
C000851,2023-02-28,Email,51.35,Basic,41,France,1,9.99
C000852,2023-07-23,Referral,30.15,Basic,40,Australia,0,9.99
C000853,2023-02-12,Affiliate,25.52,Premium,25,Australia,0,679.83
C000854,2022-08-24,Referral,51.32,Premium,24,UK,1,439.89
C000855,2023-06-05,Referral,51.44,Standard,57,Australia,1,79.96
C000856,2023-12-02,Affiliate,22.08,Basic,58,US,0,219.78
C000857,2022-04-04,Paid Search,83.02,Standard,23,US,1,19.99
C000858,2022-09-27,Paid Search,75.96,Standard,64,Germany,1,239.88
C000859,2023-02-15,Email,46.25,Basic,56,US,1,49.95
C000860,2022-06-29,Affiliate,39.77,Basic,60,France,1,119.88
C000861,2022-10-20,Paid Search,52.35,Standard,51,Australia,1,159.92
C000862,2022-08-26,Email,26.78,Basic,33,Australia,1,189.81
C000863,2022-01-01,Paid Search,56.08,Basic,43,Canada,1,9.99
C000864,2023-11-17,Referral,36.22,Basic,18,Australia,1,9.99
C000865,2022-03-12,Organic,20.99,Standard,53,France,1,19.99
C000866,2022-12-23,Social Media,78.16,Basic,56,UK,1,9.99
C000867,2023-04-11,Referral,43.0,Basic,44,France,1,29.97
C000868,2022-04-20,Email,22.9,Basic,25,France,0,379.72
C000869,2022-09-21,Email,52.53,Standard,62,Germany,0,139.93
C000870,2023-01-22,Email,39.35,Basic,39,Germany,1,19.98
C000871,2023-11-29,Referral,55.86,Premium,48,US,1,39.99
C000872,2022-09-22,Organic,17.65,Standard,32,Australia,1,159.92
C000873,2022-08-24,Social Media,50.62,Basic,52,US,1,19.98
C000874,2022-09-27,Paid Search,70.11,Basic,65,Canada,1,9.99
C000875,2022-03-19,Email,57.26,Basic,40,UK,0,19.98
C000876,2023-08-11,Social Media,39.14,Standard,30,Germany,1,259.87
C000877,2022-07-24,Paid Search,101.48,Premium,31,UK,0,239.94
C000878,2022-07-27,Paid Search,108.54,Basic,24,US,1,9.99
C000879,2022-03-22,Affiliate,58.23,Basic,18,France,1,49.95
C000880,2022-02-13,Referral,34.85,Basic,54,Canada,0,269.73
C000881,2023-05-18,Paid Search,118.91,Premium,35,Germany,0,959.76
C000882,2022-08-16,Email,25.13,Standard,45,Germany,1,99.95
C000883,2023-07-08,Organic,20.05,Basic,61,UK,1,19.98
C000884,2023-04-14,Organic,23.96,Basic,62,US,1,69.93
C000885,2022-01-13,Affiliate,28.43,Standard,38,Canada,0,299.85
C000886,2023-09-20,Social Media,39.36,Basic,35,Germany,1,39.96
C000887,2023-09-20,Social Media,48.3,Basic,31,Germany,0,119.88
C000888,2023-01-17,Social Media,72.72,Basic,29,France,1,19.98
C000889,2022-05-15,Email,47.44,Standard,64,Canada,1,79.96
C000890,2022-08-30,Email,37.29,Basic,27,Australia,1,89.91
C000891,2022-06-03,Referral,52.23,Basic,49,UK,1,9.99
C000892,2023-10-08,Email,41.36,Basic,49,Canada,1,39.96
C000893,2022-09-14,Email,54.34,Basic,24,Australia,0,129.87
C000894,2022-06-17,Organic,14.31,Basic,58,US,1,49.95
C000895,2023-04-06,Affiliate,33.39,Basic,53,France,1,109.89
C000896,2022-09-21,Social Media,30.99,Basic,61,France,1,19.98
C000897,2022-07-23,Email,43.04,Standard,29,Canada,1,339.83
C000898,2022-12-30,Social Media,63.66,Basic,65,Germany,1,19.98
C000899,2022-03-22,Referral,44.55,Basic,27,UK,1,9.99
C000900,2023-10-18,Social Media,51.09,Standard,43,US,0,59.97
C000901,2022-03-23,Paid Search,74.05,Basic,59,Canada,1,29.97
C000902,2022-10-01,Email,45.79,Basic,46,Canada,0,119.88
C000903,2023-08-25,Email,58.62,Basic,29,US,0,119.88
C000904,2022-05-09,Affiliate,29.39,Basic,65,Australia,0,559.71
C000905,2022-03-23,Paid Search,61.68,Basic,22,Germany,0,59.94
C000906,2023-07-16,Organic,10.53,Basic,23,US,1,49.95
C000907,2022-09-26,Email,26.21,Standard,42,Canada,1,359.82
C000908,2022-08-23,Paid Search,101.63,Basic,26,UK,0,249.75
C000909,2023-06-24,Paid Search,52.0,Standard,38,Germany,1,19.99
C000910,2023-04-24,Email,57.39,Standard,26,Australia,0,19.99
C000911,2023-07-07,Paid Search,91.36,Basic,65,Australia,1,9.99
C000912,2023-08-01,Referral,40.94,Standard,37,Canada,0,99.95
C000913,2023-05-09,Email,29.09,Basic,37,Canada,0,659.66
C000914,2023-02-27,Social Media,37.79,Basic,51,UK,1,39.96
C000915,2022-12-19,Social Media,53.46,Basic,49,Germany,1,29.97
C000916,2022-11-03,Organic,25.32,Standard,56,UK,0,419.79
C000917,2022-01-08,Email,34.95,Basic,53,Germany,1,9.99
C000918,2023-02-09,Paid Search,61.43,Standard,42,Germany,1,59.97
C000919,2022-08-14,Social Media,33.96,Standard,51,France,1,39.98
C000920,2022-10-06,Social Media,62.42,Standard,35,Germany,1,39.98
C000921,2022-07-12,Organic,13.65,Basic,58,Germany,1,9.99
C000922,2023-09-25,Referral,30.89,Standard,30,Canada,0,599.7
C000923,2022-01-20,Paid Search,53.47,Standard,29,US,0,539.73
C000924,2022-10-16,Social Media,36.25,Basic,18,UK,1,9.99
C000925,2022-04-03,Paid Search,51.03,Basic,44,Canada,0,69.93
C000926,2023-05-26,Social Media,53.18,Standard,39,US,1,159.92
C000927,2022-05-30,Organic,15.33,Basic,52,Germany,0,459.72
C000928,2022-07-05,Paid Search,112.7,Basic,42,US,1,39.96
C000929,2022-05-05,Affiliate,29.96,Standard,46,UK,1,159.92
C000930,2022-02-04,Paid Search,82.26,Standard,51,Australia,1,19.99
C000931,2022-08-02,Referral,35.56,Premium,38,UK,1,39.99
C000932,2023-10-07,Affiliate,21.69,Premium,51,US,0,199.95
C000933,2022-09-17,Referral,45.54,Basic,21,Australia,1,49.95
C000934,2022-08-12,Organic,14.72,Basic,18,UK,0,49.95
C000935,2022-10-10,Email,24.79,Standard,18,US,1,199.9
C000936,2023-08-19,Affiliate,39.01,Standard,41,US,0,19.99
C000937,2022-09-12,Paid Search,84.99,Standard,39,Australia,0,379.81
C000938,2022-03-03,Organic,17.11,Basic,52,US,1,19.98
C000939,2022-05-09,Referral,29.31,Premium,59,Canada,1,39.99
C000940,2023-03-26,Affiliate,27.72,Standard,40,Australia,0,239.88
C000941,2022-05-18,Social Media,74.93,Basic,46,France,0,449.73
C000942,2022-10-29,Email,47.88,Basic,29,France,1,9.99
C000943,2022-12-23,Social Media,66.62,Basic,56,France,1,29.97
C000944,2022-06-14,Organic,20.62,Basic,34,France,1,99.9
C000945,2023-01-11,Referral,20.03,Standard,42,Australia,0,559.72
C000946,2022-07-09,Organic,22.39,Basic,57,UK,1,9.99
C000947,2022-11-25,Affiliate,22.53,Premium,42,UK,1,959.76
C000948,2023-06-21,Affiliate,39.9,Standard,57,Canada,1,19.99
C000949,2022-11-27,Referral,45.64,Basic,51,Australia,0,9.99
C000950,2022-03-10,Organic,26.7,Basic,20,UK,0,519.73
C000951,2022-04-20,Referral,27.66,Basic,59,Germany,1,29.97
C000952,2023-11-05,Referral,41.03,Standard,34,US,1,119.94
C000953,2023-01-11,Paid Search,92.42,Basic,31,Australia,1,19.98
C000954,2023-05-19,Organic,19.36,Standard,41,France,1,19.99
C000955,2023-03-02,Social Media,69.71,Basic,57,Canada,1,19.98
C000956,2023-06-26,Organic,24.69,Standard,22,UK,1,59.97
C000957,2023-06-16,Organic,12.02,Basic,42,UK,1,9.99
C000958,2022-07-17,Email,46.28,Standard,29,France,1,19.99
C000959,2023-07-26,Referral,49.84,Standard,54,Canada,1,19.99
C000960,2023-11-22,Referral,48.1,Basic,24,UK,1,9.99
C000961,2022-07-04,Email,36.06,Basic,28,France,1,19.98
C000962,2023-09-07,Referral,57.34,Premium,53,Canada,0,1079.69
C000963,2023-01-16,Referral,50.57,Basic,64,Canada,1,19.98
C000964,2023-09-16,Paid Search,89.42,Basic,53,Australia,1,9.99
C000965,2022-09-18,Social Media,78.08,Basic,43,US,0,279.72
C000966,2022-02-05,Social Media,59.79,Standard,37,US,1,179.91
C000967,2022-11-04,Paid Search,65.04,Basic,62,Canada,1,9.99
C000968,2023-07-21,Email,42.25,Premium,27,US,0,1119.66
C000969,2022-02-08,Referral,34.23,Basic,41,France,1,149.92
C000970,2022-09-13,Paid Search,67.94,Basic,54,Germany,0,89.91
C000971,2023-08-06,Paid Search,101.4,Standard,48,UK,1,19.99
C000972,2023-05-15,Affiliate,48.11,Standard,24,France,1,139.93
C000973,2023-10-20,Social Media,31.87,Standard,42,US,0,519.74
C000974,2022-02-27,Social Media,47.4,Standard,44,US,0,239.88
C000975,2022-08-21,Affiliate,46.11,Standard,18,Australia,1,239.88
C000976,2023-10-10,Referral,22.17,Standard,38,France,1,39.98
C000977,2023-08-02,Paid Search,72.88,Standard,27,US,1,19.99
C000978,2023-11-21,Affiliate,59.89,Premium,56,France,1,239.94
C000979,2023-06-01,Organic,14.44,Basic,43,UK,1,39.96
C000980,2022-05-16,Social Media,34.13,Standard,21,France,1,219.89
C000981,2023-02-13,Social Media,34.25,Standard,62,UK,1,19.99
C000982,2022-05-19,Referral,42.37,Basic,59,France,1,9.99
C000983,2022-07-20,Email,44.64,Standard,33,UK,1,479.76
C000984,2022-03-15,Social Media,68.84,Basic,54,US,1,9.99
C000985,2022-04-26,Affiliate,36.54,Basic,30,Canada,1,349.8
C000986,2022-12-19,Email,46.22,Standard,28,Canada,1,79.96
C000987,2023-09-24,Referral,44.93,Basic,32,UK,0,409.72
C000988,2023-01-18,Paid Search,103.04,Premium,25,Australia,0,479.88
C000989,2022-02-25,Paid Search,116.43,Premium,36,US,1,79.98
C000990,2022-12-18,Affiliate,52.17,Basic,48,US,1,19.98
C000991,2022-12-06,Paid Search,101.8,Basic,52,France,1,59.94
C000992,2022-09-22,Email,39.32,Standard,27,Australia,1,79.96
C000993,2023-11-16,Organic,17.53,Premium,51,US,0,499.84
C000994,2022-09-19,Paid Search,54.21,Basic,62,France,1,49.95
C000995,2022-10-05,Organic,19.3,Premium,22,Germany,1,39.99
C000996,2023-11-08,Social Media,63.15,Premium,41,US,0,239.94
C000997,2022-01-20,Social Media,73.37,Standard,32,Germany,1,39.98
C000998,2023-06-05,Affiliate,23.98,Basic,56,France,1,29.97
C000999,2022-04-01,Paid Search,63.92,Premium,53,Australia,0,839.79
C001000,2022-01-23,Organic,14.95,Standard,39,Germany,1,19.99
C001001,2023-02-07,Affiliate,26.28,Basic,40,Canada,1,9.99
C001002,2023-10-03,Social Media,41.81,Premium,50,Canada,1,279.93
C001003,2022-03-05,Affiliate,30.31,Basic,19,France,1,9.99
C001004,2022-10-14,Paid Search,60.62,Premium,60,UK,1,79.98
C001005,2022-03-31,Affiliate,35.29,Premium,57,Australia,0,39.99
C001006,2022-08-21,Referral,29.61,Basic,37,France,1,209.79
C001007,2022-12-04,Referral,41.69,Basic,26,France,0,359.76
C001008,2023-07-09,Affiliate,52.0,Premium,37,Australia,1,39.99
C001009,2023-06-21,Paid Search,80.1,Premium,27,Australia,0,79.98
C001010,2023-08-02,Paid Search,72.22,Standard,64,US,1,99.95
C001011,2022-07-08,Social Media,71.98,Basic,19,Canada,1,39.96
C001012,2023-02-28,Referral,32.13,Standard,58,Australia,0,639.68
C001013,2022-10-08,Paid Search,104.54,Basic,29,US,1,9.99
C001014,2023-09-19,Email,30.67,Standard,32,France,1,39.98
C001015,2022-08-26,Paid Search,98.12,Basic,62,Germany,0,589.66
C001016,2022-05-18,Email,53.85,Basic,59,Canada,0,279.81
C001017,2022-07-08,Referral,39.66,Basic,30,UK,1,9.99
C001018,2022-02-03,Referral,50.58,Basic,35,Germany,0,609.69
C001019,2022-08-16,Affiliate,46.85,Basic,31,US,1,19.98
C001020,2022-07-01,Referral,54.69,Basic,38,Germany,1,29.97
C001021,2022-09-10,Referral,36.19,Basic,65,Germany,1,9.99
C001022,2022-11-17,Referral,44.46,Standard,56,France,1,59.97
C001023,2023-06-22,Affiliate,55.03,Standard,51,US,1,39.98
C001024,2023-04-08,Referral,53.08,Basic,33,France,0,9.99
C001025,2023-07-05,Referral,59.35,Basic,42,France,1,9.99
C001026,2023-10-08,Organic,13.8,Basic,37,Canada,1,69.93
C001027,2023-04-18,Paid Search,79.57,Standard,21,Australia,1,39.98
C001028,2023-06-14,Paid Search,82.45,Standard,23,Australia,1,19.99
C001029,2023-05-28,Organic,13.6,Standard,62,France,1,179.91
C001030,2022-05-19,Referral,36.54,Basic,29,Germany,0,199.8
C001031,2023-08-28,Affiliate,55.83,Premium,23,Canada,0,39.99
C001032,2022-11-28,Affiliate,45.94,Standard,28,Australia,1,359.82
C001033,2022-05-07,Organic,12.28,Basic,41,US,1,9.99
C001034,2023-06-21,Affiliate,35.36,Standard,50,France,1,399.8
C001035,2022-06-13,Referral,42.01,Basic,28,Canada,1,59.94
C001036,2023-08-03,Affiliate,54.51,Basic,27,UK,1,19.98
C001037,2022-02-22,Referral,32.32,Standard,46,Canada,1,19.99
C001038,2023-10-04,Paid Search,58.23,Basic,30,US,1,29.98
C001039,2023-09-30,Social Media,30.61,Basic,49,France,1,229.88
C001040,2022-01-06,Email,55.31,Basic,55,Australia,1,219.84
C001041,2023-05-03,Referral,36.41,Basic,56,US,1,19.98
C001042,2022-09-08,Email,31.12,Standard,31,US,1,39.98
C001043,2022-07-09,Paid Search,53.85,Basic,27,US,1,9.99
C001044,2023-11-15,Email,53.52,Basic,23,US,0,319.68
C001045,2022-04-22,Referral,59.75,Basic,36,France,1,49.95
C001046,2023-11-08,Affiliate,47.99,Standard,53,UK,1,99.95
C001047,2023-04-12,Affiliate,43.16,Premium,23,Canada,0,619.71
C001048,2022-11-27,Social Media,74.88,Standard,45,France,1,39.98
C001049,2022-03-08,Social Media,53.54,Basic,35,Canada,1,129.88
C001050,2023-06-24,Referral,40.99,Standard,57,US,1,19.99
C001051,2022-04-22,Email,49.19,Standard,23,Germany,1,19.99
C001052,2023-09-12,Affiliate,31.49,Standard,38,Canada,1,19.99
C001053,2023-06-23,Email,59.8,Basic,26,France,1,9.99
C001054,2023-07-31,Referral,40.79,Standard,49,UK,0,139.93
C001055,2023-09-17,Paid Search,99.6,Premium,18,US,1,399.9
C001056,2022-01-25,Referral,45.02,Basic,31,France,0,9.99
C001057,2023-03-01,Referral,21.82,Basic,58,UK,1,59.94
C001058,2022-01-12,Affiliate,28.05,Basic,22,Canada,0,369.75
C001059,2022-11-04,Email,42.0,Standard,25,Australia,0,719.64
C001060,2022-12-08,Social Media,49.8,Standard,19,UK,1,79.96
C001061,2022-07-18,Social Media,71.69,Premium,48,Germany,1,39.99
C001062,2022-02-06,Affiliate,25.43,Basic,47,France,0,9.99
C001063,2022-12-10,Referral,51.36,Basic,65,US,1,9.99
C001064,2023-06-18,Social Media,58.25,Standard,53,France,1,199.9
C001065,2022-01-20,Paid Search,90.42,Basic,40,US,0,349.74
C001066,2022-06-02,Social Media,72.04,Basic,42,Australia,0,269.73
C001067,2023-07-02,Paid Search,89.97,Basic,56,US,0,219.78
C001068,2022-11-12,Affiliate,54.31,Standard,35,Germany,1,359.82
C001069,2022-03-30,Referral,55.08,Basic,37,UK,1,49.97
C001070,2023-06-22,Social Media,38.75,Basic,20,UK,1,219.88
C001071,2022-04-05,Referral,40.24,Standard,50,UK,1,19.99
C001072,2022-07-14,Social Media,76.18,Standard,51,Canada,1,39.98
C001073,2022-12-02,Paid Search,103.86,Basic,51,Australia,1,29.97
C001074,2022-05-16,Paid Search,100.72,Basic,63,France,0,19.98
C001075,2022-04-29,Organic,16.22,Basic,56,US,1,109.89
C001076,2022-12-08,Referral,55.57,Basic,60,Australia,1,169.91
C001077,2022-11-16,Organic,21.55,Basic,31,Canada,0,229.77
C001078,2022-07-25,Paid Search,70.06,Standard,46,Australia,1,99.95
C001079,2022-05-01,Social Media,37.47,Basic,18,France,0,29.97
C001080,2023-07-28,Email,24.1,Standard,53,Canada,1,39.98
C001081,2022-10-05,Paid Search,116.03,Standard,54,UK,0,319.84
C001082,2022-06-25,Organic,16.23,Premium,52,Germany,1,319.92
C001083,2022-02-21,Paid Search,52.03,Premium,21,US,1,1239.69
C001084,2023-01-28,Organic,11.72,Basic,63,France,1,0.0
C001085,2023-08-30,Affiliate,53.45,Standard,57,Canada,0,219.89
C001086,2022-11-16,Social Media,70.87,Standard,60,France,1,19.99
C001087,2022-03-22,Referral,42.71,Basic,62,Germany,0,249.75
C001088,2022-04-10,Referral,32.42,Standard,47,Germany,0,19.99
C001089,2022-08-26,Paid Search,60.06,Premium,34,Canada,1,679.83
C001090,2023-02-06,Paid Search,98.97,Standard,38,Germany,1,19.99
C001091,2023-05-15,Organic,11.31,Basic,48,Germany,1,29.97
C001092,2022-06-24,Social Media,68.4,Standard,26,France,0,579.71
C001093,2022-04-16,Referral,52.7,Standard,38,France,1,39.98
C001094,2023-10-28,Organic,25.85,Standard,43,France,1,79.96
C001095,2023-02-28,Paid Search,93.46,Standard,48,Germany,0,579.71
C001096,2022-03-09,Social Media,40.41,Standard,45,Germany,1,39.98
C001097,2023-08-04,Social Media,57.23,Basic,60,Australia,1,49.95
C001098,2022-03-21,Affiliate,57.23,Standard,49,US,1,379.81
C001099,2023-08-30,Email,38.52,Standard,46,UK,1,119.94
C001100,2022-11-12,Referral,22.78,Basic,56,Germany,1,49.95
C001101,2022-12-02,Referral,45.8,Basic,31,UK,1,29.97
C001102,2023-08-18,Affiliate,52.39,Standard,60,UK,1,159.92
C001103,2023-04-09,Email,31.66,Standard,46,UK,1,0.0
C001104,2022-07-30,Affiliate,55.1,Basic,61,Canada,0,319.81
C001105,2023-03-22,Affiliate,59.3,Basic,23,France,0,19.98
C001106,2022-01-09,Email,59.46,Basic,26,Canada,0,249.82
C001107,2022-03-05,Social Media,75.05,Premium,18,Australia,1,39.99
C001108,2023-07-28,Social Media,35.48,Basic,19,UK,1,39.96
C001109,2023-03-19,Affiliate,43.61,Standard,63,Germany,1,39.98
C001110,2023-02-20,Referral,37.41,Basic,29,Germany,1,9.99
C001111,2022-05-23,Paid Search,88.88,Standard,41,Germany,1,99.95
C001112,2022-06-07,Social Media,79.87,Standard,26,US,1,199.9
C001113,2022-03-15,Affiliate,20.63,Standard,49,Australia,1,159.92
C001114,2023-03-24,Paid Search,55.93,Standard,44,Germany,1,39.98
C001115,2023-09-11,Referral,44.93,Basic,45,France,1,9.99
C001116,2023-04-06,Referral,34.21,Basic,56,US,0,119.88
C001117,2023-08-15,Referral,53.87,Basic,50,Canada,1,19.98
C001118,2023-02-25,Email,43.05,Basic,20,France,0,19.98
C001119,2023-05-10,Affiliate,34.74,Standard,62,US,1,39.98
C001120,2022-05-26,Affiliate,49.25,Premium,35,Germany,1,319.92
C001121,2023-06-14,Organic,20.47,Standard,33,Germany,1,79.96
C001122,2023-10-08,Affiliate,46.55,Standard,61,Australia,1,19.99
C001123,2023-07-07,Email,32.5,Basic,39,France,1,99.9
C001124,2022-01-12,Referral,38.16,Premium,54,Australia,1,39.99
C001125,2022-12-06,Referral,34.12,Premium,36,Canada,1,79.98
C001126,2022-06-21,Organic,23.9,Standard,37,Australia,1,59.97
C001127,2023-08-01,Social Media,33.07,Basic,28,France,0,9.99
C001128,2022-02-22,Affiliate,59.61,Standard,57,US,1,99.95
C001129,2022-10-21,Referral,23.3,Standard,35,Canada,0,19.99
C001130,2022-05-16,Email,31.24,Premium,18,Australia,0,319.92
C001131,2022-04-25,Email,26.98,Standard,27,Australia,1,19.99
C001132,2023-04-03,Social Media,70.39,Basic,62,UK,1,19.98
C001133,2023-05-12,Paid Search,105.96,Premium,39,US,1,39.99
C001134,2022-05-29,Email,57.36,Basic,49,Germany,1,0.0
C001135,2023-01-28,Paid Search,96.25,Standard,28,UK,1,119.94
C001136,2023-08-15,Affiliate,53.67,Basic,34,US,0,239.83
C001137,2022-02-23,Paid Search,82.48,Basic,48,Australia,1,209.88
C001138,2023-06-30,Paid Search,76.59,Standard,48,Canada,1,59.97
C001139,2022-05-29,Email,54.81,Basic,46,Germany,1,79.92
C001140,2023-11-26,Social Media,78.09,Standard,20,US,1,239.88
C001141,2023-06-29,Affiliate,34.15,Standard,57,Australia,1,19.99
C001142,2022-10-07,Social Media,43.52,Standard,34,Australia,1,259.87
C001143,2023-08-22,Referral,38.44,Standard,33,Australia,1,59.97
C001144,2023-11-20,Email,50.82,Standard,61,Australia,1,59.97
C001145,2022-07-04,Social Media,57.38,Standard,22,US,0,19.99
C001146,2023-02-26,Organic,20.51,Standard,40,UK,0,159.92
C001147,2022-10-18,Social Media,39.65,Basic,23,US,0,9.99
C001148,2023-09-01,Affiliate,55.76,Basic,56,Australia,1,19.98
C001149,2022-05-05,Affiliate,58.31,Basic,56,UK,1,79.92
C001150,2023-01-20,Affiliate,50.55,Standard,29,US,0,399.8
C001151,2022-07-08,Social Media,44.73,Standard,22,Australia,1,19.99
C001152,2023-04-10,Social Media,68.47,Standard,60,Canada,0,619.69
C001153,2022-09-21,Paid Search,104.65,Basic,21,Germany,1,9.99
C001154,2023-02-02,Social Media,79.8,Basic,34,UK,0,409.69
C001155,2023-03-28,Organic,19.83,Premium,57,Germany,1,559.86
C001156,2022-07-02,Affiliate,39.68,Basic,45,UK,1,19.98
C001157,2023-09-21,Affiliate,24.25,Basic,34,US,0,249.75
C001158,2022-02-05,Organic,11.41,Standard,46,US,1,39.98
C001159,2023-05-25,Paid Search,95.7,Basic,20,Australia,1,39.96
C001160,2023-02-04,Social Media,37.58,Basic,43,France,1,109.91
C001161,2022-01-04,Email,48.3,Standard,48,Germany,0,39.98
C001162,2023-02-18,Affiliate,51.24,Standard,52,UK,1,139.93
C001163,2022-01-04,Referral,58.17,Standard,48,US,1,139.93
C001164,2023-08-04,Email,57.4,Basic,61,Canada,0,99.94
C001165,2023-02-15,Organic,22.65,Premium,23,Canada,0,1159.71
C001166,2023-07-02,Social Media,34.02,Basic,36,Australia,1,179.82
C001167,2022-07-27,Paid Search,88.81,Premium,60,UK,1,239.94
C001168,2022-11-03,Affiliate,35.6,Basic,62,Canada,1,29.97
C001169,2023-05-14,Organic,27.7,Basic,30,UK,1,9.99
C001170,2022-02-06,Paid Search,51.78,Premium,33,Germany,1,839.79
C001171,2023-02-03,Organic,25.85,Standard,49,France,1,19.99
C001172,2023-04-06,Organic,10.74,Basic,64,US,1,9.99
C001173,2023-02-20,Organic,14.23,Standard,51,Germany,1,19.99
C001174,2023-11-26,Email,25.96,Standard,22,US,1,39.98
C001175,2022-05-25,Referral,46.15,Basic,57,US,1,9.99
C001176,2022-09-06,Affiliate,45.95,Basic,58,US,0,49.95
C001177,2022-11-11,Organic,19.12,Basic,55,US,1,29.97
C001178,2022-04-19,Organic,19.94,Standard,32,US,0,339.83
C001179,2022-07-27,Referral,33.49,Standard,65,Australia,1,19.99
C001180,2023-02-16,Social Media,36.04,Standard,52,UK,1,19.99
C001181,2022-11-26,Paid Search,103.5,Standard,39,US,1,59.97
C001182,2022-05-04,Social Media,37.06,Basic,62,Canada,1,39.96
C001183,2023-07-21,Paid Search,80.71,Premium,20,UK,1,479.88
C001184,2022-04-13,Affiliate,44.5,Standard,19,Germany,1,39.98
C001185,2022-03-24,Organic,10.14,Premium,63,Australia,0,879.78
C001186,2023-08-31,Social Media,50.81,Standard,48,Australia,1,259.87
C001187,2022-05-10,Paid Search,60.02,Basic,46,Germany,1,9.99
C001188,2022-09-02,Paid Search,92.74,Basic,29,Australia,0,59.94
C001189,2023-05-27,Email,58.01,Standard,37,Canada,1,159.92
C001190,2023-03-05,Organic,21.15,Basic,51,US,1,329.83
C001191,2023-09-26,Social Media,73.14,Premium,50,UK,1,39.99
C001192,2023-04-21,Affiliate,46.37,Basic,30,US,1,179.82
C001193,2022-06-02,Affiliate,53.75,Premium,49,UK,0,799.8
C001194,2022-06-13,Affiliate,56.91,Basic,41,Canada,1,19.98
C001195,2022-08-03,Referral,30.06,Standard,47,US,0,19.99
C001196,2022-04-17,Affiliate,22.1,Standard,28,US,1,39.98
C001197,2023-05-12,Email,24.64,Premium,64,Germany,1,79.98
C001198,2023-08-30,Email,33.04,Basic,61,Canada,1,79.92
C001199,2022-08-24,Organic,16.52,Basic,65,Germany,0,249.75
C001200,2022-07-24,Referral,55.65,Basic,55,Germany,1,89.91
C001201,2022-02-25,Referral,25.8,Premium,47,UK,1,39.99
C001202,2023-02-01,Social Media,36.82,Standard,58,Canada,1,419.79
C001203,2022-10-04,Paid Search,73.51,Basic,54,US,0,249.75
C001204,2022-10-15,Paid Search,57.78,Basic,44,UK,1,9.99
C001205,2022-12-18,Paid Search,112.05,Standard,58,France,1,39.98
C001206,2022-06-24,Email,58.81,Premium,23,Germany,1,359.91
C001207,2023-06-19,Referral,54.49,Basic,48,Germany,1,9.99
C001208,2022-10-13,Organic,24.6,Standard,33,UK,0,279.86
C001209,2022-12-02,Referral,43.18,Premium,55,UK,1,519.87
C001210,2023-08-11,Organic,18.36,Basic,48,Australia,1,159.89
C001211,2023-06-01,Organic,18.51,Basic,62,US,0,129.87
C001212,2023-04-09,Referral,29.62,Standard,18,Australia,1,179.91
C001213,2023-02-21,Paid Search,59.29,Basic,59,US,1,19.98
C001214,2022-01-17,Referral,46.76,Basic,47,France,1,9.99
C001215,2023-08-21,Organic,29.53,Basic,26,Australia,1,159.9
C001216,2023-02-20,Paid Search,105.29,Basic,47,Australia,1,29.97
C001217,2023-10-11,Organic,27.21,Basic,62,Canada,1,39.96
C001218,2023-06-28,Organic,15.93,Standard,62,France,1,19.99
C001219,2023-07-10,Email,51.78,Standard,23,France,1,79.96
C001220,2022-12-10,Affiliate,57.29,Standard,61,Canada,1,79.96
C001221,2022-02-22,Organic,17.66,Basic,20,Canada,1,9.99
C001222,2023-01-11,Paid Search,95.37,Standard,53,Australia,1,59.97
C001223,2022-07-29,Paid Search,118.69,Basic,25,Australia,1,19.98
C001224,2023-05-05,Affiliate,57.57,Standard,62,UK,1,219.89
C001225,2022-08-19,Social Media,47.64,Basic,61,Germany,1,19.98
C001226,2022-10-11,Organic,11.27,Basic,49,France,1,29.97
C001227,2023-06-24,Organic,19.4,Standard,52,Canada,1,99.95
C001228,2023-04-08,Email,34.73,Standard,62,US,1,79.96
C001229,2022-07-12,Referral,23.49,Basic,29,Canada,0,279.73
C001230,2022-03-20,Organic,13.3,Basic,27,Germany,0,19.98
C001231,2022-06-04,Paid Search,86.45,Standard,36,Germany,1,139.93
C001232,2023-11-30,Email,57.27,Basic,44,Germany,1,19.98
C001233,2023-10-23,Organic,15.83,Basic,32,France,0,129.87
C001234,2023-10-23,Social Media,50.58,Basic,59,Canada,1,9.99
C001235,2023-05-13,Email,46.63,Standard,53,Germany,1,79.96
C001236,2023-04-14,Social Media,58.36,Premium,37,UK,1,119.97
C001237,2022-09-24,Paid Search,83.9,Premium,21,UK,1,199.95
C001238,2022-12-28,Social Media,52.8,Basic,28,Australia,1,199.8
C001239,2023-07-03,Social Media,39.11,Basic,63,Australia,1,9.99
C001240,2023-11-14,Paid Search,61.29,Basic,38,France,1,9.99
C001241,2022-05-10,Referral,30.42,Basic,53,Australia,1,9.99
C001242,2022-02-05,Affiliate,32.68,Basic,41,Germany,1,9.99
C001243,2023-07-07,Paid Search,87.36,Basic,19,Germany,0,19.98
C001244,2023-05-27,Paid Search,116.35,Premium,27,US,1,39.99
C001245,2023-07-14,Email,33.25,Standard,48,Canada,1,19.99
C001246,2023-08-11,Affiliate,25.88,Standard,46,Canada,1,39.98
C001247,2022-04-26,Affiliate,39.16,Basic,61,France,1,59.94
C001248,2022-04-30,Social Media,31.24,Standard,32,Germany,1,459.77
C001249,2023-01-01,Organic,16.53,Standard,30,France,0,719.64
C001250,2023-06-24,Paid Search,104.69,Standard,30,US,1,139.93
C001251,2022-03-27,Email,53.98,Standard,23,France,1,19.99
C001252,2023-02-08,Paid Search,84.33,Standard,50,US,0,39.98
C001253,2023-11-14,Social Media,49.88,Standard,45,Canada,1,79.96
C001254,2023-01-31,Social Media,30.61,Basic,37,Germany,1,9.99
C001255,2023-07-29,Organic,14.31,Premium,65,Germany,1,39.99
C001256,2023-03-30,Social Media,38.19,Standard,45,Australia,1,19.99
C001257,2023-03-01,Paid Search,108.49,Standard,27,UK,1,19.99
C001258,2022-11-07,Referral,59.54,Standard,39,US,1,79.96
C001259,2023-08-28,Referral,23.54,Basic,35,Germany,1,59.96
C001260,2022-06-29,Email,38.48,Standard,26,UK,1,19.99
C001261,2022-07-10,Referral,31.58,Basic,37,France,0,99.92
C001262,2022-11-08,Referral,42.37,Basic,19,US,1,29.97
C001263,2022-06-07,Social Media,45.01,Standard,58,Germany,1,279.86
C001264,2022-05-08,Affiliate,46.64,Basic,29,Germany,1,69.96
C001265,2023-10-23,Paid Search,51.99,Standard,49,US,0,459.77
C001266,2023-09-06,Affiliate,34.47,Basic,45,Canada,1,19.98
C001267,2023-10-06,Affiliate,39.04,Standard,25,Canada,1,39.98
C001268,2023-06-09,Affiliate,43.01,Standard,28,France,1,0.0
C001269,2022-03-01,Paid Search,72.38,Premium,26,Canada,1,119.97
C001270,2022-06-17,Organic,15.45,Basic,40,US,1,59.94
C001271,2022-10-24,Social Media,56.48,Premium,50,UK,0,539.8
C001272,2023-10-06,Paid Search,103.53,Standard,28,France,1,99.95
C001273,2022-11-27,Social Media,71.34,Standard,37,Canada,1,39.98
C001274,2023-01-07,Organic,20.69,Basic,27,US,1,9.99
C001275,2022-05-21,Email,31.26,Standard,44,Canada,1,219.89
C001276,2022-06-16,Organic,14.36,Standard,30,France,0,19.99
C001277,2023-09-21,Affiliate,53.26,Standard,52,Australia,1,179.91
C001278,2023-07-19,Affiliate,50.25,Basic,47,US,0,389.75
C001279,2022-04-30,Paid Search,114.64,Basic,37,Australia,1,49.96
C001280,2023-01-07,Paid Search,107.19,Premium,56,France,0,239.94
C001281,2022-12-17,Paid Search,99.69,Basic,25,UK,1,99.9
C001282,2022-05-12,Affiliate,25.69,Basic,26,UK,1,109.89
C001283,2022-05-14,Organic,18.5,Standard,25,US,1,139.93
C001284,2022-01-20,Referral,50.29,Basic,24,US,0,69.93
C001285,2023-11-07,Email,43.73,Basic,34,US,1,49.95
C001286,2022-03-09,Social Media,63.38,Standard,25,France,1,159.92
C001287,2022-07-30,Email,56.05,Basic,40,US,1,9.99
C001288,2022-04-03,Paid Search,109.21,Premium,55,Canada,1,439.89
C001289,2022-12-27,Paid Search,109.86,Standard,57,UK,1,39.98
C001290,2023-06-02,Email,22.73,Standard,18,France,1,259.87
C001291,2022-08-11,Affiliate,27.66,Basic,52,US,1,19.98
C001292,2022-04-12,Paid Search,114.43,Premium,48,Canada,0,879.78
C001293,2023-08-27,Paid Search,80.78,Premium,29,Canada,1,39.99
C001294,2023-01-24,Referral,28.57,Basic,25,Canada,1,109.89
C001295,2022-05-07,Referral,24.41,Basic,41,Australia,1,19.98
C001296,2022-10-23,Email,48.89,Basic,49,US,0,19.98
C001297,2023-01-30,Social Media,52.85,Standard,61,Germany,0,19.99
C001298,2022-08-20,Email,36.29,Premium,45,UK,0,1119.72
C001299,2022-03-13,Referral,57.56,Basic,18,Australia,1,119.88
C001300,2023-05-19,Affiliate,24.21,Basic,60,Australia,0,259.74
C001301,2022-03-29,Organic,12.87,Basic,55,US,1,99.9
C001302,2022-06-22,Organic,17.27,Basic,30,France,1,159.84
C001303,2023-02-18,Organic,14.66,Basic,49,Canada,1,29.97
C001304,2023-08-19,Email,30.92,Standard,59,Germany,1,259.87
C001305,2022-12-31,Referral,46.67,Premium,49,France,0,239.94
C001306,2022-10-13,Paid Search,103.76,Basic,34,Germany,1,9.99
C001307,2023-05-25,Paid Search,93.99,Basic,24,Australia,1,59.96
C001308,2022-02-24,Organic,19.96,Basic,29,Germany,1,29.97
C001309,2023-09-12,Affiliate,33.08,Basic,57,US,1,59.94
C001310,2022-03-20,Affiliate,50.06,Standard,47,UK,1,19.99
C001311,2022-10-28,Affiliate,39.92,Standard,52,Canada,1,19.99
C001312,2023-07-08,Email,20.71,Standard,45,US,1,19.99
C001313,2023-01-28,Referral,32.58,Basic,47,US,1,59.94
C001314,2022-02-03,Paid Search,88.97,Premium,37,Australia,0,1399.65
C001315,2022-06-18,Referral,37.23,Basic,42,Germany,1,129.87
C001316,2022-04-23,Email,47.0,Standard,61,France,1,239.88
C001317,2023-08-09,Referral,39.04,Premium,50,US,1,39.99
C001318,2023-02-05,Social Media,54.73,Premium,57,Australia,0,999.75
C001319,2022-12-28,Social Media,46.02,Basic,20,UK,1,159.84
C001320,2023-01-11,Social Media,70.48,Standard,58,Canada,1,79.96
C001321,2023-01-25,Organic,18.56,Premium,44,Canada,1,279.93
C001322,2022-02-27,Affiliate,29.77,Basic,37,France,1,19.98
C001323,2022-03-28,Affiliate,22.62,Basic,39,UK,1,39.96
C001324,2022-01-21,Email,33.04,Basic,45,France,1,119.88
C001325,2023-06-12,Referral,30.66,Standard,55,US,0,419.79
C001326,2022-11-21,Referral,42.81,Basic,24,Germany,1,19.98
C001327,2022-04-13,Affiliate,47.0,Basic,50,Australia,1,9.99
C001328,2022-12-14,Paid Search,93.04,Basic,45,UK,1,9.99
C001329,2023-05-24,Affiliate,53.89,Standard,52,UK,1,79.96
C001330,2022-10-22,Social Media,32.38,Premium,43,UK,1,0.0
C001331,2023-10-02,Affiliate,58.32,Standard,55,US,0,539.73
C001332,2023-08-30,Social Media,43.67,Standard,51,Germany,1,59.97
C001333,2023-03-14,Paid Search,74.31,Basic,37,France,1,19.98
C001334,2022-11-04,Referral,46.54,Basic,44,Germany,1,9.99
C001335,2022-09-15,Email,40.61,Standard,53,UK,0,239.88
C001336,2022-01-20,Affiliate,48.13,Premium,54,Germany,1,39.99
C001337,2022-08-07,Affiliate,58.48,Standard,47,Canada,1,99.95
C001338,2023-10-16,Email,52.36,Premium,45,France,0,39.99
C001339,2023-10-04,Organic,20.45,Basic,27,UK,0,219.78
C001340,2022-06-04,Affiliate,47.41,Basic,45,Germany,1,79.92
C001341,2022-11-23,Organic,22.68,Standard,35,Canada,1,39.98
C001342,2023-10-24,Paid Search,67.95,Standard,43,UK,1,159.92
C001343,2022-04-27,Paid Search,63.43,Basic,37,Germany,1,59.94
C001344,2023-05-13,Email,59.65,Basic,20,UK,1,9.99
C001345,2022-06-13,Social Media,36.82,Basic,35,Australia,1,29.97
C001346,2023-07-18,Paid Search,95.1,Basic,64,Germany,1,269.77
C001347,2022-01-21,Organic,27.19,Basic,56,Canada,1,29.97
C001348,2022-03-07,Referral,55.87,Standard,23,Germany,0,19.99
C001349,2022-05-24,Paid Search,57.84,Standard,25,France,1,219.89
C001350,2023-11-12,Email,57.99,Premium,34,Germany,1,119.97
C001351,2022-04-03,Paid Search,91.99,Standard,38,Canada,1,379.81
C001352,2023-08-22,Affiliate,35.6,Standard,33,Germany,0,19.99
C001353,2022-08-12,Paid Search,57.48,Basic,35,Germany,1,109.94
C001354,2023-02-23,Social Media,73.14,Basic,52,Canada,0,59.94
C001355,2022-04-26,Social Media,57.29,Basic,33,Canada,1,39.96
C001356,2022-05-29,Social Media,53.76,Basic,37,US,0,59.94
C001357,2023-10-23,Email,21.39,Standard,21,Australia,1,279.86
C001358,2023-11-19,Paid Search,67.71,Basic,58,Australia,1,29.97
C001359,2023-01-07,Affiliate,24.88,Premium,46,Germany,1,639.84
C001360,2022-01-09,Referral,57.1,Premium,37,US,1,79.98
C001361,2022-08-30,Social Media,40.52,Premium,46,Australia,1,199.95
C001362,2022-11-21,Affiliate,36.25,Basic,23,Germany,1,79.92
C001363,2023-04-28,Affiliate,36.52,Standard,63,Germany,1,79.96
C001364,2022-04-13,Paid Search,98.89,Standard,40,Germany,1,19.99
C001365,2023-09-09,Affiliate,52.54,Standard,47,Australia,1,99.95
C001366,2022-01-29,Organic,22.83,Basic,46,Australia,1,19.98
C001367,2022-05-20,Organic,18.01,Standard,38,France,1,59.97
C001368,2022-03-26,Organic,13.16,Standard,59,UK,1,139.93
C001369,2023-09-01,Affiliate,36.41,Premium,46,Germany,1,119.97
C001370,2022-05-17,Social Media,38.67,Standard,38,Canada,1,19.99
C001371,2022-07-23,Organic,18.29,Basic,42,France,1,9.99
C001372,2022-08-18,Organic,28.96,Premium,59,France,0,919.77
C001373,2023-10-04,Paid Search,113.48,Premium,30,Canada,1,719.82
C001374,2022-06-22,Organic,18.02,Basic,34,UK,1,9.99
C001375,2022-04-02,Social Media,38.51,Standard,18,Australia,1,19.99
C001376,2023-06-23,Referral,50.93,Premium,61,Germany,1,119.97
C001377,2022-05-02,Paid Search,99.95,Basic,35,Canada,1,69.93
C001378,2023-05-22,Referral,25.21,Premium,56,UK,1,959.73
C001379,2022-10-17,Affiliate,47.09,Basic,44,UK,0,19.98
C001380,2022-01-30,Social Media,78.81,Basic,46,UK,1,29.97
C001381,2023-01-14,Email,47.37,Basic,18,Germany,1,249.77
C001382,2022-05-17,Social Media,78.72,Basic,31,Australia,1,79.92
C001383,2023-01-28,Affiliate,36.93,Standard,22,US,0,479.76
C001384,2023-07-25,Organic,11.04,Premium,48,Canada,0,479.88
C001385,2023-09-13,Affiliate,58.69,Standard,65,US,0,559.72
C001386,2022-01-06,Social Media,55.23,Basic,43,Australia,1,99.9
C001387,2023-01-15,Paid Search,117.76,Standard,55,UK,1,39.98
C001388,2022-09-24,Paid Search,85.26,Premium,47,UK,1,39.99
C001389,2022-04-02,Social Media,65.51,Basic,34,US,1,39.96
C001390,2022-11-17,Organic,29.57,Basic,35,Australia,1,69.93
C001391,2023-01-05,Referral,31.32,Premium,57,Canada,1,319.92
C001392,2023-06-14,Social Media,51.79,Basic,65,Germany,1,79.92
C001393,2022-06-04,Email,54.12,Standard,46,US,1,199.9
C001394,2022-07-13,Paid Search,53.82,Basic,48,Canada,0,29.97
C001395,2022-06-17,Affiliate,38.69,Basic,49,US,1,49.95
C001396,2023-03-29,Social Media,79.44,Standard,47,Germany,0,119.94
C001397,2022-04-26,Affiliate,54.68,Basic,23,UK,1,9.99
C001398,2022-10-18,Paid Search,108.45,Standard,35,France,1,39.98
C001399,2023-11-11,Email,28.5,Premium,18,France,0,479.88
C001400,2023-08-08,Paid Search,79.15,Basic,49,Australia,1,9.99
C001401,2022-04-07,Social Media,31.3,Standard,61,US,1,79.96
C001402,2023-02-08,Social Media,59.52,Premium,38,UK,1,1039.74
C001403,2022-01-30,Organic,19.2,Standard,48,Germany,1,39.98
C001404,2023-10-06,Social Media,59.71,Basic,20,Australia,1,69.96
C001405,2023-09-30,Referral,33.0,Standard,64,France,0,639.68
C001406,2022-05-13,Paid Search,110.43,Standard,36,Canada,1,79.96
C001407,2022-02-26,Affiliate,22.83,Premium,42,US,1,79.98
C001408,2023-02-13,Social Media,38.9,Premium,43,US,0,1159.71
C001409,2022-01-22,Paid Search,61.41,Standard,36,Australia,1,319.84
C001410,2023-11-01,Paid Search,58.44,Basic,45,Australia,0,39.96
C001411,2022-11-14,Affiliate,44.14,Basic,24,Canada,1,69.93
C001412,2023-06-09,Paid Search,84.27,Premium,48,Canada,1,39.99
C001413,2023-07-31,Email,36.92,Standard,41,France,1,19.99
C001414,2022-07-10,Referral,45.23,Basic,50,Canada,1,69.96
C001415,2023-04-20,Affiliate,28.97,Standard,27,Germany,1,599.7
C001416,2023-06-24,Affiliate,45.89,Basic,47,Germany,1,29.97
C001417,2022-03-23,Referral,32.02,Premium,61,Canada,1,39.99
C001418,2022-09-12,Email,37.11,Standard,53,US,1,19.99
C001419,2022-02-16,Email,24.31,Basic,24,Germany,1,239.83
C001420,2023-11-08,Affiliate,42.74,Basic,34,France,1,19.98
C001421,2022-03-25,Email,20.65,Standard,47,UK,1,139.93
C001422,2022-07-06,Referral,21.81,Basic,63,Canada,0,589.7
C001423,2022-11-18,Email,48.96,Standard,46,France,1,99.95
C001424,2022-09-29,Social Media,78.34,Premium,29,UK,1,79.98
C001425,2022-07-09,Organic,24.94,Standard,61,US,1,139.93
C001426,2023-03-21,Email,20.72,Basic,18,UK,0,69.93
C001427,2023-11-03,Referral,38.41,Basic,60,Australia,0,59.94
C001428,2023-09-09,Affiliate,39.47,Standard,57,Canada,0,439.78
C001429,2023-11-21,Affiliate,47.0,Standard,23,UK,0,139.93
C001430,2022-05-19,Organic,13.82,Standard,62,UK,1,479.76
C001431,2022-01-28,Paid Search,83.68,Basic,33,Germany,1,199.82
C001432,2023-10-04,Email,27.64,Basic,47,UK,0,669.65
C001433,2023-05-01,Referral,20.87,Basic,27,Australia,1,39.96
C001434,2023-04-01,Referral,38.86,Premium,55,UK,1,79.97
C001435,2022-07-26,Social Media,58.47,Standard,21,Canada,1,79.96
C001436,2022-01-09,Organic,22.61,Standard,44,Germany,1,19.99
C001437,2023-08-16,Email,49.24,Premium,20,Germany,1,119.97
C001438,2023-02-14,Referral,40.53,Standard,61,Germany,1,39.98
C001439,2022-08-26,Affiliate,22.43,Basic,54,Canada,0,9.99
C001440,2023-07-21,Organic,15.36,Standard,48,US,0,359.82
C001441,2023-05-22,Email,57.56,Basic,62,Germany,1,159.91
C001442,2022-01-22,Paid Search,70.16,Basic,40,Germany,1,39.96
C001443,2022-08-26,Email,28.79,Premium,39,France,1,199.95
C001444,2023-11-04,Referral,25.25,Basic,63,Germany,0,499.71
C001445,2023-03-03,Affiliate,46.1,Basic,48,UK,0,249.75
C001446,2023-09-29,Paid Search,69.77,Standard,60,Germany,1,59.97
C001447,2022-05-13,Paid Search,63.96,Standard,24,Germany,1,19.99
C001448,2023-05-21,Social Media,41.74,Standard,19,Canada,1,159.92
C001449,2022-09-25,Social Media,63.85,Basic,50,US,1,9.99
C001450,2022-03-07,Social Media,51.53,Standard,25,France,0,499.75
C001451,2022-08-18,Referral,30.31,Basic,40,US,0,159.89
C001452,2023-07-25,Social Media,74.82,Premium,50,France,1,39.99
C001453,2023-11-17,Organic,24.13,Premium,46,Germany,1,159.96
C001454,2022-04-24,Organic,25.63,Standard,24,France,1,19.99
C001455,2022-02-12,Email,24.22,Standard,31,Canada,0,299.85
C001456,2022-06-10,Affiliate,31.68,Basic,50,Germany,1,39.96
C001457,2022-04-12,Paid Search,95.3,Basic,26,US,1,29.97
C001458,2022-07-26,Referral,58.79,Standard,18,UK,1,19.99
C001459,2023-05-01,Social Media,44.34,Basic,35,Canada,0,389.69
C001460,2023-03-01,Social Media,61.47,Basic,51,Germany,1,69.93
C001461,2022-08-22,Paid Search,106.12,Basic,44,Germany,1,239.86
C001462,2023-06-13,Affiliate,34.47,Basic,27,US,1,9.99
C001463,2023-06-14,Organic,11.7,Basic,28,Germany,0,149.85
C001464,2022-03-04,Referral,50.37,Standard,59,UK,0,319.84
C001465,2023-08-12,Organic,29.55,Premium,60,France,1,359.91
C001466,2022-10-30,Referral,36.08,Standard,53,Canada,1,99.95
C001467,2022-11-18,Social Media,30.4,Basic,51,France,1,29.97
C001468,2022-05-31,Affiliate,36.16,Standard,52,France,1,39.98
C001469,2023-09-26,Affiliate,37.69,Basic,59,Germany,1,9.99
C001470,2022-07-22,Social Media,34.21,Standard,42,Australia,1,39.98
C001471,2022-05-10,Email,59.68,Basic,23,France,1,9.99
C001472,2023-07-20,Social Media,56.07,Standard,28,US,1,19.99
C001473,2022-01-29,Email,43.7,Basic,37,Australia,1,39.96
C001474,2023-03-09,Email,24.42,Basic,41,Canada,1,59.94
C001475,2023-10-05,Email,34.18,Basic,59,US,1,139.87
C001476,2023-04-05,Social Media,58.62,Basic,39,UK,1,79.92
C001477,2023-08-19,Email,48.59,Premium,60,France,0,799.8
C001478,2023-09-02,Paid Search,74.52,Basic,63,France,1,49.95
C001479,2023-11-20,Paid Search,100.0,Standard,33,US,1,319.84
C001480,2022-12-02,Email,43.29,Standard,41,Germany,0,39.98
C001481,2022-04-11,Paid Search,99.81,Standard,23,US,1,39.98
C001482,2022-03-05,Referral,55.54,Basic,46,US,1,9.99
C001483,2023-01-14,Affiliate,41.05,Standard,51,Germany,0,479.76
C001484,2022-09-28,Email,39.95,Basic,46,Australia,1,49.95
C001485,2023-05-17,Affiliate,58.93,Standard,27,France,1,39.98
C001486,2022-05-11,Referral,48.45,Basic,63,France,0,299.81
C001487,2023-06-26,Organic,23.89,Basic,20,Australia,1,19.98
C001488,2022-06-10,Email,34.77,Premium,56,Germany,0,919.77
C001489,2022-04-23,Organic,17.39,Basic,51,UK,1,9.99
C001490,2022-05-01,Social Media,45.25,Basic,36,Germany,1,79.92
C001491,2022-01-29,Paid Search,59.95,Standard,21,Canada,0,659.67
C001492,2022-10-18,Paid Search,62.82,Standard,18,US,1,19.99
C001493,2023-07-15,Social Media,33.38,Basic,48,France,1,29.97
C001494,2022-11-14,Email,38.09,Basic,42,Germany,1,9.99
C001495,2023-09-13,Paid Search,103.34,Standard,47,Germany,0,39.98
C001496,2023-11-15,Referral,25.96,Standard,23,France,1,19.99
C001497,2023-11-12,Email,36.39,Basic,43,Canada,0,489.7
C001498,2023-07-08,Organic,29.16,Premium,65,Canada,1,39.99
C001499,2023-10-24,Organic,27.32,Standard,54,Australia,1,319.84
C001500,2022-11-13,Email,45.81,Standard,23,UK,1,19.99
C001501,2023-09-26,Email,43.07,Basic,54,France,0,459.67
C001502,2022-07-13,Referral,40.11,Basic,60,France,1,69.95
C001503,2022-07-04,Organic,15.5,Basic,63,France,0,409.76
C001504,2023-03-31,Organic,26.14,Standard,43,France,1,39.98
C001505,2022-02-16,Referral,54.48,Basic,45,UK,0,39.96
C001506,2023-03-01,Organic,27.19,Basic,34,US,1,89.91
C001507,2022-04-28,Organic,20.84,Basic,29,Canada,1,59.94
C001508,2022-04-02,Paid Search,71.48,Basic,28,US,0,189.81
C001509,2023-09-22,Social Media,39.07,Standard,37,Germany,0,579.71
C001510,2022-04-12,Social Media,37.12,Premium,34,Germany,1,239.94
C001511,2022-05-04,Organic,14.05,Standard,55,UK,0,79.96
C001512,2023-05-20,Email,50.1,Basic,25,Canada,0,59.94
C001513,2022-03-04,Social Media,53.24,Basic,48,US,1,49.95
C001514,2023-02-22,Affiliate,29.35,Premium,35,France,1,39.99
C001515,2023-08-24,Affiliate,24.06,Standard,59,UK,1,19.99
C001516,2022-11-08,Email,36.27,Basic,58,France,1,179.83
C001517,2022-07-28,Paid Search,76.13,Premium,33,France,0,1399.65
C001518,2023-03-10,Email,38.07,Basic,47,France,1,119.88
C001519,2022-10-24,Affiliate,58.88,Basic,48,Canada,1,29.97
C001520,2023-09-05,Social Media,71.97,Basic,40,Australia,1,59.94
C001521,2022-08-06,Email,53.63,Basic,28,Australia,1,9.99
C001522,2023-07-01,Email,22.8,Basic,62,US,1,19.98
C001523,2022-05-24,Affiliate,42.26,Basic,45,UK,1,9.99
C001524,2023-09-18,Email,58.3,Basic,61,Canada,1,89.91
C001525,2023-10-13,Social Media,78.98,Standard,35,UK,1,579.71
C001526,2023-11-10,Social Media,47.08,Basic,56,Canada,1,149.87
C001527,2022-01-17,Affiliate,25.35,Premium,56,Germany,1,39.99
C001528,2022-01-05,Organic,23.45,Basic,62,Australia,1,29.97
C001529,2023-05-16,Referral,41.53,Standard,59,Australia,1,59.97
C001530,2022-03-21,Email,21.24,Standard,60,Germany,0,679.66
C001531,2023-11-20,Organic,17.06,Standard,56,Canada,1,39.98
C001532,2023-02-01,Paid Search,108.74,Standard,18,US,0,619.69
C001533,2023-04-19,Social Media,76.81,Basic,32,Australia,1,19.98
C001534,2022-01-21,Social Media,64.03,Standard,30,US,0,99.95
C001535,2023-09-21,Affiliate,32.13,Standard,32,Germany,0,119.94
C001536,2023-01-07,Organic,15.62,Premium,63,France,1,39.99
C001537,2022-08-03,Organic,13.92,Standard,43,US,0,359.82
C001538,2022-10-12,Email,40.01,Basic,30,Australia,1,49.95
C001539,2023-08-03,Affiliate,47.3,Standard,22,France,1,39.98
C001540,2022-05-12,Affiliate,22.6,Basic,54,UK,0,119.88
C001541,2023-06-20,Affiliate,51.29,Basic,61,US,1,19.98
C001542,2023-11-26,Email,44.58,Standard,47,US,1,199.9
C001543,2023-03-14,Affiliate,46.92,Standard,38,Germany,0,219.89
C001544,2023-02-21,Social Media,36.09,Standard,49,Canada,0,259.87
C001545,2023-06-14,Organic,27.68,Basic,35,Germany,1,9.99
C001546,2023-06-30,Referral,32.65,Basic,39,US,1,139.86
C001547,2023-08-09,Organic,29.81,Basic,62,Germany,1,99.9
C001548,2022-03-18,Paid Search,63.78,Basic,22,Australia,0,229.77
C001549,2023-10-03,Organic,10.56,Basic,19,France,1,9.99
C001550,2023-10-04,Social Media,72.03,Basic,48,UK,1,39.96
C001551,2022-12-15,Organic,26.43,Standard,33,US,1,179.91
C001552,2023-09-07,Email,37.54,Basic,46,France,0,129.87
C001553,2022-05-08,Organic,29.49,Premium,42,Canada,1,359.91
C001554,2022-03-08,Paid Search,54.34,Standard,21,Canada,1,559.72
C001555,2023-09-18,Affiliate,37.27,Basic,21,France,0,29.97
C001556,2022-02-23,Social Media,72.5,Basic,57,Germany,1,9.99
C001557,2022-08-27,Email,51.5,Standard,47,Germany,1,19.99
C001558,2023-04-21,Referral,55.2,Standard,39,Australia,1,19.99
C001559,2023-11-23,Organic,19.08,Basic,30,US,1,9.99
C001560,2022-04-16,Organic,21.9,Basic,30,France,0,219.87
C001561,2022-05-10,Affiliate,40.36,Basic,48,Australia,1,89.91
C001562,2023-09-28,Referral,27.44,Basic,20,US,1,39.96
C001563,2022-05-11,Social Media,59.23,Standard,59,Canada,1,639.68
C001564,2022-11-15,Email,55.41,Standard,27,Germany,1,79.96
C001565,2022-11-13,Email,33.72,Basic,18,France,0,9.99
C001566,2023-08-24,Affiliate,47.13,Basic,50,France,0,59.94
C001567,2022-02-25,Referral,33.75,Premium,58,UK,1,119.97
C001568,2022-03-12,Social Media,39.47,Basic,62,Germany,0,199.88
C001569,2023-09-07,Affiliate,33.25,Standard,39,France,0,119.94
C001570,2022-11-03,Referral,33.14,Basic,20,Germany,0,189.86
C001571,2022-08-13,Organic,22.78,Standard,47,France,1,19.99
C001572,2022-08-07,Paid Search,83.65,Standard,39,Australia,1,59.97
C001573,2023-01-20,Paid Search,78.02,Standard,18,Canada,1,39.98
C001574,2022-01-11,Organic,17.16,Standard,27,Canada,1,159.92
C001575,2023-03-27,Paid Search,94.19,Premium,41,US,0,959.76
C001576,2022-01-31,Paid Search,63.85,Basic,34,Australia,1,49.95
C001577,2022-06-28,Social Media,72.38,Basic,30,US,0,99.94
C001578,2022-06-30,Social Media,75.53,Basic,61,UK,1,109.89
C001579,2023-01-24,Affiliate,51.5,Basic,31,Canada,1,29.97
C001580,2023-04-13,Paid Search,75.87,Basic,28,France,1,109.89
C001581,2023-10-01,Referral,55.14,Basic,27,UK,1,9.99
C001582,2022-07-14,Paid Search,87.28,Standard,38,France,1,19.99
C001583,2023-03-16,Affiliate,29.78,Basic,57,France,1,109.89
C001584,2022-07-13,Email,31.77,Basic,33,US,0,139.86
C001585,2023-10-07,Social Media,73.64,Premium,55,Germany,1,639.84
C001586,2022-08-03,Affiliate,23.26,Basic,60,France,0,209.79
C001587,2022-03-08,Paid Search,85.6,Standard,59,France,0,19.99
C001588,2023-01-19,Referral,40.76,Basic,63,Canada,0,269.76
C001589,2023-06-23,Affiliate,39.33,Premium,48,Canada,1,279.91
C001590,2023-08-19,Referral,45.52,Standard,59,US,1,119.94
C001591,2022-08-01,Paid Search,112.64,Basic,33,Germany,1,199.85
C001592,2022-08-12,Social Media,51.25,Basic,28,Canada,1,49.95
C001593,2022-09-18,Email,23.39,Standard,36,Germany,0,339.83
C001594,2023-06-16,Social Media,41.51,Basic,50,France,1,9.99
C001595,2022-12-11,Referral,38.05,Basic,41,Germany,1,19.98
C001596,2022-11-21,Social Media,49.12,Basic,32,Canada,1,49.95
C001597,2023-10-23,Organic,17.18,Basic,50,France,0,649.66
C001598,2023-07-14,Affiliate,23.13,Basic,32,US,1,29.97
C001599,2022-05-02,Organic,17.2,Standard,39,UK,1,19.99
C001600,2023-11-23,Social Media,42.5,Standard,61,Canada,1,279.86
C001601,2022-07-15,Affiliate,44.16,Basic,63,Australia,0,209.79
C001602,2023-07-11,Social Media,30.43,Basic,40,Germany,1,29.97
C001603,2023-02-20,Email,50.31,Basic,59,France,1,9.99
C001604,2022-06-02,Referral,29.1,Standard,31,Germany,1,19.99
C001605,2022-08-28,Email,43.48,Standard,47,Australia,1,39.98
C001606,2023-04-18,Social Media,69.6,Basic,30,Germany,1,19.98
C001607,2023-03-04,Paid Search,80.71,Premium,19,Canada,1,399.9
C001608,2022-05-23,Email,54.95,Basic,65,US,1,99.9
C001609,2023-05-27,Affiliate,53.37,Basic,44,Germany,0,59.94
C001610,2023-02-18,Affiliate,41.5,Basic,19,France,1,229.87
C001611,2022-02-02,Paid Search,60.76,Premium,39,France,0,599.85
C001612,2023-10-07,Email,56.55,Standard,43,Germany,1,39.98
C001613,2022-07-29,Referral,22.55,Basic,48,US,1,279.72
C001614,2022-12-03,Email,58.48,Standard,37,US,1,79.96
C001615,2022-06-25,Organic,23.5,Basic,62,France,1,39.96
C001616,2023-05-16,Organic,13.73,Basic,42,Canada,1,29.97
C001617,2022-07-30,Paid Search,70.38,Standard,47,US,0,319.84
C001618,2023-01-13,Email,20.44,Basic,44,Germany,1,19.98
C001619,2022-06-10,Organic,12.58,Basic,65,US,0,219.86
C001620,2023-02-03,Paid Search,59.1,Basic,45,Australia,1,339.78
C001621,2023-11-12,Referral,26.35,Standard,37,France,1,79.96
C001622,2022-07-27,Email,48.67,Basic,30,US,1,19.98
C001623,2022-05-27,Referral,22.56,Basic,33,France,1,9.99
C001624,2022-12-03,Email,55.17,Basic,54,US,1,39.96
C001625,2022-04-04,Social Media,62.31,Premium,40,Australia,1,39.99
C001626,2022-11-01,Referral,44.52,Standard,29,Germany,0,479.76
C001627,2022-09-13,Paid Search,113.0,Standard,47,Germany,1,19.99
C001628,2023-11-06,Paid Search,98.9,Basic,62,US,1,109.89
C001629,2022-09-03,Paid Search,69.16,Standard,36,Australia,1,79.96
C001630,2022-03-10,Affiliate,49.06,Premium,49,Germany,1,239.94
C001631,2023-07-21,Organic,29.91,Basic,24,France,0,9.99
C001632,2022-11-30,Referral,38.04,Basic,50,US,1,19.98
C001633,2023-04-19,Organic,11.46,Standard,65,Germany,1,119.94
C001634,2023-01-26,Social Media,67.3,Premium,43,US,0,759.69
C001635,2022-01-11,Social Media,35.73,Premium,38,Australia,1,239.94
C001636,2023-04-21,Referral,38.45,Basic,60,UK,1,49.95
C001637,2023-03-25,Paid Search,82.96,Basic,28,UK,1,9.99
C001638,2022-01-19,Email,24.02,Basic,52,Australia,0,99.9
C001639,2023-02-05,Paid Search,55.43,Standard,61,Canada,1,19.99
C001640,2022-06-07,Referral,34.32,Basic,20,Australia,0,509.71
C001641,2023-06-30,Paid Search,80.94,Basic,58,France,1,9.99
C001642,2023-10-19,Affiliate,48.66,Premium,42,Australia,1,39.99
C001643,2022-11-12,Referral,22.1,Basic,42,UK,1,39.96
C001644,2022-09-13,Social Media,75.44,Basic,19,Germany,1,0.0
C001645,2022-01-29,Organic,16.74,Basic,60,US,1,39.96
C001646,2022-08-14,Organic,25.94,Standard,28,Australia,0,59.97
C001647,2022-06-21,Organic,18.31,Basic,38,Canada,1,29.97
C001648,2023-07-30,Affiliate,27.58,Basic,52,Germany,1,9.99
C001649,2023-03-15,Organic,14.65,Basic,38,UK,0,239.86
C001650,2022-01-16,Referral,46.16,Basic,31,Germany,1,29.97
C001651,2022-08-14,Organic,23.16,Basic,57,Canada,1,9.99
C001652,2022-02-14,Organic,27.71,Basic,56,Germany,1,9.99
C001653,2022-04-15,Affiliate,41.45,Premium,54,UK,0,279.93
C001654,2022-09-15,Organic,22.0,Premium,62,Germany,1,479.88
C001655,2023-11-26,Affiliate,25.32,Basic,62,Canada,1,9.99
C001656,2023-11-14,Referral,22.7,Basic,55,Germany,1,9.99
C001657,2023-01-27,Email,45.62,Basic,55,Australia,0,409.72
C001658,2022-01-14,Paid Search,51.48,Standard,25,Canada,0,239.88
C001659,2022-08-31,Affiliate,37.14,Basic,23,US,1,29.97
C001660,2022-05-21,Social Media,54.94,Basic,42,UK,1,69.93
C001661,2023-10-20,Organic,14.76,Standard,46,Australia,1,79.96
C001662,2022-12-03,Paid Search,69.47,Standard,20,France,0,119.94
C001663,2023-03-01,Affiliate,52.51,Standard,32,Australia,0,719.64
C001664,2022-12-06,Social Media,42.11,Standard,60,UK,0,579.71
C001665,2022-08-16,Email,54.91,Standard,29,Germany,1,119.94
C001666,2023-10-07,Organic,11.29,Basic,30,US,1,19.98
C001667,2023-10-12,Paid Search,115.68,Basic,29,France,1,159.84
C001668,2023-07-17,Paid Search,66.54,Basic,64,Germany,1,159.85
C001669,2022-11-15,Paid Search,100.52,Basic,29,France,1,19.98
C001670,2022-09-12,Social Media,44.27,Basic,58,UK,1,9.99
C001671,2022-10-06,Referral,23.2,Premium,43,Germany,0,359.91
C001672,2022-06-21,Referral,37.66,Standard,65,Germany,1,179.91
C001673,2022-06-09,Referral,20.79,Basic,23,Canada,1,9.99
C001674,2023-09-02,Email,26.11,Standard,34,Germany,1,39.98
C001675,2023-04-20,Social Media,52.68,Basic,56,Germany,1,9.99
C001676,2022-03-15,Social Media,36.83,Basic,27,UK,1,9.99
C001677,2022-01-05,Organic,27.23,Standard,41,Germany,1,99.95
C001678,2023-02-19,Referral,57.61,Premium,41,Germany,1,39.99
C001679,2023-05-17,Social Media,62.05,Standard,44,US,0,99.95
C001680,2022-05-08,Referral,57.29,Basic,45,Canada,1,99.9
C001681,2022-12-23,Email,48.37,Standard,41,Australia,1,19.99
C001682,2022-03-01,Affiliate,35.41,Basic,33,UK,1,49.95
C001683,2023-05-05,Organic,28.43,Basic,63,Australia,1,149.9
C001684,2022-01-29,Affiliate,46.63,Basic,56,Germany,1,9.99
C001685,2023-11-29,Paid Search,67.8,Standard,60,UK,0,459.77
C001686,2022-01-13,Organic,25.42,Standard,42,Germany,0,339.83
C001687,2023-08-24,Organic,20.37,Basic,45,UK,1,69.93
C001688,2023-03-14,Social Media,64.59,Standard,52,Australia,1,19.99
C001689,2023-01-27,Email,32.32,Basic,64,US,1,0.0
C001690,2022-04-22,Affiliate,42.9,Standard,27,Canada,1,19.99
C001691,2022-08-03,Affiliate,35.92,Basic,28,Germany,1,119.88
C001692,2022-01-02,Organic,11.4,Standard,51,Germany,1,39.98
C001693,2023-11-02,Social Media,66.65,Basic,41,UK,1,109.89
C001694,2022-05-18,Paid Search,84.05,Standard,25,Germany,1,159.92
C001695,2023-08-04,Paid Search,62.99,Basic,29,UK,1,9.99
C001696,2022-09-23,Referral,37.63,Premium,24,Australia,1,679.83
C001697,2022-06-20,Organic,15.86,Basic,35,US,1,29.97
C001698,2022-12-17,Organic,21.71,Basic,61,US,0,309.69
C001699,2022-01-10,Organic,15.32,Premium,60,France,1,199.95
C001700,2022-02-12,Organic,14.22,Standard,42,France,0,459.77
C001701,2023-06-17,Social Media,76.61,Basic,39,France,1,49.97
C001702,2023-03-16,Social Media,48.54,Premium,38,UK,1,239.94
C001703,2023-01-05,Affiliate,35.94,Standard,40,Canada,0,139.93
C001704,2022-04-13,Organic,19.14,Standard,64,UK,1,19.99
C001705,2022-01-27,Email,24.92,Standard,62,UK,1,79.96
C001706,2023-01-13,Referral,44.73,Standard,48,France,1,119.94
C001707,2023-02-28,Affiliate,27.52,Premium,38,US,1,39.99
C001708,2023-10-11,Social Media,73.67,Premium,65,Canada,1,359.91
C001709,2023-11-26,Referral,29.34,Basic,65,France,1,19.98
C001710,2022-03-25,Social Media,51.4,Premium,48,Australia,1,119.97
C001711,2022-04-13,Affiliate,35.39,Standard,63,UK,1,239.88
C001712,2023-06-17,Email,51.39,Standard,20,UK,1,79.96
C001713,2023-05-25,Organic,16.03,Standard,53,Germany,0,299.85
C001714,2022-06-22,Referral,58.2,Basic,52,UK,0,199.8
C001715,2022-09-07,Paid Search,61.93,Premium,62,US,1,879.78
C001716,2022-04-19,Referral,59.73,Basic,38,Germany,0,59.94
C001717,2022-10-15,Paid Search,100.34,Standard,60,US,1,19.99
C001718,2023-11-13,Paid Search,114.59,Standard,49,US,1,299.85
C001719,2022-12-07,Paid Search,115.22,Standard,56,US,1,39.98
C001720,2023-10-22,Social Media,48.85,Standard,65,Australia,1,19.99
C001721,2023-01-26,Affiliate,45.68,Standard,45,UK,1,59.97
C001722,2022-08-17,Social Media,35.78,Basic,23,Canada,1,339.77
C001723,2023-08-30,Paid Search,102.12,Basic,41,UK,1,69.93
C001724,2022-11-17,Referral,43.08,Basic,21,France,1,19.98
C001725,2023-07-03,Paid Search,109.3,Premium,38,Canada,0,39.99
C001726,2023-11-27,Paid Search,86.38,Standard,32,US,1,299.85
C001727,2023-02-09,Organic,20.77,Basic,27,Canada,1,39.96
C001728,2022-08-13,Referral,47.2,Basic,36,UK,0,299.7
C001729,2023-11-13,Affiliate,21.37,Basic,50,Australia,1,9.99
C001730,2022-05-07,Social Media,79.84,Standard,48,Australia,1,19.99
C001731,2022-08-09,Referral,31.66,Premium,21,Canada,1,79.98
C001732,2022-06-06,Affiliate,28.42,Standard,32,Australia,1,19.99
C001733,2022-02-23,Paid Search,109.97,Standard,37,Australia,0,59.97
C001734,2022-06-13,Organic,20.96,Basic,61,Germany,0,139.89
C001735,2022-12-23,Referral,35.64,Standard,36,Canada,1,79.96
C001736,2022-07-19,Affiliate,54.25,Basic,26,Canada,0,299.82
C001737,2023-08-18,Organic,27.0,Standard,47,Australia,0,579.71
C001738,2022-06-17,Email,25.5,Standard,36,UK,1,99.95
C001739,2022-08-03,Paid Search,106.31,Basic,59,US,1,239.8
C001740,2023-01-06,Affiliate,54.25,Basic,27,Germany,1,29.97
C001741,2023-03-14,Affiliate,53.67,Premium,24,Canada,1,199.95
C001742,2023-05-01,Paid Search,116.15,Basic,50,Australia,1,139.86
C001743,2022-12-13,Email,37.35,Basic,64,Germany,1,99.9
C001744,2022-09-08,Organic,12.38,Basic,37,Australia,0,29.97
C001745,2023-09-03,Paid Search,95.7,Basic,62,Australia,1,359.79
C001746,2023-11-06,Organic,25.55,Premium,59,Germany,1,199.95
C001747,2022-10-09,Affiliate,46.13,Basic,25,US,1,29.97
C001748,2022-03-26,Organic,19.78,Standard,50,UK,1,39.98
C001749,2022-01-24,Email,42.92,Standard,35,Australia,1,99.95
C001750,2022-04-07,Email,27.24,Basic,59,Australia,1,19.98
C001751,2023-03-21,Social Media,58.57,Basic,22,Australia,1,39.96
C001752,2023-07-05,Paid Search,78.37,Standard,43,France,1,39.98
C001753,2023-07-04,Email,39.54,Standard,55,France,1,319.84
C001754,2023-10-30,Organic,25.07,Basic,60,US,1,49.95
C001755,2022-07-05,Email,47.81,Basic,46,Canada,0,9.99
C001756,2022-05-06,Organic,12.58,Basic,28,US,0,209.89
C001757,2023-07-30,Social Media,72.57,Basic,25,France,1,49.95
C001758,2022-11-02,Social Media,78.31,Basic,60,US,0,229.77
C001759,2022-09-12,Social Media,32.31,Premium,36,Australia,1,759.81
C001760,2023-07-01,Referral,25.59,Basic,38,France,1,9.99
C001761,2022-12-27,Email,41.53,Basic,24,Australia,1,29.97
C001762,2022-02-15,Paid Search,52.57,Basic,31,UK,1,29.97
C001763,2023-09-09,Email,28.64,Basic,26,Australia,1,39.96
C001764,2023-09-30,Referral,22.97,Basic,42,Australia,0,349.65
C001765,2022-06-17,Referral,38.24,Premium,61,Germany,1,39.99
C001766,2022-05-27,Email,28.15,Standard,35,Australia,0,279.86
C001767,2023-10-24,Paid Search,100.01,Standard,59,France,0,139.93
C001768,2023-09-12,Paid Search,79.38,Basic,45,Germany,1,9.99
C001769,2022-01-27,Email,29.9,Basic,52,US,0,279.72
C001770,2023-12-02,Email,36.27,Basic,23,Canada,1,29.97
C001771,2022-12-08,Social Media,37.32,Standard,35,US,0,39.98
C001772,2022-04-11,Referral,59.18,Basic,24,US,1,9.99
C001773,2022-06-29,Email,49.13,Basic,49,US,1,39.96
C001774,2023-06-26,Social Media,65.02,Premium,53,Canada,0,159.96
C001775,2023-09-15,Organic,27.93,Basic,42,UK,0,9.99
C001776,2022-12-20,Affiliate,47.11,Standard,53,France,1,59.97
C001777,2023-02-17,Referral,43.69,Basic,61,France,1,19.98
C001778,2022-06-09,Affiliate,25.05,Basic,65,Canada,1,79.93
C001779,2022-02-24,Affiliate,45.57,Basic,33,Australia,1,39.96
C001780,2023-09-16,Referral,48.27,Basic,40,Germany,0,249.75
C001781,2023-05-30,Social Media,43.79,Basic,63,UK,0,159.84
C001782,2022-11-09,Affiliate,54.32,Premium,44,Canada,0,159.96
C001783,2022-04-03,Affiliate,23.18,Standard,23,UK,1,19.99
C001784,2023-08-13,Organic,11.69,Basic,49,US,0,259.74
C001785,2023-03-11,Affiliate,40.35,Standard,48,Germany,1,139.93
C001786,2023-06-12,Affiliate,59.92,Premium,62,US,1,159.96
C001787,2023-02-20,Organic,22.33,Premium,65,US,1,239.94
C001788,2023-03-12,Affiliate,41.37,Basic,65,Australia,1,19.98
C001789,2023-06-25,Affiliate,44.37,Standard,28,Australia,1,79.96
C001790,2023-06-21,Paid Search,62.24,Basic,26,France,1,169.83
C001791,2022-12-28,Organic,18.45,Basic,41,US,0,159.84
C001792,2022-12-13,Affiliate,29.99,Standard,25,Canada,0,479.76
C001793,2022-11-03,Referral,31.74,Basic,65,Australia,1,19.98
C001794,2023-08-06,Referral,28.7,Basic,59,France,1,29.97
C001795,2022-02-06,Referral,55.7,Standard,21,Canada,1,19.99
C001796,2022-01-07,Email,38.41,Basic,24,US,1,9.99
C001797,2022-12-25,Affiliate,27.45,Basic,24,Germany,1,39.96
C001798,2023-05-19,Paid Search,55.93,Standard,27,Germany,1,199.9
C001799,2022-05-07,Referral,20.28,Standard,34,UK,0,659.67
C001800,2023-04-27,Referral,34.97,Basic,29,France,1,59.94
C001801,2022-10-03,Organic,29.79,Standard,46,UK,1,79.96
C001802,2022-05-24,Social Media,67.35,Basic,63,UK,1,159.84
C001803,2022-04-24,Paid Search,69.94,Basic,44,Australia,1,69.93
C001804,2022-12-06,Organic,13.21,Basic,48,Australia,1,9.99
C001805,2022-09-30,Organic,18.42,Standard,61,Australia,1,219.89
C001806,2022-05-11,Social Media,67.55,Standard,43,France,0,659.67
C001807,2023-02-03,Paid Search,57.68,Basic,19,UK,0,129.93
C001808,2022-06-09,Social Media,55.0,Standard,33,US,0,319.84
C001809,2023-11-26,Social Media,51.48,Standard,18,Germany,0,479.76
C001810,2023-05-07,Social Media,44.11,Basic,45,UK,1,99.9
C001811,2023-09-25,Paid Search,101.05,Basic,35,US,1,29.97
C001812,2022-09-27,Affiliate,29.89,Standard,30,Germany,1,19.99
C001813,2022-04-16,Affiliate,49.22,Standard,30,France,1,319.84
C001814,2023-10-07,Affiliate,25.95,Basic,43,US,1,69.93
C001815,2022-10-08,Paid Search,115.04,Basic,57,UK,0,159.84
C001816,2022-04-04,Organic,17.61,Standard,62,Australia,1,39.98
C001817,2022-08-25,Paid Search,73.53,Basic,50,Germany,1,19.98
C001818,2023-10-22,Organic,16.09,Basic,35,Canada,1,19.98
C001819,2023-03-05,Paid Search,72.39,Basic,20,US,0,19.98
C001820,2022-02-23,Affiliate,49.79,Basic,48,Canada,0,409.66
C001821,2023-09-14,Organic,18.62,Basic,49,Canada,0,249.85
C001822,2022-12-09,Social Media,35.58,Standard,61,France,1,99.95
C001823,2022-05-14,Social Media,48.03,Standard,65,France,1,199.9
C001824,2023-06-26,Email,34.86,Standard,31,France,1,199.9
C001825,2023-01-29,Organic,27.74,Basic,65,France,1,49.95
C001826,2022-05-04,Organic,21.73,Premium,59,UK,1,439.89
C001827,2022-07-17,Affiliate,37.83,Basic,52,France,1,119.9
C001828,2022-12-18,Social Media,66.27,Premium,30,France,1,639.84
C001829,2022-06-07,Organic,12.56,Basic,63,Canada,1,139.86
C001830,2023-07-28,Social Media,74.75,Basic,63,US,1,79.94
C001831,2023-03-23,Organic,19.66,Standard,50,US,0,639.68
C001832,2022-06-20,Email,30.97,Premium,36,US,1,39.99
C001833,2023-08-03,Organic,25.89,Standard,65,Germany,1,379.81
C001834,2023-05-22,Affiliate,41.3,Standard,22,UK,1,199.9
C001835,2023-03-25,Email,35.37,Standard,43,France,1,279.86
C001836,2022-10-06,Paid Search,62.88,Basic,31,France,1,9.99
C001837,2022-01-10,Email,38.22,Standard,51,Canada,0,679.66
C001838,2022-11-07,Paid Search,70.75,Basic,25,UK,1,69.93
C001839,2022-08-18,Organic,20.67,Basic,58,UK,1,149.85
C001840,2022-10-12,Paid Search,68.93,Standard,59,UK,1,39.98
C001841,2022-08-04,Email,24.65,Standard,58,France,0,359.82
C001842,2023-01-13,Social Media,34.16,Standard,53,Canada,1,199.9
C001843,2022-05-17,Referral,55.93,Basic,21,Australia,0,9.99
C001844,2022-01-11,Social Media,40.96,Premium,29,Canada,1,39.99
C001845,2022-01-17,Email,46.29,Premium,55,US,1,119.97
C001846,2023-01-27,Affiliate,30.29,Standard,56,France,0,479.76
C001847,2022-07-31,Referral,28.83,Basic,55,Australia,1,29.97
C001848,2023-02-09,Paid Search,81.22,Standard,45,Canada,1,19.99
C001849,2022-06-01,Referral,23.75,Basic,29,UK,1,49.95
C001850,2022-07-13,Email,39.62,Standard,59,Canada,0,39.98
C001851,2022-01-22,Social Media,38.15,Basic,43,Australia,1,19.98
C001852,2023-09-15,Paid Search,54.86,Basic,33,Germany,0,89.91
C001853,2023-10-23,Referral,24.01,Standard,64,US,1,19.99
C001854,2023-09-10,Organic,17.56,Basic,18,Australia,1,119.88
C001855,2022-02-14,Paid Search,67.38,Basic,27,Australia,0,109.89
C001856,2023-09-07,Organic,25.85,Basic,24,France,1,9.99
C001857,2022-12-13,Affiliate,23.4,Basic,54,Germany,1,39.96
C001858,2022-06-17,Social Media,46.59,Basic,21,France,1,59.94
C001859,2022-10-01,Affiliate,41.74,Basic,20,US,1,9.99
C001860,2023-07-12,Social Media,35.13,Premium,44,UK,1,279.93
C001861,2022-01-02,Paid Search,51.68,Basic,27,Canada,1,319.83
C001862,2023-11-03,Social Media,41.29,Premium,42,Australia,1,399.9
C001863,2022-04-26,Referral,26.78,Basic,24,Canada,1,9.99
C001864,2023-01-01,Organic,22.31,Basic,23,US,1,19.98
C001865,2023-09-12,Paid Search,62.46,Standard,56,UK,1,179.91
C001866,2023-11-27,Referral,26.01,Standard,37,France,0,699.65
C001867,2022-10-21,Social Media,73.77,Basic,49,Australia,0,9.99
C001868,2023-01-13,Social Media,70.54,Standard,22,US,0,19.99
C001869,2022-06-02,Affiliate,25.86,Basic,46,Australia,1,69.93
C001870,2023-05-05,Organic,12.26,Basic,64,Canada,1,19.98
C001871,2022-05-29,Organic,16.46,Basic,42,Canada,1,9.99
C001872,2022-11-23,Referral,36.95,Standard,44,France,1,119.94
C001873,2023-10-14,Social Media,36.91,Premium,33,Germany,1,279.93
C001874,2023-03-05,Email,39.88,Standard,52,France,0,259.87
C001875,2022-08-24,Referral,23.34,Standard,51,France,1,59.97
C001876,2022-08-13,Affiliate,23.49,Basic,31,US,0,169.83
C001877,2023-01-07,Email,38.96,Basic,25,US,1,29.97
C001878,2022-12-24,Social Media,72.44,Premium,26,Canada,0,319.92
C001879,2023-04-17,Paid Search,108.47,Standard,44,UK,1,179.91
C001880,2022-08-04,Paid Search,53.91,Basic,62,Australia,1,39.96
C001881,2022-05-27,Referral,49.32,Standard,45,Canada,1,39.98
C001882,2022-02-25,Affiliate,24.24,Standard,48,France,1,139.93
C001883,2022-06-11,Organic,12.94,Basic,33,US,1,129.91
C001884,2022-01-13,Email,53.24,Basic,29,Germany,1,9.99
C001885,2022-05-24,Affiliate,41.1,Premium,48,Germany,1,39.99
C001886,2022-12-12,Referral,51.26,Standard,36,US,1,39.98
C001887,2022-06-09,Organic,27.62,Basic,29,France,1,429.76
C001888,2022-06-14,Organic,17.93,Basic,47,France,1,19.98
C001889,2022-09-22,Email,40.07,Standard,45,UK,0,239.88
C001890,2022-10-06,Organic,20.43,Premium,26,Australia,1,159.96
C001891,2022-08-05,Referral,44.76,Basic,29,Australia,0,299.74
C001892,2023-07-27,Email,53.67,Standard,47,Germany,0,259.87
C001893,2022-11-17,Affiliate,45.68,Standard,28,US,1,39.98
C001894,2023-01-16,Affiliate,36.97,Basic,24,US,1,99.9
C001895,2023-01-07,Email,51.15,Basic,33,Canada,1,19.98
C001896,2022-06-16,Email,24.26,Basic,18,Canada,1,9.99
C001897,2022-07-12,Email,28.07,Premium,33,Canada,0,239.94
C001898,2022-03-29,Email,42.59,Standard,48,US,1,19.99
C001899,2022-02-19,Social Media,34.66,Basic,40,Canada,1,19.98
C001900,2023-02-12,Email,27.8,Standard,64,Canada,0,299.85
C001901,2022-05-13,Affiliate,46.99,Basic,65,France,0,9.99
C001902,2022-04-14,Email,52.3,Basic,55,Germany,1,49.95
C001903,2023-05-04,Email,54.75,Basic,28,UK,0,249.75
C001904,2023-11-30,Referral,23.15,Standard,63,UK,1,179.91
C001905,2022-08-09,Affiliate,46.17,Standard,28,France,1,19.99
C001906,2023-06-13,Affiliate,44.35,Standard,39,Germany,0,319.84
C001907,2022-05-15,Social Media,44.54,Standard,45,US,1,39.98
C001908,2023-12-01,Referral,29.56,Premium,56,US,1,199.95
C001909,2022-06-06,Email,45.11,Basic,18,UK,1,99.9
C001910,2022-11-13,Email,54.7,Standard,23,Germany,1,19.99
C001911,2022-04-07,Referral,32.55,Premium,28,US,1,39.99
C001912,2022-10-14,Email,34.53,Basic,29,Australia,1,99.9
C001913,2023-04-17,Social Media,79.31,Premium,46,Australia,1,119.97
C001914,2022-05-24,Organic,29.43,Basic,41,Canada,1,9.99
C001915,2023-02-15,Referral,54.28,Premium,26,Germany,1,119.97
C001916,2023-01-11,Email,53.79,Premium,41,US,1,119.97
C001917,2023-11-30,Referral,40.24,Basic,61,US,1,19.98
C001918,2023-09-28,Affiliate,22.28,Standard,62,France,1,79.96
C001919,2022-01-09,Paid Search,109.71,Basic,28,France,0,259.74
C001920,2023-02-13,Organic,14.46,Premium,60,US,1,39.99
C001921,2022-12-24,Referral,38.74,Standard,47,US,0,59.97
C001922,2022-03-29,Paid Search,101.22,Premium,43,Germany,1,39.99
C001923,2022-07-24,Referral,33.15,Basic,56,Germany,1,19.98
C001924,2022-08-06,Affiliate,49.65,Basic,47,US,1,79.92
C001925,2023-07-13,Paid Search,116.4,Basic,31,Canada,1,19.98
C001926,2023-08-05,Organic,29.76,Standard,21,Canada,1,139.93
C001927,2023-03-17,Referral,28.54,Basic,19,Australia,0,129.87
C001928,2023-03-10,Social Media,42.6,Basic,27,US,1,29.97
C001929,2022-10-08,Referral,23.27,Premium,46,Germany,1,39.99
C001930,2023-06-22,Paid Search,96.88,Basic,21,US,0,89.91
C001931,2023-03-15,Social Media,78.17,Basic,30,Canada,1,29.97
C001932,2023-03-06,Referral,39.02,Standard,28,Australia,1,259.87
C001933,2023-03-24,Social Media,75.63,Standard,18,France,1,179.91
C001934,2023-09-04,Paid Search,55.45,Standard,57,UK,0,679.66
C001935,2022-11-28,Affiliate,59.45,Premium,65,Australia,0,1119.72
C001936,2022-11-21,Organic,13.01,Basic,27,Germany,0,109.9
C001937,2022-11-21,Organic,25.84,Standard,34,France,1,19.99
C001938,2022-01-04,Referral,57.73,Premium,58,Germany,1,439.89
C001939,2023-10-17,Email,23.9,Basic,30,Germany,1,9.99
C001940,2023-07-14,Paid Search,92.07,Basic,31,UK,1,19.98
C001941,2023-11-27,Email,58.2,Basic,41,US,1,9.99
C001942,2022-11-06,Social Media,55.1,Premium,62,Germany,1,79.98
C001943,2023-10-27,Referral,36.56,Basic,52,Germany,1,19.98
C001944,2023-06-20,Social Media,35.67,Basic,45,Canada,1,19.98
C001945,2022-07-01,Email,43.8,Standard,42,Canada,1,79.96
C001946,2023-11-07,Affiliate,47.21,Standard,62,France,1,0.0
C001947,2022-04-12,Organic,26.12,Basic,59,US,1,9.99
C001948,2023-09-24,Referral,24.15,Standard,57,France,1,39.98
C001949,2022-04-13,Affiliate,37.76,Standard,20,Australia,1,59.97
C001950,2022-10-24,Referral,28.47,Standard,53,Germany,1,19.99
C001951,2022-04-28,Paid Search,109.94,Premium,40,Germany,1,159.96
C001952,2023-02-27,Affiliate,48.15,Standard,18,Canada,0,359.82
C001953,2022-08-18,Email,31.34,Premium,34,Canada,1,39.99
C001954,2023-03-01,Affiliate,29.66,Premium,44,US,1,159.96
C001955,2022-01-16,Organic,13.07,Basic,51,Australia,1,9.99
C001956,2023-09-07,Social Media,46.75,Premium,45,UK,1,399.9
C001957,2023-07-24,Referral,27.71,Standard,21,France,1,219.89
C001958,2023-03-16,Paid Search,115.76,Basic,64,UK,1,29.97
C001959,2023-02-17,Social Media,55.86,Basic,24,Australia,1,29.97
C001960,2022-05-10,Email,24.73,Standard,43,Australia,0,119.94
C001961,2022-09-24,Email,26.36,Basic,23,US,1,69.93
C001962,2022-01-27,Referral,20.46,Standard,27,US,0,59.97
C001963,2023-09-25,Affiliate,41.75,Premium,54,Germany,1,399.9
C001964,2022-01-26,Affiliate,49.37,Premium,58,Australia,1,119.97
C001965,2023-01-02,Paid Search,66.78,Premium,37,UK,1,79.98
C001966,2023-07-03,Paid Search,100.84,Standard,42,Canada,1,39.98
C001967,2023-11-07,Organic,15.5,Premium,58,US,1,299.92
C001968,2023-10-16,Email,54.68,Basic,56,US,1,119.88
C001969,2022-04-20,Paid Search,69.77,Premium,23,US,1,159.96
C001970,2023-05-22,Social Media,75.64,Basic,24,Germany,1,39.96
C001971,2022-01-23,Referral,22.94,Premium,22,UK,1,39.99
C001972,2023-03-06,Referral,55.59,Standard,46,UK,0,239.88
C001973,2022-07-04,Social Media,30.51,Basic,54,Australia,0,39.96
C001974,2023-09-14,Organic,12.34,Basic,40,Germany,1,49.95
C001975,2023-09-21,Email,41.86,Basic,65,Canada,1,169.88
C001976,2022-05-05,Paid Search,92.43,Standard,51,France,0,539.73
C001977,2022-06-06,Paid Search,110.68,Basic,31,US,0,479.72
C001978,2022-12-02,Paid Search,65.38,Standard,26,Canada,1,99.95
C001979,2022-10-08,Referral,27.97,Basic,63,France,1,59.94
C001980,2023-10-30,Social Media,53.35,Standard,45,France,0,499.75
C001981,2023-02-14,Paid Search,67.51,Basic,63,Canada,1,9.99
C001982,2023-02-07,Organic,21.67,Standard,37,UK,0,579.71
C001983,2022-07-30,Affiliate,39.51,Premium,45,France,1,219.94
C001984,2022-10-06,Social Media,61.15,Standard,45,UK,1,19.99
C001985,2023-08-04,Social Media,48.7,Standard,22,Germany,1,199.9
C001986,2022-06-21,Organic,29.16,Basic,44,Canada,0,129.93
C001987,2023-09-11,Affiliate,58.02,Standard,43,US,1,19.99
C001988,2022-04-28,Paid Search,106.63,Basic,29,Canada,0,369.78
C001989,2022-09-09,Organic,14.3,Basic,27,Canada,0,49.95
C001990,2022-05-06,Organic,16.37,Basic,39,UK,0,539.7
C001991,2023-04-22,Email,51.81,Premium,53,US,1,79.98
C001992,2023-01-30,Social Media,60.09,Standard,24,France,1,199.9
C001993,2022-10-12,Affiliate,44.32,Premium,60,US,1,399.9
C001994,2023-08-11,Affiliate,36.87,Standard,38,Canada,1,259.87
C001995,2022-07-22,Paid Search,53.48,Basic,20,Canada,1,49.95
C001996,2023-03-08,Organic,12.48,Basic,38,France,1,59.94
C001997,2023-01-28,Paid Search,90.35,Basic,59,France,0,199.8
C001998,2022-01-05,Referral,31.37,Standard,43,US,0,279.86
C001999,2023-07-01,Email,21.56,Standard,22,Germany,1,119.94
C002000,2022-04-08,Referral,48.93,Basic,40,Germany,1,9.99
C002001,2022-03-23,Email,50.98,Basic,21,Germany,0,19.98
C002002,2022-11-02,Affiliate,59.36,Basic,59,US,1,69.94
C002003,2023-01-18,Email,24.11,Basic,18,UK,0,19.98
C002004,2022-04-18,Social Media,73.07,Standard,32,UK,1,19.99
C002005,2022-04-01,Paid Search,100.69,Standard,52,US,1,39.98
C002006,2022-02-23,Social Media,74.17,Basic,21,Canada,1,39.96
C002007,2022-03-18,Social Media,46.47,Standard,42,Canada,1,179.91
C002008,2022-06-24,Paid Search,90.84,Basic,38,UK,1,289.85
C002009,2023-08-22,Referral,45.48,Standard,51,France,1,39.98
C002010,2022-09-04,Email,39.12,Basic,35,Canada,0,239.76
C002011,2023-05-10,Paid Search,56.43,Standard,63,US,1,39.98
C002012,2022-12-28,Email,53.42,Basic,59,Australia,1,19.98
C002013,2022-07-30,Affiliate,23.12,Premium,21,UK,0,639.76
C002014,2022-01-14,Affiliate,28.65,Standard,30,Germany,1,19.99
C002015,2022-04-18,Social Media,40.43,Standard,51,France,1,339.83
C002016,2022-11-17,Social Media,65.43,Standard,50,US,0,339.83
C002017,2022-05-14,Paid Search,114.17,Basic,46,France,0,59.94
C002018,2023-06-10,Paid Search,104.6,Basic,35,Germany,1,29.97
C002019,2022-06-18,Affiliate,32.29,Premium,59,US,1,119.97
C002020,2022-05-31,Referral,55.05,Standard,33,US,1,299.85
C002021,2023-04-17,Paid Search,68.67,Basic,51,Germany,1,19.98
C002022,2022-12-27,Social Media,35.92,Standard,40,Germany,0,279.86
C002023,2022-08-06,Paid Search,77.78,Basic,39,US,1,89.91
C002024,2023-03-28,Social Media,48.49,Basic,42,Australia,0,269.73
C002025,2023-03-09,Paid Search,70.58,Basic,56,Canada,1,99.92
C002026,2023-06-27,Email,39.74,Basic,61,US,1,29.97
C002027,2023-10-24,Paid Search,117.13,Basic,21,US,1,59.94
C002028,2023-08-13,Social Media,41.94,Standard,35,UK,1,219.89
C002029,2023-09-28,Affiliate,48.63,Basic,24,UK,1,19.98
C002030,2022-10-02,Referral,28.23,Standard,40,Australia,0,19.99
C002031,2022-10-22,Affiliate,43.85,Standard,24,UK,0,539.73
C002032,2023-05-31,Affiliate,44.88,Standard,62,UK,1,39.98
C002033,2022-06-24,Social Media,64.07,Basic,39,Germany,1,9.99
C002034,2022-05-26,Organic,23.32,Basic,19,UK,1,119.88
C002035,2022-09-28,Organic,13.41,Standard,18,France,1,179.91
C002036,2022-12-27,Referral,43.33,Basic,33,Germany,1,39.96
C002037,2022-04-23,Organic,26.38,Standard,36,UK,0,79.96
C002038,2023-06-22,Email,26.69,Basic,24,US,0,149.88
C002039,2022-11-08,Affiliate,33.43,Basic,40,France,1,19.98
C002040,2022-09-21,Affiliate,39.46,Basic,18,Canada,1,59.94
C002041,2022-11-05,Affiliate,33.35,Standard,60,France,1,19.99
C002042,2023-05-11,Organic,15.4,Standard,58,US,1,139.93
C002043,2022-06-01,Referral,54.25,Standard,27,Canada,1,39.98
C002044,2023-05-25,Organic,14.89,Standard,45,Canada,1,19.99
C002045,2022-07-31,Affiliate,23.57,Premium,42,Australia,1,979.75
C002046,2022-04-21,Social Media,73.86,Standard,46,France,1,219.89
C002047,2022-06-29,Social Media,75.52,Basic,39,Germany,1,139.86
C002048,2023-08-27,Referral,57.81,Basic,30,US,1,69.93
C002049,2023-08-17,Email,48.07,Standard,25,Germany,1,19.99
C002050,2023-04-11,Email,58.73,Standard,36,US,1,19.99
C002051,2022-01-09,Referral,57.09,Basic,61,UK,1,59.94
C002052,2023-06-20,Social Media,61.19,Standard,37,Germany,1,39.98
C002053,2022-10-23,Organic,26.0,Basic,20,UK,0,149.85
C002054,2022-10-17,Email,24.94,Basic,18,Germany,1,219.78
C002055,2022-12-27,Affiliate,53.36,Basic,26,Canada,0,189.81
C002056,2022-10-18,Email,46.61,Standard,27,US,1,119.94
C002057,2022-10-05,Paid Search,119.71,Basic,55,US,1,49.95
C002058,2022-10-25,Paid Search,52.25,Premium,33,Australia,0,1199.7
C002059,2023-10-15,Referral,36.9,Premium,24,Canada,1,79.98
C002060,2022-11-06,Email,32.43,Standard,61,Canada,0,39.98
C002061,2023-08-16,Paid Search,97.83,Basic,26,Germany,0,9.99
C002062,2023-07-22,Paid Search,71.07,Basic,54,Australia,1,19.98
C002063,2023-04-18,Email,27.33,Standard,45,US,0,319.84
C002064,2022-05-22,Email,37.68,Basic,61,Australia,1,219.78
C002065,2023-01-02,Referral,34.17,Basic,44,Germany,0,49.97
C002066,2022-01-29,Email,21.06,Standard,23,UK,1,259.87
C002067,2023-09-22,Social Media,69.33,Standard,41,UK,1,59.97
C002068,2023-09-28,Email,56.0,Premium,21,Germany,1,39.99
C002069,2022-05-09,Referral,46.8,Basic,51,Germany,0,49.95
C002070,2022-02-25,Organic,11.09,Standard,59,US,1,39.98
C002071,2022-12-08,Email,23.9,Basic,48,Australia,0,369.73
C002072,2022-12-06,Organic,12.43,Standard,50,Australia,1,159.92
C002073,2022-02-24,Affiliate,28.2,Basic,65,Germany,1,79.93
C002074,2022-05-20,Paid Search,112.65,Standard,27,Canada,1,39.98
C002075,2023-10-06,Social Media,65.96,Premium,49,France,1,39.99
C002076,2022-07-25,Organic,11.34,Basic,25,France,0,239.76
C002077,2022-04-10,Paid Search,64.3,Basic,50,Germany,1,9.99
C002078,2023-02-05,Organic,28.52,Basic,48,UK,1,39.96
C002079,2022-08-29,Email,30.41,Standard,46,Australia,1,39.98
C002080,2023-09-24,Organic,18.65,Standard,29,UK,1,19.99
C002081,2023-11-05,Paid Search,61.95,Standard,52,UK,1,39.98
C002082,2023-05-03,Referral,31.6,Standard,55,Germany,0,39.98
C002083,2023-01-12,Affiliate,31.01,Basic,24,Germany,0,159.84
C002084,2023-03-03,Referral,25.93,Basic,25,France,1,9.99
C002085,2023-02-03,Organic,21.61,Basic,59,Australia,1,149.85
C002086,2023-09-27,Referral,21.71,Premium,26,Germany,1,679.83
C002087,2023-04-15,Social Media,30.46,Basic,50,France,1,9.99
C002088,2022-08-04,Social Media,75.13,Standard,50,US,0,379.81
C002089,2022-06-28,Affiliate,26.06,Standard,54,Canada,1,119.94
C002090,2023-04-16,Affiliate,54.35,Basic,60,Canada,1,49.95
C002091,2023-02-08,Organic,28.32,Standard,42,Germany,0,39.98
C002092,2023-09-13,Affiliate,27.21,Standard,50,Australia,1,139.93
C002093,2023-06-23,Social Media,36.47,Basic,55,Canada,1,259.84
C002094,2023-08-22,Email,53.2,Basic,19,Australia,0,29.97
C002095,2022-06-12,Paid Search,56.76,Basic,61,Germany,1,29.97
C002096,2022-11-28,Paid Search,118.69,Standard,64,UK,1,19.99
C002097,2022-04-18,Paid Search,100.97,Basic,44,US,1,19.98
C002098,2022-03-05,Email,30.02,Basic,65,US,1,49.95
C002099,2023-03-29,Social Media,60.33,Standard,29,Canada,1,179.91
C002100,2022-04-21,Affiliate,37.98,Basic,58,France,0,219.78
C002101,2023-07-24,Paid Search,63.7,Basic,61,Canada,1,9.99
C002102,2022-08-19,Paid Search,101.95,Basic,51,UK,1,59.94
C002103,2022-03-30,Email,20.97,Premium,24,UK,1,79.98
C002104,2022-02-04,Paid Search,112.53,Basic,44,France,1,9.99
C002105,2023-07-14,Organic,16.81,Standard,64,Australia,0,19.99
C002106,2023-06-25,Referral,27.61,Basic,48,France,1,39.96
C002107,2022-12-27,Social Media,60.92,Standard,26,US,1,39.98
C002108,2023-03-26,Referral,45.02,Premium,54,US,1,39.99
C002109,2022-05-11,Email,31.93,Basic,32,US,1,9.99
C002110,2023-09-08,Email,33.24,Basic,36,Canada,1,9.99
C002111,2023-02-04,Affiliate,34.32,Premium,28,Canada,1,559.86
C002112,2022-03-18,Email,43.01,Premium,57,France,1,159.96
C002113,2022-11-16,Referral,44.75,Standard,25,France,1,59.97
C002114,2023-04-28,Social Media,62.66,Basic,44,Canada,1,49.95
C002115,2022-07-25,Social Media,74.4,Basic,31,France,1,9.99
C002116,2022-12-04,Affiliate,56.49,Basic,49,US,1,59.94
C002117,2023-08-01,Email,48.12,Standard,20,Canada,1,619.69
C002118,2022-03-14,Referral,43.93,Standard,23,France,1,39.98
C002119,2023-05-06,Paid Search,68.94,Basic,20,Germany,0,549.7
C002120,2023-06-04,Paid Search,95.52,Basic,37,UK,1,9.99
C002121,2022-01-22,Organic,10.53,Standard,30,France,1,79.96
C002122,2023-09-15,Referral,47.28,Standard,53,Germany,0,59.97
C002123,2022-02-23,Referral,50.63,Standard,45,Australia,1,219.89
C002124,2023-03-14,Email,25.51,Basic,57,Canada,1,9.99
C002125,2022-12-27,Paid Search,74.02,Premium,33,UK,1,519.87
C002126,2022-04-05,Email,20.4,Basic,52,France,1,89.93
C002127,2022-02-16,Organic,27.47,Basic,21,US,1,9.99
C002128,2022-02-28,Paid Search,80.7,Basic,38,Canada,0,9.99
C002129,2023-09-09,Affiliate,55.62,Premium,26,France,1,39.99
C002130,2023-02-12,Referral,46.3,Standard,22,Canada,1,19.99
C002131,2023-07-11,Paid Search,84.65,Standard,40,UK,1,59.97
C002132,2023-03-31,Affiliate,32.11,Basic,53,Canada,0,39.96
C002133,2023-11-01,Paid Search,86.88,Basic,62,France,1,29.97
C002134,2023-05-31,Organic,11.08,Premium,63,France,1,119.97
C002135,2023-05-13,Social Media,33.92,Premium,51,UK,1,439.89
C002136,2022-11-09,Affiliate,42.12,Basic,64,UK,1,69.93
C002137,2022-02-06,Paid Search,98.88,Standard,47,US,1,19.99
C002138,2022-01-22,Referral,53.45,Basic,55,Germany,1,19.98
C002139,2022-11-04,Organic,11.19,Premium,42,Germany,1,159.96
C002140,2022-01-20,Referral,35.39,Basic,31,Germany,1,19.98
C002141,2022-07-08,Affiliate,37.24,Basic,37,US,1,79.92
C002142,2023-07-09,Social Media,76.86,Premium,39,Canada,1,399.9
C002143,2023-08-29,Paid Search,103.01,Basic,57,Germany,1,19.98
C002144,2023-03-14,Affiliate,57.14,Standard,24,France,0,259.87
C002145,2023-02-02,Affiliate,57.3,Basic,52,Germany,1,179.82
C002146,2023-03-11,Email,48.77,Standard,34,UK,1,319.84
C002147,2023-01-26,Referral,49.83,Premium,26,US,1,159.96
C002148,2022-10-15,Affiliate,58.04,Basic,33,France,1,49.95
C002149,2022-10-30,Social Media,58.55,Basic,35,Canada,1,259.74
C002150,2022-10-03,Affiliate,30.02,Standard,56,US,0,559.72
C002151,2022-05-08,Social Media,58.42,Basic,34,UK,1,9.99
C002152,2023-03-31,Referral,20.69,Basic,20,Canada,1,9.99
C002153,2023-05-07,Affiliate,53.77,Basic,21,France,1,19.98
C002154,2022-03-23,Social Media,74.85,Standard,22,Germany,0,179.91
C002155,2022-07-04,Social Media,68.3,Basic,49,UK,0,149.88
C002156,2022-08-21,Affiliate,26.98,Premium,59,US,0,159.96
C002157,2022-08-27,Organic,23.09,Basic,50,Germany,0,329.71
C002158,2023-08-17,Social Media,32.1,Standard,21,Australia,1,99.95
C002159,2022-09-23,Social Media,30.81,Standard,40,France,1,79.96
C002160,2022-02-15,Email,29.39,Basic,50,Germany,1,99.9
C002161,2022-04-26,Email,23.1,Basic,54,Canada,1,399.75
C002162,2023-11-29,Referral,22.86,Basic,36,UK,0,189.81
C002163,2022-01-26,Social Media,60.35,Basic,44,Australia,1,79.93
C002164,2023-01-19,Referral,57.7,Basic,19,UK,1,39.96
C002165,2023-01-13,Organic,15.82,Basic,55,US,0,109.89
C002166,2022-04-19,Email,28.46,Basic,63,Australia,0,59.94
C002167,2023-06-05,Email,48.51,Premium,42,France,1,39.99
C002168,2022-02-03,Affiliate,49.05,Basic,59,US,1,19.98
C002169,2022-03-21,Paid Search,89.58,Premium,58,France,1,39.99
C002170,2023-03-05,Email,49.32,Standard,51,US,1,39.98
C002171,2023-09-14,Referral,46.37,Standard,38,Canada,1,119.94
C002172,2022-07-19,Email,31.72,Basic,33,Canada,0,189.81
C002173,2022-08-25,Referral,32.59,Premium,62,UK,1,839.79
C002174,2023-04-01,Affiliate,58.3,Basic,23,Canada,1,29.97
C002175,2023-07-28,Email,23.06,Basic,48,France,1,49.95
C002176,2022-08-24,Referral,51.45,Basic,26,France,0,549.7
C002177,2022-09-08,Referral,46.96,Standard,56,Canada,1,179.91
C002178,2022-10-21,Social Media,45.69,Basic,44,France,1,179.82
C002179,2022-06-01,Email,39.77,Premium,30,UK,1,959.76
C002180,2023-04-10,Organic,13.34,Basic,53,Australia,1,29.97
C002181,2023-04-27,Affiliate,24.04,Premium,45,US,1,79.98
C002182,2022-06-20,Organic,12.65,Premium,42,Germany,1,159.96
C002183,2022-12-29,Paid Search,78.16,Standard,63,Canada,1,39.98
C002184,2022-05-02,Social Media,74.87,Premium,55,France,1,199.95
C002185,2023-09-24,Organic,29.88,Basic,65,Canada,1,189.89
C002186,2023-04-05,Referral,45.23,Standard,45,Canada,1,19.99
C002187,2023-05-04,Affiliate,25.38,Basic,55,France,0,399.72
C002188,2022-03-27,Paid Search,112.69,Standard,41,Australia,1,19.99
C002189,2023-10-27,Referral,35.17,Basic,50,Australia,1,9.99
C002190,2023-08-26,Social Media,77.24,Basic,37,Germany,1,9.99
C002191,2022-12-16,Organic,21.28,Premium,55,France,0,119.97
C002192,2023-03-13,Social Media,46.14,Basic,29,UK,0,229.77
C002193,2022-02-12,Affiliate,55.3,Standard,45,France,1,19.99
C002194,2022-10-12,Email,55.18,Basic,40,Canada,0,139.86
C002195,2022-06-19,Organic,15.76,Basic,32,UK,1,29.97
C002196,2022-10-23,Social Media,79.44,Standard,32,Australia,1,139.93
C002197,2022-10-13,Paid Search,56.72,Standard,50,UK,0,79.96
C002198,2022-01-29,Email,56.1,Premium,52,France,0,1239.69
C002199,2022-07-19,Organic,19.77,Standard,41,UK,0,599.7
C002200,2022-10-16,Email,37.06,Basic,26,Germany,1,19.98
C002201,2022-10-30,Organic,24.33,Premium,25,Germany,0,1399.65
C002202,2023-03-19,Referral,30.52,Premium,35,Australia,1,79.98
C002203,2023-11-16,Organic,29.37,Standard,65,UK,1,19.99
C002204,2022-03-18,Social Media,37.84,Basic,47,Australia,1,9.99
C002205,2023-06-10,Affiliate,51.08,Standard,38,US,1,19.99
C002206,2023-03-20,Organic,28.65,Standard,38,UK,0,39.98
C002207,2023-07-26,Affiliate,53.51,Standard,58,Australia,0,39.98
C002208,2022-01-09,Paid Search,59.58,Basic,32,Australia,0,289.75
C002209,2022-07-20,Social Media,53.51,Basic,29,Australia,1,99.9
C002210,2023-05-24,Social Media,36.59,Standard,23,France,1,19.99
C002211,2022-08-08,Organic,18.69,Basic,57,UK,1,219.86
C002212,2022-07-02,Organic,18.36,Basic,42,Australia,0,269.73
C002213,2023-08-21,Paid Search,94.64,Basic,60,UK,1,9.99
C002214,2022-11-04,Paid Search,111.25,Standard,49,Australia,1,219.89
C002215,2023-02-06,Email,34.29,Basic,24,UK,0,279.73
C002216,2022-04-26,Social Media,50.98,Basic,33,Australia,1,9.99
C002217,2023-03-12,Organic,13.52,Premium,60,US,1,39.99
C002218,2022-12-22,Affiliate,35.92,Basic,48,Germany,1,9.99
C002219,2023-09-08,Referral,47.49,Basic,35,France,0,109.93
C002220,2022-08-09,Referral,22.43,Standard,34,Australia,0,19.99
C002221,2022-11-22,Referral,35.66,Basic,43,Canada,0,19.98
C002222,2022-02-25,Social Media,54.28,Basic,58,US,1,169.9
C002223,2022-11-12,Referral,36.39,Standard,28,France,1,59.97
C002224,2022-07-31,Affiliate,24.41,Premium,57,Canada,1,79.98
C002225,2022-05-13,Email,41.59,Premium,19,Germany,1,39.99
C002226,2022-04-03,Affiliate,33.33,Basic,53,US,1,29.97
C002227,2023-11-02,Organic,20.37,Basic,30,UK,1,159.84
C002228,2023-07-03,Referral,54.39,Basic,28,Canada,1,79.94
C002229,2022-12-06,Referral,28.62,Standard,18,US,1,139.93
C002230,2022-01-21,Email,24.1,Basic,49,US,1,9.99
C002231,2022-06-10,Social Media,45.07,Basic,62,UK,1,9.99
C002232,2022-02-04,Social Media,67.5,Standard,42,Australia,1,39.98
C002233,2023-02-15,Paid Search,107.28,Premium,23,US,0,1319.67
C002234,2022-03-17,Email,48.88,Standard,44,US,1,19.99
C002235,2022-01-16,Affiliate,53.21,Standard,27,US,0,59.97
C002236,2023-08-26,Referral,27.77,Standard,37,Canada,1,19.99
C002237,2023-03-12,Email,49.74,Basic,47,UK,1,69.93
C002238,2022-04-13,Social Media,78.46,Standard,42,Canada,1,59.97
C002239,2023-03-16,Organic,14.45,Basic,35,Germany,1,9.99
C002240,2022-10-19,Affiliate,41.33,Basic,19,Germany,1,29.97
C002241,2023-02-08,Social Media,68.14,Standard,46,UK,1,79.96
C002242,2023-08-15,Organic,17.95,Basic,41,Germany,1,9.99
C002243,2023-07-31,Organic,22.86,Basic,58,US,0,579.69
C002244,2022-04-08,Email,26.77,Premium,49,France,1,679.68
C002245,2022-09-13,Organic,12.83,Standard,48,France,1,19.99
C002246,2023-08-04,Paid Search,54.13,Basic,44,Canada,1,9.99
C002247,2022-12-12,Paid Search,52.56,Standard,56,Germany,1,19.99
C002248,2022-01-06,Social Media,64.52,Standard,49,France,1,59.97
C002249,2023-05-27,Social Media,77.97,Basic,47,Australia,1,0.0
C002250,2023-05-10,Email,42.19,Standard,64,US,1,99.95
C002251,2022-04-18,Referral,47.97,Basic,18,UK,1,69.93
C002252,2023-06-17,Affiliate,24.86,Basic,25,US,1,29.97
C002253,2023-03-11,Referral,26.83,Standard,49,UK,1,19.99
C002254,2023-07-15,Referral,35.98,Basic,45,Canada,1,49.95
C002255,2023-11-24,Social Media,56.12,Standard,41,France,1,39.98
C002256,2023-10-28,Paid Search,59.91,Standard,31,France,1,79.96
C002257,2023-01-16,Email,44.18,Basic,31,Canada,1,19.98
C002258,2022-05-19,Paid Search,86.71,Standard,18,Canada,0,39.98
C002259,2023-03-03,Paid Search,60.52,Basic,18,Canada,1,19.98
C002260,2022-07-12,Paid Search,98.58,Standard,39,US,1,19.99
C002261,2022-03-04,Email,38.75,Basic,40,Australia,1,19.98
C002262,2023-07-27,Paid Search,74.15,Basic,30,Canada,0,519.67
C002263,2022-10-19,Referral,43.38,Basic,57,Germany,1,79.92
C002264,2022-09-18,Email,41.64,Standard,22,France,1,139.93
C002265,2022-06-06,Organic,24.61,Basic,34,France,1,9.99
C002266,2022-04-15,Paid Search,105.78,Standard,42,Canada,1,19.99
C002267,2023-08-13,Email,44.19,Premium,65,France,1,39.99
C002268,2023-11-16,Referral,28.37,Basic,32,UK,1,9.99
C002269,2022-04-04,Email,25.86,Basic,18,Canada,1,39.96
C002270,2022-03-21,Organic,12.74,Standard,45,Australia,1,19.99
C002271,2023-04-29,Social Media,45.13,Standard,33,France,1,19.99
C002272,2023-02-07,Referral,50.96,Standard,40,Canada,0,559.72
C002273,2023-06-19,Social Media,56.53,Premium,31,UK,1,79.98
C002274,2023-10-11,Social Media,65.57,Standard,53,Germany,1,99.95
C002275,2023-05-17,Affiliate,51.56,Standard,53,Germany,1,19.99
C002276,2023-10-30,Social Media,38.9,Premium,47,Australia,0,559.86
C002277,2022-12-21,Affiliate,36.96,Standard,30,Germany,1,99.95
C002278,2023-01-19,Paid Search,115.32,Premium,30,Germany,1,79.98
C002279,2023-01-05,Email,27.8,Standard,39,US,1,259.87
C002280,2023-01-13,Social Media,55.14,Basic,35,US,1,99.9
C002281,2023-10-25,Social Media,62.08,Basic,62,Australia,1,29.97
C002282,2022-09-17,Social Media,61.26,Premium,19,Australia,1,459.84
C002283,2023-04-28,Email,45.29,Basic,48,Australia,1,9.99
C002284,2023-10-26,Email,52.3,Basic,19,France,1,79.92
C002285,2022-06-06,Affiliate,49.45,Premium,26,US,1,119.97
C002286,2023-03-06,Organic,11.12,Standard,21,Canada,1,179.91
C002287,2022-04-10,Email,31.1,Premium,59,France,1,39.99
C002288,2022-01-18,Social Media,71.86,Standard,38,Australia,1,19.99
C002289,2022-06-23,Email,48.89,Basic,18,Australia,1,89.91
C002290,2023-02-17,Referral,53.51,Standard,22,UK,1,39.98
C002291,2023-05-29,Paid Search,101.03,Basic,46,US,1,369.79
C002292,2022-10-10,Email,27.95,Standard,29,Australia,1,19.99
C002293,2022-01-04,Social Media,43.69,Basic,39,Germany,0,19.98
C002294,2023-08-05,Affiliate,23.44,Premium,23,US,0,79.98
C002295,2022-04-03,Paid Search,101.07,Basic,55,Australia,1,19.98
C002296,2022-01-21,Paid Search,105.21,Basic,41,Germany,0,119.88
C002297,2022-03-25,Affiliate,57.73,Basic,61,Australia,0,9.99
C002298,2022-07-15,Affiliate,50.23,Basic,21,Germany,1,119.88
C002299,2022-10-21,Paid Search,69.53,Standard,44,UK,0,259.87
C002300,2022-07-12,Social Media,74.18,Basic,36,Canada,1,19.98
C002301,2023-03-27,Social Media,34.62,Basic,41,Canada,0,29.97
C002302,2023-10-20,Email,37.99,Standard,28,US,1,39.98
C002303,2023-08-23,Referral,26.23,Standard,62,Germany,1,379.81
C002304,2022-12-22,Affiliate,52.44,Standard,31,Canada,1,19.99
C002305,2023-05-31,Email,53.19,Standard,23,France,1,299.85
C002306,2022-08-04,Social Media,40.91,Basic,25,France,1,19.98
C002307,2023-11-06,Affiliate,27.46,Basic,55,Canada,1,29.97
C002308,2023-01-17,Email,35.12,Standard,20,Canada,0,119.94
C002309,2022-04-18,Affiliate,34.36,Premium,28,Germany,1,679.83
C002310,2023-05-02,Social Media,46.83,Premium,29,Canada,0,1239.69
C002311,2022-11-10,Paid Search,82.68,Basic,19,Germany,0,229.86
C002312,2023-09-24,Referral,43.74,Standard,64,Germany,1,19.99
C002313,2023-04-30,Paid Search,67.68,Basic,39,Germany,1,9.99
C002314,2023-11-26,Referral,32.01,Premium,32,France,1,239.94
C002315,2022-04-21,Referral,37.04,Basic,54,Germany,1,9.99
C002316,2023-08-31,Organic,13.28,Basic,37,France,1,49.95
C002317,2023-06-21,Paid Search,116.6,Standard,26,UK,1,19.99
C002318,2023-11-11,Social Media,69.43,Basic,23,Canada,0,299.7
C002319,2022-05-25,Social Media,52.94,Basic,18,Australia,1,19.98
C002320,2022-06-01,Paid Search,111.81,Basic,23,UK,0,329.79
C002321,2022-08-30,Paid Search,80.56,Standard,27,Australia,1,59.97
C002322,2023-07-23,Social Media,30.25,Basic,24,Germany,1,39.96
C002323,2023-07-18,Affiliate,35.76,Basic,48,Australia,0,289.71
C002324,2023-01-21,Referral,48.25,Standard,24,Germany,1,139.93
C002325,2022-05-12,Social Media,68.15,Basic,38,Canada,1,439.74
C002326,2023-11-22,Affiliate,54.91,Standard,52,US,1,519.74
C002327,2022-12-22,Referral,46.8,Premium,19,UK,0,559.86
C002328,2023-09-16,Paid Search,103.75,Basic,39,France,0,9.99
C002329,2022-01-02,Email,43.97,Basic,22,Australia,1,189.81
C002330,2022-08-24,Paid Search,85.0,Basic,37,Germany,1,79.92
C002331,2022-04-06,Social Media,49.2,Basic,27,Canada,1,9.99
C002332,2022-11-15,Referral,47.01,Basic,34,Germany,1,19.98
C002333,2022-07-03,Paid Search,77.88,Standard,24,Germany,1,59.97
C002334,2022-03-26,Social Media,64.3,Basic,43,US,0,369.8
C002335,2022-06-14,Social Media,36.44,Standard,61,Germany,1,339.83
C002336,2022-01-12,Referral,46.15,Standard,45,US,1,139.93
C002337,2022-11-07,Referral,30.35,Standard,56,Germany,1,99.95
C002338,2023-05-30,Social Media,69.05,Standard,52,Canada,0,239.88
C002339,2022-04-25,Paid Search,118.65,Standard,42,Australia,1,59.97
C002340,2022-03-23,Paid Search,50.49,Premium,63,France,1,119.97
C002341,2022-09-22,Paid Search,86.04,Standard,47,Germany,1,59.97
C002342,2022-02-19,Referral,31.27,Basic,49,Germany,0,439.76
C002343,2023-01-11,Organic,27.78,Standard,34,Germany,0,239.88
C002344,2022-12-12,Affiliate,31.85,Standard,52,Canada,1,119.94
C002345,2022-07-03,Social Media,47.84,Basic,38,Canada,1,9.99
C002346,2023-10-14,Organic,21.92,Basic,20,France,0,259.74
C002347,2023-02-10,Paid Search,62.27,Standard,26,Australia,1,39.98
C002348,2022-05-29,Affiliate,39.74,Premium,40,Germany,1,39.99
C002349,2023-09-25,Paid Search,114.31,Premium,64,France,1,359.91
C002350,2023-08-06,Referral,21.63,Basic,20,UK,1,9.99
C002351,2023-09-16,Affiliate,45.51,Premium,42,France,0,39.99
C002352,2022-03-22,Social Media,76.37,Standard,45,Germany,1,499.75
C002353,2022-01-23,Paid Search,116.53,Basic,59,Australia,0,49.95
C002354,2022-03-23,Referral,58.61,Standard,54,Canada,1,99.95
C002355,2022-11-07,Email,40.56,Premium,33,Australia,1,119.97
C002356,2022-02-20,Social Media,58.67,Basic,45,Canada,0,349.82
C002357,2022-07-10,Social Media,55.08,Basic,43,UK,1,469.76
C002358,2023-11-26,Social Media,43.63,Basic,19,Germany,1,9.99
C002359,2023-11-04,Paid Search,69.23,Basic,58,Canada,0,109.89
C002360,2022-04-10,Paid Search,65.74,Standard,32,US,0,59.97
C002361,2023-09-19,Social Media,66.41,Standard,47,France,1,39.98
C002362,2023-03-07,Affiliate,43.81,Standard,48,France,1,379.81
C002363,2022-01-13,Social Media,47.03,Basic,46,UK,1,169.87
C002364,2023-04-19,Affiliate,39.96,Standard,28,Australia,0,319.84
C002365,2023-02-04,Social Media,50.15,Standard,54,US,0,559.72
C002366,2023-10-09,Referral,42.45,Basic,31,Australia,0,129.87
C002367,2023-06-27,Social Media,45.2,Standard,46,Australia,1,19.99
C002368,2023-04-24,Organic,13.12,Standard,57,Canada,1,39.98
C002369,2023-08-02,Referral,36.62,Standard,36,France,1,59.97
C002370,2023-05-18,Paid Search,76.27,Standard,42,France,1,39.98
C002371,2022-05-07,Organic,17.91,Basic,25,France,0,129.87
C002372,2022-10-24,Paid Search,110.54,Standard,65,Germany,1,219.89
C002373,2023-07-18,Referral,34.08,Basic,56,Canada,1,19.98
C002374,2022-11-24,Social Media,61.51,Standard,61,Australia,1,79.96
C002375,2023-10-14,Social Media,55.12,Standard,32,Germany,0,519.74
C002376,2023-05-22,Referral,31.45,Premium,28,UK,1,79.98
C002377,2023-02-14,Social Media,30.17,Standard,47,Australia,1,19.99
C002378,2022-06-26,Affiliate,56.29,Basic,59,Germany,1,39.96
C002379,2023-03-05,Referral,27.55,Basic,32,UK,1,19.98
C002380,2023-09-17,Email,40.13,Basic,54,Australia,1,39.96
C002381,2023-02-23,Organic,16.5,Basic,54,Australia,0,299.7
C002382,2023-04-29,Affiliate,23.64,Basic,65,France,0,299.73
C002383,2023-11-01,Referral,42.08,Premium,28,Germany,1,159.96
C002384,2023-01-13,Affiliate,54.99,Basic,63,UK,1,49.95
C002385,2022-11-27,Paid Search,70.51,Premium,31,France,1,39.99
C002386,2023-04-18,Referral,29.8,Standard,33,UK,1,59.97
C002387,2023-04-18,Email,45.66,Standard,39,UK,0,559.72
C002388,2022-09-08,Referral,48.88,Basic,65,US,1,219.84
C002389,2023-11-30,Affiliate,36.25,Standard,48,Germany,1,399.8
C002390,2022-03-14,Referral,58.3,Premium,52,US,1,519.87
C002391,2023-09-14,Affiliate,59.57,Standard,46,Germany,1,219.89
C002392,2022-03-03,Social Media,70.58,Standard,64,US,1,239.88
C002393,2023-01-08,Referral,48.66,Standard,59,Germany,1,19.99
C002394,2023-03-15,Organic,12.07,Standard,55,US,0,299.85
C002395,2022-06-23,Social Media,50.64,Basic,33,Germany,1,19.98
C002396,2022-08-04,Social Media,34.86,Standard,22,Germany,0,39.98
C002397,2023-05-19,Paid Search,102.99,Basic,62,Germany,1,9.99
C002398,2022-12-05,Referral,47.98,Standard,56,US,1,99.95
C002399,2022-05-24,Paid Search,86.52,Basic,41,France,1,159.84
C002400,2023-01-07,Affiliate,31.65,Premium,28,France,1,279.93
C002401,2023-10-12,Social Media,53.76,Basic,36,UK,1,59.94
C002402,2022-05-12,Paid Search,92.52,Premium,34,Australia,1,119.97
C002403,2022-08-22,Organic,27.02,Standard,27,France,1,139.93
C002404,2022-01-13,Social Media,48.21,Standard,51,Germany,0,39.98
C002405,2023-05-04,Email,56.0,Premium,59,UK,1,119.97
C002406,2023-08-25,Email,32.57,Basic,49,Australia,0,359.67
C002407,2022-06-23,Email,39.28,Basic,42,US,1,139.86
C002408,2023-11-16,Organic,16.85,Basic,32,UK,1,19.98
C002409,2022-10-12,Email,51.12,Standard,59,UK,1,159.92
C002410,2023-01-01,Referral,38.37,Premium,18,Australia,1,79.98
C002411,2023-06-21,Paid Search,101.9,Basic,20,Germany,1,9.99
C002412,2023-10-04,Organic,29.04,Standard,35,France,1,19.99
C002413,2023-07-02,Affiliate,41.51,Basic,21,Germany,1,9.99
C002414,2023-08-04,Email,29.92,Basic,65,UK,1,69.93
C002415,2023-10-29,Paid Search,65.98,Standard,29,US,1,39.98
C002416,2023-09-16,Social Media,57.6,Basic,30,Australia,1,199.89
C002417,2022-03-07,Paid Search,86.58,Basic,32,UK,1,59.94
C002418,2023-08-23,Email,39.09,Basic,21,Canada,1,39.96
C002419,2023-10-12,Organic,13.93,Basic,23,Germany,1,9.99
C002420,2022-07-22,Organic,20.85,Basic,49,Canada,1,69.93
C002421,2023-08-06,Organic,21.63,Premium,25,Australia,1,599.85
C002422,2023-03-30,Affiliate,27.79,Standard,57,Germany,0,519.74
C002423,2022-01-01,Social Media,67.73,Standard,49,Australia,0,159.92
C002424,2022-06-30,Social Media,55.36,Standard,59,Canada,1,79.96
C002425,2022-09-28,Email,29.96,Basic,53,France,1,9.99
C002426,2022-11-13,Affiliate,37.6,Premium,29,Germany,1,79.98
C002427,2022-01-07,Social Media,74.67,Standard,49,UK,1,99.95
C002428,2022-07-03,Organic,25.21,Standard,24,Germany,1,199.9
C002429,2022-12-17,Affiliate,47.48,Standard,30,US,0,99.95
C002430,2022-08-26,Paid Search,71.5,Basic,51,Germany,1,29.97
C002431,2022-04-16,Affiliate,32.0,Standard,54,Australia,1,99.95
C002432,2022-06-08,Social Media,37.82,Standard,28,UK,1,19.99
C002433,2023-09-17,Affiliate,26.29,Premium,48,Australia,1,79.98
C002434,2023-09-02,Referral,51.19,Basic,34,Germany,1,9.99
C002435,2022-11-07,Social Media,37.25,Basic,40,Australia,1,9.99
C002436,2022-11-19,Referral,32.32,Standard,44,US,1,299.85
C002437,2023-02-18,Organic,29.37,Basic,26,Germany,1,9.99
C002438,2022-10-08,Organic,26.37,Basic,60,Australia,1,9.99
C002439,2022-09-20,Social Media,71.63,Basic,45,Germany,1,39.96
C002440,2022-11-30,Email,42.4,Basic,31,France,1,19.98
C002441,2023-05-31,Referral,54.26,Basic,33,UK,1,9.99
C002442,2022-11-30,Affiliate,39.19,Standard,48,US,1,59.97
C002443,2023-11-07,Referral,47.51,Premium,49,UK,1,439.89
C002444,2022-10-14,Email,43.44,Basic,21,Australia,1,9.99
C002445,2022-12-17,Social Media,56.89,Basic,36,US,0,279.72
C002446,2023-04-29,Paid Search,111.66,Basic,64,Germany,0,149.85
C002447,2022-06-05,Paid Search,91.29,Standard,53,US,0,19.99
C002448,2023-03-25,Paid Search,72.95,Standard,60,Canada,1,199.9
C002449,2023-07-25,Email,52.69,Standard,26,US,1,179.91
C002450,2022-11-18,Social Media,75.26,Basic,31,UK,1,49.95
C002451,2022-11-25,Referral,29.11,Basic,30,Australia,1,49.95
C002452,2022-09-23,Social Media,60.18,Premium,26,US,1,119.97
C002453,2023-10-20,Referral,37.09,Standard,21,France,1,99.95
C002454,2022-03-03,Email,34.94,Standard,20,France,1,59.97
C002455,2022-12-01,Email,39.68,Standard,58,US,1,39.98
C002456,2022-03-19,Email,23.69,Standard,25,France,1,39.98
C002457,2022-06-12,Email,53.85,Basic,47,France,1,9.99
C002458,2023-10-28,Paid Search,102.63,Standard,45,Canada,0,79.96
C002459,2023-04-22,Referral,55.57,Premium,27,Australia,1,39.99
C002460,2022-12-05,Organic,13.63,Standard,47,France,1,19.99
C002461,2023-03-19,Organic,18.03,Basic,57,Germany,1,39.96
C002462,2022-01-20,Organic,14.5,Basic,34,UK,1,39.96
C002463,2023-08-22,Affiliate,50.71,Standard,59,Australia,0,599.7
C002464,2022-07-25,Email,57.01,Premium,63,France,0,999.71
C002465,2022-06-06,Paid Search,104.11,Basic,29,US,1,89.91
C002466,2022-01-27,Email,44.08,Standard,26,France,1,19.99
C002467,2022-12-23,Organic,16.55,Basic,32,Australia,0,9.99
C002468,2022-08-02,Paid Search,71.21,Basic,35,UK,1,199.87
C002469,2022-08-11,Social Media,31.36,Premium,46,US,0,679.83
C002470,2023-01-20,Organic,18.88,Standard,65,UK,1,59.97
C002471,2023-01-25,Organic,18.94,Basic,31,Germany,1,29.97
C002472,2023-08-28,Organic,11.86,Basic,55,Australia,0,569.68
C002473,2023-06-13,Organic,13.26,Basic,49,Australia,1,149.85
C002474,2023-09-12,Social Media,67.48,Basic,30,UK,0,179.87
C002475,2022-04-03,Email,34.39,Basic,25,Germany,0,9.99
C002476,2022-01-17,Organic,17.6,Basic,24,Canada,0,9.99
C002477,2023-01-05,Social Media,71.83,Basic,59,Canada,1,49.95
C002478,2022-08-23,Affiliate,23.38,Standard,42,Germany,1,299.85
C002479,2022-01-17,Social Media,66.48,Premium,20,UK,1,359.91
C002480,2022-09-12,Paid Search,89.52,Basic,27,UK,1,49.97
C002481,2023-04-27,Organic,11.22,Standard,65,Australia,0,239.88
C002482,2022-10-28,Social Media,60.88,Standard,44,UK,1,79.96
C002483,2022-06-28,Email,58.61,Standard,60,UK,1,19.99
C002484,2023-01-09,Organic,25.73,Basic,31,Canada,1,9.99
C002485,2023-02-18,Affiliate,34.93,Standard,57,Canada,0,19.99
C002486,2022-01-30,Organic,16.63,Premium,20,Australia,0,959.76
C002487,2022-05-28,Referral,21.86,Basic,56,Australia,1,29.97
C002488,2023-06-22,Paid Search,61.07,Basic,32,US,1,9.99
C002489,2023-03-06,Organic,12.25,Basic,44,France,1,129.9
C002490,2023-03-27,Paid Search,109.98,Standard,18,Canada,1,19.99
C002491,2023-05-03,Referral,55.98,Basic,38,Australia,1,19.98
C002492,2023-07-07,Social Media,77.85,Standard,24,Germany,1,99.95
C002493,2023-05-20,Affiliate,53.24,Standard,26,UK,1,39.98
C002494,2023-06-12,Paid Search,106.38,Basic,60,US,1,99.93
C002495,2022-04-08,Affiliate,36.15,Premium,24,UK,1,319.92
C002496,2022-08-20,Social Media,39.23,Standard,39,Australia,1,119.94
C002497,2023-04-19,Affiliate,43.63,Standard,35,UK,1,79.96
C002498,2022-12-02,Referral,34.99,Basic,65,US,1,69.93
C002499,2023-01-30,Affiliate,21.92,Basic,29,US,1,9.99
C002500,2022-05-27,Affiliate,21.36,Standard,28,Germany,1,439.78
C002501,2022-11-27,Organic,21.44,Basic,40,UK,1,39.96
C002502,2023-10-06,Email,36.23,Premium,47,France,1,779.74
C002503,2022-09-27,Email,37.59,Standard,59,France,1,19.99
C002504,2022-12-12,Social Media,79.83,Basic,39,Germany,1,129.87
C002505,2023-07-17,Referral,46.53,Standard,39,France,1,19.99
C002506,2022-09-27,Organic,25.64,Basic,19,France,1,0.0
C002507,2022-05-10,Organic,14.54,Basic,25,US,1,9.99
C002508,2023-07-18,Affiliate,31.83,Premium,37,Germany,1,119.97
C002509,2023-03-23,Email,59.37,Basic,50,UK,1,9.99
C002510,2023-02-12,Email,27.8,Standard,32,US,1,19.99
C002511,2022-07-23,Affiliate,49.78,Standard,27,France,1,39.98
C002512,2023-06-28,Email,21.88,Standard,52,UK,1,39.98
C002513,2023-06-28,Paid Search,76.21,Basic,28,Australia,1,9.99
C002514,2023-10-12,Email,29.05,Premium,63,UK,1,79.98
C002515,2023-07-08,Email,36.96,Basic,21,Germany,1,9.99
C002516,2022-10-31,Referral,56.04,Premium,48,Germany,1,319.92
C002517,2022-11-26,Paid Search,100.51,Basic,22,Canada,1,159.84
C002518,2023-07-24,Affiliate,32.46,Premium,57,France,1,1039.74
C002519,2022-03-10,Organic,25.1,Basic,48,UK,1,9.99
C002520,2022-09-06,Referral,51.45,Standard,43,France,1,19.99
C002521,2022-07-18,Paid Search,108.4,Basic,35,UK,1,19.98
C002522,2023-02-16,Organic,24.52,Standard,61,UK,1,559.72
C002523,2022-07-30,Referral,25.7,Basic,38,US,0,279.84
C002524,2023-10-15,Organic,20.41,Standard,58,France,0,299.85
C002525,2023-04-28,Paid Search,96.23,Basic,25,France,1,39.96
C002526,2023-09-17,Referral,26.15,Premium,64,Canada,1,39.99
C002527,2022-10-06,Organic,17.63,Premium,25,Australia,1,199.95
C002528,2023-04-23,Referral,43.4,Premium,62,Germany,1,119.96
C002529,2022-10-26,Paid Search,86.6,Basic,64,France,1,29.97
C002530,2023-09-06,Social Media,42.06,Standard,49,Australia,1,39.98
C002531,2023-03-19,Referral,22.27,Basic,35,Australia,1,169.83
C002532,2022-10-10,Social Media,62.01,Basic,60,Canada,0,9.99
C002533,2023-01-01,Organic,10.26,Standard,49,UK,1,179.91
C002534,2023-08-23,Referral,28.86,Basic,35,US,0,9.99
C002535,2023-05-15,Email,44.27,Standard,56,France,1,219.89
C002536,2023-11-15,Referral,21.68,Basic,59,US,1,9.99
C002537,2023-08-13,Organic,12.35,Standard,41,France,1,119.94
C002538,2023-11-20,Affiliate,56.15,Basic,43,Australia,1,49.95
C002539,2022-02-10,Social Media,62.35,Basic,47,France,0,359.64
C002540,2023-06-20,Organic,28.8,Standard,58,Australia,1,79.96
C002541,2023-03-19,Affiliate,56.32,Basic,29,US,1,29.97
C002542,2023-10-08,Social Media,34.94,Premium,19,Australia,1,199.95
C002543,2023-04-13,Social Media,47.93,Standard,40,UK,1,259.87
C002544,2022-10-11,Referral,51.35,Basic,62,Australia,0,269.73
C002545,2022-09-27,Paid Search,64.66,Standard,53,Australia,1,39.98
C002546,2022-11-26,Affiliate,36.05,Basic,29,Germany,1,9.99
C002547,2022-04-02,Social Media,47.59,Standard,32,Canada,1,199.9
C002548,2022-11-10,Organic,28.28,Basic,43,Canada,0,9.99
C002549,2023-09-29,Referral,45.58,Standard,30,Canada,1,279.86
C002550,2023-05-13,Social Media,46.85,Basic,41,UK,0,169.83
C002551,2022-06-22,Social Media,30.8,Basic,37,France,1,79.93
C002552,2023-10-20,Email,31.85,Standard,29,Germany,1,59.97
C002553,2023-09-26,Affiliate,23.04,Basic,63,France,0,229.86
C002554,2023-11-11,Referral,54.09,Basic,39,France,1,29.97
C002555,2022-12-29,Referral,25.32,Basic,65,Canada,1,19.98
C002556,2023-09-21,Email,58.83,Basic,32,Germany,1,159.84
C002557,2022-02-11,Paid Search,88.36,Standard,35,US,1,159.92
C002558,2023-05-22,Paid Search,108.33,Premium,33,UK,1,159.96
C002559,2023-03-27,Affiliate,52.46,Basic,36,UK,1,19.98
C002560,2022-01-22,Email,39.33,Basic,53,France,1,19.98
C002561,2023-08-05,Paid Search,78.86,Standard,55,Germany,0,119.94
C002562,2023-10-05,Email,55.54,Premium,65,Canada,1,159.96
C002563,2023-01-08,Social Media,51.57,Basic,33,Canada,1,179.82
C002564,2023-07-08,Social Media,33.85,Standard,38,Australia,1,119.94
C002565,2022-09-10,Email,43.16,Basic,50,Australia,1,9.99
C002566,2023-05-03,Email,32.54,Standard,56,UK,1,19.99
C002567,2022-12-23,Affiliate,48.09,Premium,32,Germany,1,439.89
C002568,2022-10-03,Email,53.46,Basic,46,Germany,1,49.95
C002569,2023-08-29,Referral,22.59,Premium,19,France,0,539.79
C002570,2023-04-05,Email,46.01,Premium,48,Australia,1,399.9
C002571,2022-06-01,Organic,23.64,Basic,64,Canada,1,9.99
C002572,2023-08-07,Social Media,77.37,Standard,63,France,1,239.88
C002573,2023-05-18,Referral,48.17,Premium,43,UK,1,119.97
C002574,2023-11-09,Referral,32.39,Standard,37,Canada,1,419.79
C002575,2022-08-27,Email,51.94,Standard,44,UK,0,139.93
C002576,2023-07-07,Affiliate,43.47,Premium,57,US,1,239.94
C002577,2023-01-02,Email,24.79,Premium,57,US,1,279.93
C002578,2023-06-27,Referral,49.22,Standard,33,France,1,199.9
C002579,2022-07-03,Paid Search,52.06,Premium,64,US,1,79.98
C002580,2022-12-06,Organic,11.88,Basic,62,Australia,0,219.79
C002581,2023-02-01,Referral,35.25,Basic,39,UK,1,79.92
C002582,2022-04-09,Social Media,47.76,Standard,34,Germany,1,59.97
C002583,2022-04-03,Paid Search,68.24,Basic,40,Australia,1,49.95
C002584,2023-10-11,Organic,16.79,Standard,51,Canada,1,59.97
C002585,2022-01-21,Email,22.44,Standard,61,Canada,1,79.96
C002586,2022-04-08,Paid Search,50.12,Premium,18,US,1,359.91
C002587,2022-12-01,Referral,32.25,Standard,54,France,1,119.94
C002588,2023-01-19,Organic,29.11,Basic,57,Germany,1,279.75
C002589,2022-07-06,Email,28.73,Basic,61,UK,1,19.98
C002590,2023-09-07,Social Media,58.7,Premium,63,UK,0,1119.72
C002591,2023-06-04,Paid Search,107.01,Basic,57,US,1,79.94
C002592,2023-07-05,Organic,26.14,Basic,36,US,0,329.73
C002593,2022-12-24,Affiliate,27.22,Standard,24,Germany,1,59.97
C002594,2022-07-17,Email,26.21,Standard,39,Germany,1,179.91
C002595,2023-11-06,Email,53.27,Standard,25,Australia,1,259.87
C002596,2023-07-22,Organic,16.77,Basic,33,Germany,1,119.91
C002597,2022-07-12,Referral,21.66,Basic,48,Australia,1,149.85
C002598,2023-08-29,Organic,26.96,Basic,59,Canada,1,19.98
C002599,2023-06-24,Email,43.0,Standard,43,France,1,99.95
C002600,2023-10-21,Paid Search,69.78,Basic,30,Canada,1,9.99
C002601,2023-10-04,Referral,36.17,Basic,49,US,1,9.99
C002602,2023-05-19,Organic,16.43,Basic,42,Canada,1,29.97
C002603,2023-05-25,Social Media,68.54,Standard,51,US,1,39.98
C002604,2022-07-12,Organic,16.14,Standard,54,France,1,79.96
C002605,2022-06-27,Affiliate,32.55,Basic,19,US,0,9.99
C002606,2022-11-07,Referral,27.53,Premium,21,Australia,1,679.83
C002607,2023-03-21,Affiliate,40.33,Standard,50,Canada,0,599.7
C002608,2023-11-29,Affiliate,21.79,Basic,47,UK,1,9.99
C002609,2022-08-15,Affiliate,32.81,Standard,49,UK,0,559.72
C002610,2023-08-08,Affiliate,44.52,Basic,42,UK,1,19.98
C002611,2022-04-30,Social Media,30.24,Basic,39,UK,1,19.98
C002612,2023-02-04,Paid Search,76.02,Standard,20,UK,0,699.65
C002613,2022-05-26,Email,29.85,Standard,45,Australia,1,79.96
C002614,2023-08-08,Affiliate,54.55,Standard,31,Australia,1,199.9
C002615,2022-10-07,Referral,47.61,Basic,44,Germany,1,19.98
C002616,2022-10-12,Paid Search,107.17,Basic,56,US,1,89.91
C002617,2023-10-04,Affiliate,35.82,Standard,46,UK,1,19.99
C002618,2023-11-10,Affiliate,28.92,Standard,25,UK,1,39.98
C002619,2023-05-16,Organic,13.67,Basic,65,Canada,1,69.93
C002620,2023-11-29,Affiliate,57.22,Basic,52,Canada,0,219.84
C002621,2022-10-19,Email,30.46,Standard,43,UK,1,359.82
C002622,2022-03-30,Email,53.86,Basic,51,US,1,39.96
C002623,2023-04-26,Referral,24.37,Basic,42,UK,1,9.99
C002624,2022-03-27,Affiliate,52.26,Basic,57,Canada,1,9.99
C002625,2023-03-25,Affiliate,25.71,Standard,20,Australia,1,219.89
C002626,2023-05-31,Paid Search,103.8,Standard,20,France,1,99.95
C002627,2022-01-15,Paid Search,73.89,Premium,29,Canada,1,79.98
C002628,2023-04-19,Paid Search,113.11,Basic,42,UK,1,49.95
C002629,2022-10-26,Email,22.55,Basic,30,Canada,1,79.93
C002630,2023-11-05,Affiliate,37.55,Premium,22,UK,1,279.93
C002631,2023-09-09,Email,31.51,Basic,53,Canada,0,199.86
C002632,2022-02-28,Organic,23.7,Basic,52,US,0,39.96
C002633,2023-09-26,Affiliate,26.8,Premium,41,US,1,159.96
C002634,2022-05-27,Organic,23.69,Basic,18,France,1,9.99
C002635,2022-03-01,Referral,50.75,Basic,32,Australia,1,9.99
C002636,2022-02-06,Email,41.82,Basic,48,France,0,329.83
C002637,2023-10-23,Referral,31.3,Standard,46,Australia,1,179.91
C002638,2022-09-01,Affiliate,39.62,Basic,58,Germany,0,459.68
C002639,2023-05-06,Paid Search,81.8,Premium,32,UK,0,599.81
C002640,2022-10-21,Affiliate,49.24,Premium,42,Canada,1,439.89
C002641,2022-06-14,Social Media,67.0,Basic,37,UK,1,109.94
C002642,2022-02-13,Referral,36.41,Premium,32,Germany,1,599.85
C002643,2022-05-09,Affiliate,34.12,Premium,44,Germany,1,119.97
C002644,2023-04-17,Affiliate,38.09,Premium,47,Canada,1,319.92
C002645,2022-12-12,Social Media,63.27,Basic,51,UK,1,59.96
C002646,2022-09-09,Paid Search,99.88,Standard,64,Australia,0,259.87
C002647,2023-09-26,Social Media,75.02,Standard,44,Canada,0,59.97
C002648,2023-10-22,Social Media,40.68,Basic,24,France,1,79.92
C002649,2023-10-30,Referral,32.01,Standard,57,Germany,1,79.96
C002650,2022-02-22,Paid Search,65.2,Standard,28,Australia,0,279.86
C002651,2023-01-29,Email,37.27,Premium,19,Australia,0,39.99
C002652,2022-07-31,Referral,42.7,Basic,65,Australia,1,129.87
C002653,2023-07-31,Paid Search,94.89,Standard,30,UK,1,19.99
C002654,2023-02-26,Social Media,53.43,Premium,26,Germany,1,119.97
C002655,2022-11-20,Email,57.32,Standard,65,Australia,1,239.88
C002656,2022-02-06,Affiliate,23.88,Basic,19,US,1,9.99
C002657,2022-02-24,Social Media,72.63,Basic,40,UK,1,19.98
C002658,2022-06-04,Paid Search,71.53,Basic,57,Canada,1,9.99
C002659,2023-08-21,Referral,39.0,Standard,36,Canada,1,279.86
C002660,2022-04-14,Email,26.39,Premium,28,Germany,1,279.93
C002661,2022-05-02,Email,56.41,Basic,53,France,1,19.98
C002662,2023-10-06,Referral,47.99,Basic,33,US,1,69.95
C002663,2023-11-11,Paid Search,113.64,Basic,20,UK,1,499.7
C002664,2023-01-26,Referral,35.17,Basic,19,France,1,29.97
C002665,2023-01-07,Referral,43.4,Basic,19,Germany,1,49.95
C002666,2023-11-19,Email,33.75,Basic,23,Canada,1,59.94
C002667,2022-03-12,Paid Search,59.45,Basic,43,UK,1,59.94
C002668,2022-04-24,Affiliate,27.89,Standard,36,Australia,1,359.82
C002669,2022-03-27,Social Media,60.14,Standard,19,France,1,39.98
C002670,2023-08-28,Referral,59.67,Basic,34,UK,0,329.67
C002671,2023-06-10,Social Media,79.1,Premium,19,Germany,1,899.77
C002672,2022-11-23,Paid Search,53.64,Basic,37,Canada,0,89.94
C002673,2023-04-05,Referral,33.5,Basic,60,Germany,1,19.98
C002674,2023-11-07,Organic,16.66,Basic,57,US,1,129.87
C002675,2023-08-11,Organic,16.05,Basic,48,Germany,1,19.98
C002676,2023-02-02,Organic,23.91,Basic,42,Canada,1,29.97
C002677,2023-01-11,Email,54.15,Standard,44,Australia,1,79.96
C002678,2022-12-17,Paid Search,116.0,Standard,53,UK,1,99.95
C002679,2023-05-16,Social Media,43.33,Premium,60,US,0,999.75
C002680,2023-11-14,Social Media,73.07,Premium,19,UK,1,39.99
C002681,2022-04-20,Paid Search,55.21,Basic,27,France,1,79.92
C002682,2022-08-31,Organic,27.27,Basic,18,Australia,1,159.84
C002683,2022-12-16,Email,22.82,Standard,47,Australia,0,119.94
C002684,2022-12-05,Affiliate,24.23,Basic,63,UK,1,269.73
C002685,2022-07-24,Affiliate,57.06,Basic,63,US,1,39.96
C002686,2022-01-04,Referral,51.66,Basic,21,Australia,1,219.78
C002687,2022-03-23,Referral,32.82,Standard,48,UK,1,139.93
C002688,2023-05-23,Email,48.25,Basic,64,Australia,1,49.95
C002689,2023-08-30,Organic,18.85,Standard,23,UK,1,199.9
C002690,2022-07-22,Social Media,37.19,Standard,30,Australia,1,199.9
C002691,2022-05-07,Affiliate,50.47,Basic,38,UK,1,289.85
C002692,2022-06-16,Referral,45.41,Standard,56,Germany,0,39.98
C002693,2023-06-03,Affiliate,31.42,Basic,40,Australia,0,119.88
C002694,2022-09-04,Email,20.28,Premium,61,Canada,0,559.86
C002695,2022-10-16,Paid Search,54.53,Basic,40,Australia,1,59.94
C002696,2022-03-03,Email,50.23,Basic,61,Australia,1,29.97
C002697,2023-04-02,Organic,29.54,Standard,38,France,1,39.98
C002698,2023-01-06,Affiliate,47.24,Standard,22,France,0,39.98
C002699,2022-09-26,Affiliate,53.59,Basic,65,Germany,0,439.76
C002700,2023-01-15,Referral,32.01,Basic,52,Australia,1,9.99
C002701,2022-07-14,Paid Search,91.11,Basic,40,Germany,1,29.97
C002702,2023-04-22,Referral,32.97,Standard,43,Germany,1,159.92
C002703,2023-04-21,Referral,26.11,Standard,42,Germany,1,59.97
C002704,2022-01-26,Paid Search,105.18,Basic,58,UK,1,9.99
C002705,2023-02-14,Social Media,30.7,Standard,60,UK,1,19.99
C002706,2022-06-04,Email,57.84,Basic,19,Germany,1,9.99
C002707,2023-04-29,Paid Search,68.96,Basic,49,Germany,1,19.98
C002708,2022-06-12,Social Media,71.49,Premium,35,UK,1,119.97
C002709,2022-07-14,Referral,44.27,Basic,45,UK,1,9.99
C002710,2023-05-15,Affiliate,22.39,Premium,22,Canada,1,919.77
C002711,2023-05-04,Email,31.57,Basic,49,UK,1,99.9
C002712,2023-03-03,Referral,20.52,Basic,28,Canada,1,9.99
C002713,2023-10-08,Social Media,64.2,Basic,25,France,1,29.97
C002714,2022-05-13,Email,31.28,Standard,62,UK,1,19.99
C002715,2023-01-14,Email,58.82,Basic,46,Canada,1,109.89
C002716,2023-03-04,Paid Search,64.66,Basic,32,Canada,1,19.98
C002717,2023-10-12,Referral,51.47,Standard,54,Canada,0,419.79
C002718,2022-07-19,Paid Search,117.58,Standard,54,UK,1,159.92
C002719,2023-08-31,Email,29.48,Standard,49,France,1,19.99
C002720,2023-04-27,Organic,16.27,Premium,42,UK,1,39.99
C002721,2023-10-01,Social Media,34.07,Basic,56,Australia,1,59.94
C002722,2022-09-30,Organic,18.99,Standard,35,Australia,1,79.96
C002723,2022-05-27,Social Media,72.39,Basic,33,UK,1,39.96
C002724,2023-10-11,Organic,16.54,Standard,48,France,1,59.97
C002725,2022-05-30,Social Media,77.83,Basic,38,France,0,89.93
C002726,2023-07-04,Paid Search,107.69,Standard,56,France,1,259.87
C002727,2022-05-04,Social Media,66.67,Standard,30,France,1,99.95
C002728,2023-06-01,Social Media,42.41,Basic,62,US,1,249.85
C002729,2022-11-02,Social Media,40.21,Basic,19,Australia,1,19.98
C002730,2023-10-22,Referral,23.15,Basic,27,Germany,0,389.76
C002731,2023-10-03,Referral,42.21,Standard,38,US,1,39.98
C002732,2022-10-08,Referral,31.04,Standard,47,Canada,1,19.99
C002733,2022-06-16,Email,25.14,Premium,25,US,1,39.99
C002734,2022-12-01,Email,39.08,Basic,64,Germany,1,119.88
C002735,2023-07-18,Organic,22.58,Standard,43,UK,1,19.99
C002736,2022-12-01,Email,53.44,Basic,36,Canada,1,9.99
C002737,2023-08-03,Email,21.58,Standard,64,Australia,1,199.9
C002738,2022-05-16,Referral,22.56,Basic,27,US,1,29.97
C002739,2023-06-20,Paid Search,115.81,Basic,41,Canada,0,589.7
C002740,2022-12-13,Organic,18.25,Standard,49,Germany,1,19.99
C002741,2023-07-13,Organic,20.49,Standard,43,Australia,1,319.84
C002742,2022-06-08,Email,52.91,Standard,46,UK,1,259.87
C002743,2022-04-29,Social Media,41.37,Basic,61,France,0,9.99
C002744,2022-01-25,Organic,22.86,Standard,48,US,1,459.77
C002745,2022-02-13,Paid Search,103.1,Premium,26,France,1,399.9
C002746,2022-11-24,Social Media,49.38,Standard,43,US,1,19.99
C002747,2023-06-07,Social Media,54.61,Standard,62,Germany,0,539.73
C002748,2023-07-18,Organic,10.8,Standard,31,UK,1,59.97
C002749,2023-08-20,Referral,20.29,Standard,55,Canada,1,139.93
C002750,2023-06-06,Paid Search,77.8,Basic,18,Australia,1,0.0
C002751,2023-09-30,Social Media,43.28,Basic,42,UK,0,149.85
C002752,2022-07-26,Email,30.25,Basic,34,Germany,0,249.75
C002753,2022-05-03,Affiliate,31.42,Basic,56,Australia,1,39.96
C002754,2023-11-19,Email,50.8,Basic,25,US,1,29.97
C002755,2023-02-01,Organic,24.86,Premium,30,France,0,839.76
C002756,2022-11-02,Affiliate,46.97,Premium,37,Canada,0,599.85
C002757,2023-04-20,Organic,22.96,Basic,34,UK,1,9.99
C002758,2023-06-08,Organic,16.2,Basic,29,Canada,1,19.98
C002759,2022-07-31,Referral,57.87,Basic,38,Germany,1,9.99
C002760,2023-02-05,Email,50.15,Premium,48,France,1,79.98
C002761,2023-09-04,Social Media,69.75,Standard,33,US,1,39.98
C002762,2023-09-24,Organic,27.69,Premium,57,US,0,559.86
C002763,2022-01-12,Social Media,76.51,Basic,42,Australia,0,79.92
C002764,2023-08-05,Paid Search,56.81,Basic,59,UK,0,9.99
C002765,2023-03-10,Affiliate,55.06,Basic,44,Australia,0,9.99
C002766,2022-01-23,Social Media,68.52,Premium,37,UK,1,39.99
C002767,2022-09-27,Referral,57.21,Premium,31,US,1,639.84
C002768,2023-10-14,Affiliate,58.1,Standard,48,UK,1,39.98
C002769,2022-01-15,Organic,11.72,Basic,55,Australia,1,69.93
C002770,2023-07-25,Social Media,43.5,Standard,48,US,1,219.89
C002771,2022-06-06,Paid Search,54.56,Standard,19,US,0,379.81
C002772,2023-05-25,Referral,53.22,Basic,18,France,1,49.95
C002773,2022-02-15,Affiliate,22.52,Standard,35,Australia,1,159.92
C002774,2022-10-16,Affiliate,39.17,Standard,19,Australia,0,559.72
C002775,2022-10-06,Paid Search,66.44,Basic,18,Australia,0,449.72
C002776,2022-02-15,Email,53.42,Basic,62,Germany,1,189.9
C002777,2022-08-26,Affiliate,53.94,Basic,41,US,0,339.74
C002778,2023-09-05,Social Media,52.81,Basic,28,Canada,0,199.8
C002779,2023-11-06,Social Media,66.31,Standard,38,Australia,1,39.98
C002780,2023-10-17,Social Media,50.35,Standard,41,Germany,0,39.98
C002781,2022-12-22,Social Media,37.38,Standard,49,Australia,1,39.98
C002782,2023-07-10,Referral,34.41,Basic,56,Canada,1,279.82
C002783,2022-05-21,Social Media,76.24,Standard,46,France,0,59.97
C002784,2023-11-28,Paid Search,112.28,Basic,58,UK,0,569.68
C002785,2023-09-06,Social Media,57.01,Standard,28,France,1,159.92
C002786,2022-05-23,Paid Search,107.73,Basic,44,US,1,9.99
C002787,2023-05-29,Email,21.68,Basic,18,Canada,1,119.88
C002788,2023-07-18,Affiliate,57.69,Standard,61,Australia,1,39.98
C002789,2022-12-09,Referral,24.68,Standard,41,France,1,19.99
C002790,2023-02-09,Email,46.28,Basic,54,Canada,1,9.99
C002791,2023-02-22,Affiliate,50.06,Basic,58,Australia,1,19.98
C002792,2023-04-10,Paid Search,108.4,Premium,30,Australia,1,79.98
C002793,2022-01-01,Email,52.0,Basic,22,Australia,1,29.97
C002794,2022-11-10,Paid Search,102.91,Basic,31,France,1,9.99
C002795,2023-10-16,Organic,29.03,Basic,19,US,1,9.99
C002796,2022-10-30,Organic,14.14,Standard,61,US,1,119.94
C002797,2022-03-10,Social Media,52.63,Basic,40,Australia,1,19.98
C002798,2023-02-17,Organic,23.96,Basic,42,Canada,1,109.89
C002799,2022-08-02,Social Media,51.43,Standard,48,Australia,1,119.94
C002800,2023-09-22,Email,21.67,Basic,20,Germany,1,39.96
C002801,2022-11-24,Social Media,31.55,Standard,42,France,1,59.97
C002802,2022-04-11,Referral,47.54,Standard,40,Australia,0,19.99
C002803,2023-05-18,Organic,17.6,Premium,23,Germany,1,79.98
C002804,2022-09-16,Email,23.68,Basic,63,Australia,1,39.96
C002805,2022-04-07,Referral,35.19,Basic,56,Germany,1,29.97
C002806,2022-02-05,Social Media,45.49,Standard,46,UK,1,19.99
C002807,2023-09-21,Referral,23.8,Standard,55,Australia,1,59.97
C002808,2022-01-29,Email,37.78,Standard,47,Canada,1,159.92
C002809,2023-08-02,Referral,52.05,Standard,64,US,1,39.98
C002810,2022-09-17,Email,24.71,Standard,29,Germany,1,119.94
C002811,2022-10-28,Paid Search,52.79,Standard,45,US,0,139.93
C002812,2022-06-08,Organic,13.98,Basic,18,Germany,1,179.88
C002813,2023-11-01,Paid Search,104.07,Basic,29,UK,1,19.98
C002814,2022-12-15,Affiliate,43.34,Basic,63,Germany,0,9.99
C002815,2022-04-29,Organic,13.29,Basic,56,France,1,39.97
C002816,2022-01-25,Referral,39.85,Standard,45,US,1,19.99
C002817,2023-06-22,Affiliate,34.73,Standard,44,Germany,1,439.78
C002818,2022-02-04,Social Media,51.81,Standard,22,US,1,19.99
C002819,2022-03-31,Social Media,73.89,Standard,48,Germany,1,39.98
C002820,2023-06-04,Paid Search,113.46,Premium,25,US,0,279.93
C002821,2022-06-15,Organic,21.41,Standard,46,Australia,1,119.94
C002822,2023-07-14,Social Media,57.87,Basic,60,UK,0,299.81
C002823,2023-08-20,Referral,24.63,Basic,30,UK,1,29.97
C002824,2022-11-04,Paid Search,102.26,Basic,41,US,0,129.87
C002825,2023-06-07,Organic,12.26,Standard,55,France,0,699.65
C002826,2022-01-10,Social Media,74.02,Basic,33,Germany,1,9.99
C002827,2022-08-07,Paid Search,96.48,Basic,31,US,1,29.97
C002828,2022-06-26,Referral,42.12,Standard,22,UK,1,179.91
C002829,2023-11-15,Paid Search,110.05,Basic,22,Germany,1,19.98
C002830,2023-06-10,Organic,21.32,Basic,44,Australia,0,149.85
C002831,2023-01-06,Paid Search,107.96,Basic,45,US,1,49.95
C002832,2022-11-25,Referral,21.11,Standard,41,Germany,1,59.97
C002833,2023-04-06,Email,53.45,Basic,26,Germany,0,9.99
C002834,2023-09-22,Email,55.55,Standard,58,UK,1,59.97
C002835,2022-09-05,Email,40.85,Basic,22,Germany,1,9.99
C002836,2023-09-07,Organic,18.35,Standard,63,UK,1,19.99
C002837,2023-10-19,Organic,17.39,Basic,47,Australia,1,29.97
C002838,2022-12-16,Social Media,71.82,Standard,37,Germany,1,19.99
C002839,2023-06-08,Referral,35.44,Premium,62,France,0,39.99
C002840,2023-07-28,Affiliate,44.21,Standard,54,UK,1,159.92
C002841,2023-04-26,Social Media,34.55,Basic,39,France,1,19.98
C002842,2023-06-14,Email,45.25,Basic,35,Canada,1,39.96
C002843,2022-10-23,Email,40.54,Basic,38,UK,1,9.99
C002844,2023-08-03,Paid Search,74.4,Basic,39,France,0,639.67
C002845,2023-11-24,Referral,31.14,Standard,60,Australia,1,139.93
C002846,2022-07-12,Email,55.62,Basic,62,Canada,1,39.96
C002847,2022-07-14,Affiliate,47.44,Standard,53,Canada,1,159.92
C002848,2022-07-29,Referral,43.27,Basic,64,Australia,1,9.99
C002849,2022-10-26,Affiliate,29.88,Standard,58,Canada,0,339.83
C002850,2022-07-07,Affiliate,52.38,Basic,43,Germany,1,39.98
C002851,2022-10-05,Email,38.36,Basic,34,France,0,359.64
C002852,2022-03-15,Social Media,36.22,Basic,53,Germany,1,29.97
C002853,2022-01-04,Organic,13.78,Premium,49,Germany,1,119.97
C002854,2023-07-18,Email,52.85,Standard,44,UK,1,39.98
C002855,2022-09-30,Organic,29.63,Standard,49,France,1,59.97
C002856,2022-04-21,Referral,37.49,Basic,26,UK,0,9.99
C002857,2022-05-06,Social Media,68.01,Premium,20,US,1,119.97
C002858,2022-10-12,Organic,20.97,Basic,24,Australia,1,29.97
C002859,2023-03-10,Paid Search,52.8,Standard,21,US,1,199.9
C002860,2022-04-25,Social Media,78.84,Standard,36,Germany,1,59.97
C002861,2022-09-04,Paid Search,65.43,Standard,35,France,1,39.98
C002862,2022-12-29,Paid Search,60.62,Standard,38,UK,0,299.85
C002863,2022-06-25,Referral,28.13,Standard,28,US,0,19.99
C002864,2023-08-08,Affiliate,44.57,Premium,49,US,0,319.91
C002865,2022-04-08,Paid Search,109.18,Basic,47,France,1,19.98
C002866,2022-06-19,Paid Search,114.23,Basic,18,UK,1,309.84
C002867,2023-11-19,Social Media,51.76,Premium,42,Germany,1,679.83
C002868,2022-08-07,Paid Search,57.03,Basic,63,Germany,1,19.98
C002869,2023-03-30,Paid Search,101.74,Basic,57,Germany,1,9.99
C002870,2022-01-24,Email,50.6,Basic,61,Germany,1,69.93
C002871,2023-03-24,Email,33.69,Basic,50,France,1,149.85
C002872,2023-02-02,Referral,44.26,Basic,63,US,1,29.97
C002873,2023-09-08,Affiliate,47.33,Basic,43,UK,0,29.97
C002874,2022-08-12,Social Media,47.66,Basic,63,Canada,1,59.94
C002875,2022-08-25,Referral,44.02,Basic,19,Australia,1,9.99
C002876,2023-07-31,Paid Search,95.18,Basic,63,US,0,9.99
C002877,2023-02-03,Email,33.81,Basic,49,Germany,1,9.99
C002878,2023-04-02,Referral,23.58,Basic,32,Canada,0,169.87
C002879,2023-01-11,Social Media,53.93,Basic,55,Australia,0,409.73
C002880,2023-06-14,Email,41.24,Basic,20,Germany,1,19.98
C002881,2023-01-09,Organic,25.21,Basic,28,US,0,119.88
C002882,2023-09-23,Affiliate,42.11,Basic,51,Canada,1,9.99
C002883,2023-04-09,Paid Search,70.52,Premium,35,UK,0,239.94
C002884,2022-08-23,Referral,32.46,Standard,32,US,0,679.66
C002885,2023-09-28,Organic,21.45,Standard,65,UK,1,119.94
C002886,2022-10-23,Email,38.81,Basic,28,UK,1,39.96
C002887,2022-01-18,Paid Search,92.18,Basic,24,Canada,1,9.99
C002888,2022-07-03,Email,24.97,Basic,41,Australia,1,9.99
C002889,2022-07-03,Paid Search,87.36,Basic,18,Canada,0,269.73
C002890,2022-06-25,Social Media,55.66,Basic,50,US,0,9.99
C002891,2023-02-08,Paid Search,61.69,Basic,26,UK,1,219.87
C002892,2023-09-16,Social Media,58.69,Basic,33,Germany,0,459.66
C002893,2022-06-29,Affiliate,24.4,Basic,58,France,1,9.99
C002894,2022-02-13,Organic,29.66,Basic,36,Germany,1,29.97
C002895,2023-06-26,Referral,47.1,Basic,52,Australia,0,209.79
C002896,2023-02-18,Email,38.66,Standard,51,Canada,0,479.76
C002897,2023-09-13,Email,48.73,Standard,34,France,0,539.73
C002898,2023-02-22,Paid Search,85.22,Basic,20,UK,1,9.99
C002899,2022-03-17,Email,59.79,Standard,25,France,0,559.72
C002900,2023-02-27,Referral,35.04,Basic,38,Germany,0,299.7
C002901,2022-07-23,Organic,14.31,Standard,27,Germany,1,19.99
C002902,2023-08-28,Affiliate,25.59,Standard,43,UK,1,39.98
C002903,2022-05-26,Organic,28.01,Premium,34,Germany,0,39.99
C002904,2023-02-13,Referral,48.52,Basic,31,Germany,1,19.98
C002905,2022-05-14,Referral,58.38,Basic,27,Australia,0,29.97
C002906,2022-04-14,Social Media,48.7,Basic,42,Australia,1,29.97
C002907,2023-03-20,Organic,21.96,Basic,50,France,1,179.82
C002908,2023-05-04,Organic,28.68,Premium,48,US,0,959.76
C002909,2022-12-27,Social Media,39.67,Premium,28,US,1,119.97
C002910,2022-04-14,Paid Search,102.1,Standard,21,US,0,679.66
C002911,2023-06-06,Paid Search,94.15,Basic,46,Germany,1,159.84
C002912,2022-12-09,Email,38.41,Standard,36,Canada,1,279.86
C002913,2022-02-22,Email,43.42,Premium,49,Germany,0,519.87
C002914,2023-06-11,Organic,23.33,Standard,65,France,1,79.96
C002915,2023-06-03,Organic,29.97,Basic,42,Canada,0,309.69
C002916,2023-11-08,Affiliate,37.59,Standard,35,UK,0,39.98
C002917,2022-05-26,Paid Search,56.52,Basic,43,UK,1,19.98
C002918,2022-02-12,Organic,16.06,Premium,30,Germany,1,119.97
C002919,2023-08-06,Paid Search,79.23,Standard,27,Germany,0,219.89
C002920,2023-07-15,Email,30.21,Premium,18,US,1,39.99
C002921,2022-06-17,Organic,15.31,Basic,22,UK,1,19.98
C002922,2023-04-25,Paid Search,114.74,Basic,23,Australia,1,29.97
C002923,2023-04-16,Social Media,60.84,Premium,48,Canada,0,39.99
C002924,2023-08-14,Email,41.92,Premium,65,Canada,0,479.88
C002925,2023-10-09,Affiliate,33.06,Basic,61,Australia,0,549.68
C002926,2023-08-27,Email,47.3,Standard,33,UK,1,59.97
C002927,2022-01-23,Referral,39.34,Basic,50,Canada,1,9.99
C002928,2023-05-26,Affiliate,59.65,Basic,55,Canada,1,309.82
C002929,2022-09-21,Organic,26.48,Standard,32,UK,1,59.97
C002930,2023-04-21,Paid Search,114.82,Standard,50,Canada,1,99.95
C002931,2023-02-27,Affiliate,35.99,Standard,37,US,1,59.97
C002932,2022-09-06,Paid Search,93.61,Premium,60,US,1,79.98
C002933,2022-11-18,Organic,18.71,Standard,27,Germany,1,259.87
C002934,2023-04-30,Organic,16.68,Basic,37,UK,1,29.97
C002935,2023-05-14,Referral,57.11,Basic,31,Germany,1,9.99
C002936,2023-03-17,Paid Search,70.05,Standard,28,Canada,1,39.98
C002937,2022-06-13,Email,33.09,Basic,23,US,1,309.78
C002938,2022-03-26,Organic,25.92,Basic,52,Germany,1,19.98
C002939,2023-05-20,Organic,28.69,Standard,62,Australia,0,319.84
C002940,2022-06-05,Organic,10.04,Basic,26,Canada,1,69.93
C002941,2023-01-11,Affiliate,47.43,Standard,40,Australia,0,119.94
C002942,2023-08-09,Organic,10.81,Premium,39,US,1,39.99
C002943,2022-02-09,Email,23.29,Basic,18,UK,1,29.97
C002944,2022-06-24,Referral,52.97,Basic,35,France,0,189.81
C002945,2022-10-26,Email,53.47,Basic,57,Canada,0,479.68
C002946,2022-05-22,Organic,19.25,Premium,28,Australia,1,39.99
C002947,2023-06-12,Organic,19.93,Basic,36,US,1,39.96
C002948,2023-02-07,Social Media,63.25,Standard,46,Canada,1,39.98
C002949,2023-06-06,Social Media,44.68,Standard,43,Germany,0,559.72
C002950,2022-08-29,Social Media,63.31,Basic,47,UK,1,119.88
C002951,2022-06-08,Organic,11.59,Standard,25,UK,0,539.73
C002952,2022-04-21,Referral,25.04,Standard,36,Canada,0,79.96
C002953,2022-11-24,Email,29.57,Basic,44,US,1,189.81
C002954,2023-10-22,Affiliate,57.7,Standard,55,Canada,1,39.98
C002955,2022-08-03,Referral,46.25,Basic,43,UK,0,29.97
C002956,2022-12-20,Organic,10.98,Standard,34,Germany,1,159.92
C002957,2022-07-11,Referral,38.54,Premium,63,Canada,1,39.99
C002958,2023-04-06,Paid Search,107.1,Standard,63,Germany,1,259.87
C002959,2023-11-06,Social Media,77.9,Standard,62,UK,1,119.94
C002960,2022-01-08,Paid Search,116.8,Basic,49,Canada,1,69.95
C002961,2022-06-01,Organic,27.68,Basic,56,Germany,0,259.74
C002962,2022-10-12,Paid Search,100.45,Basic,18,Australia,1,9.99
C002963,2023-01-05,Affiliate,33.72,Standard,39,US,0,39.98
C002964,2022-04-18,Referral,50.86,Premium,30,UK,1,559.86
C002965,2022-06-01,Social Media,64.02,Premium,65,France,0,959.76
C002966,2022-10-08,Email,35.63,Standard,55,France,0,639.68
C002967,2023-09-19,Paid Search,80.45,Premium,20,Germany,0,959.76
C002968,2023-08-29,Email,31.61,Premium,47,US,1,119.97
C002969,2022-10-19,Social Media,30.9,Standard,22,Germany,1,79.96
C002970,2023-03-04,Referral,56.56,Standard,32,Canada,0,419.79
C002971,2023-08-29,Paid Search,81.45,Basic,59,US,1,79.92
C002972,2022-08-23,Affiliate,56.18,Basic,34,US,1,69.93
C002973,2023-06-28,Paid Search,52.84,Premium,46,UK,1,479.88
C002974,2023-02-11,Organic,18.6,Premium,35,France,1,119.97
C002975,2023-07-14,Referral,20.65,Premium,64,Australia,1,159.96
C002976,2022-11-10,Email,46.53,Basic,55,UK,0,29.97
C002977,2023-07-01,Affiliate,42.09,Standard,33,Germany,1,119.94
C002978,2023-07-29,Affiliate,33.14,Standard,30,US,1,219.89
C002979,2023-03-16,Organic,16.58,Basic,48,US,1,19.98
C002980,2022-04-12,Paid Search,115.18,Standard,28,Australia,0,19.99
C002981,2022-10-27,Affiliate,30.28,Basic,45,UK,0,359.78
C002982,2022-06-17,Social Media,34.88,Premium,37,France,1,1039.74
C002983,2023-07-16,Affiliate,22.74,Premium,25,US,1,359.91
C002984,2022-09-03,Organic,25.57,Standard,35,UK,1,59.97
C002985,2022-04-27,Referral,33.5,Standard,52,Germany,1,559.72
C002986,2023-06-08,Organic,19.62,Standard,23,Canada,1,39.98
C002987,2022-04-05,Social Media,38.82,Standard,52,Canada,1,39.98
C002988,2022-01-19,Email,52.18,Standard,23,US,0,219.89
C002989,2022-06-16,Paid Search,73.95,Standard,62,France,0,579.71
C002990,2022-07-18,Referral,59.64,Standard,40,US,1,319.84
C002991,2022-12-15,Referral,51.71,Basic,50,Germany,0,429.71
C002992,2022-08-06,Paid Search,63.31,Standard,55,Australia,1,19.99
C002993,2022-03-10,Affiliate,29.07,Standard,49,France,0,259.87
C002994,2023-04-14,Referral,32.89,Basic,20,US,1,59.94
C002995,2023-04-09,Paid Search,50.26,Basic,60,Canada,1,9.99
C002996,2023-10-27,Social Media,50.78,Standard,38,Germany,0,39.98
C002997,2022-03-29,Paid Search,109.01,Standard,53,US,0,479.76
C002998,2023-08-31,Paid Search,83.14,Standard,53,Australia,0,179.91
C002999,2022-12-15,Organic,22.5,Basic,58,Canada,1,119.88
C003000,2022-09-09,Social Media,56.85,Basic,20,US,1,69.93
C003001,2022-02-26,Social Media,63.24,Premium,62,Canada,1,39.99
C003002,2023-01-24,Paid Search,69.65,Standard,22,France,1,19.99
C003003,2023-01-08,Organic,19.97,Standard,44,US,1,299.85
C003004,2022-01-27,Social Media,46.39,Standard,26,France,1,59.97
C003005,2023-09-10,Email,54.06,Basic,24,Canada,1,9.99
C003006,2022-12-08,Social Media,74.42,Basic,31,France,1,49.95
C003007,2022-03-22,Paid Search,53.44,Basic,53,France,1,9.99
C003008,2022-03-23,Affiliate,41.96,Standard,62,France,0,19.99
C003009,2022-11-01,Email,46.32,Basic,43,US,1,309.81
C003010,2022-11-16,Referral,23.72,Basic,65,US,1,9.99
C003011,2022-05-21,Organic,11.89,Premium,18,US,1,999.75
C003012,2023-05-04,Organic,19.38,Basic,52,US,1,9.99
C003013,2022-09-28,Paid Search,91.36,Standard,33,US,1,99.95
C003014,2022-12-09,Paid Search,62.96,Premium,62,US,1,479.88
C003015,2023-10-08,Organic,19.41,Standard,26,UK,1,19.99
C003016,2023-11-30,Email,29.54,Basic,61,France,0,9.99
C003017,2022-10-07,Email,51.79,Standard,30,Germany,0,579.71
C003018,2023-07-15,Paid Search,54.16,Basic,60,Germany,0,39.96
C003019,2022-07-17,Email,31.71,Basic,55,Germany,1,129.91
C003020,2023-08-16,Social Media,43.47,Standard,25,Australia,1,499.75
C003021,2023-03-07,Social Media,62.42,Basic,25,Germany,0,99.9
C003022,2023-08-28,Paid Search,102.27,Standard,54,UK,1,19.99
C003023,2023-10-19,Email,24.8,Standard,26,Australia,1,79.96
C003024,2022-02-11,Paid Search,119.87,Standard,64,US,0,459.77
C003025,2023-12-02,Referral,25.32,Basic,25,France,1,19.98
C003026,2022-01-03,Affiliate,28.41,Basic,62,US,1,9.99
C003027,2023-02-28,Organic,16.83,Basic,27,Australia,1,99.9
C003028,2023-10-26,Organic,27.38,Basic,44,Germany,1,59.94
C003029,2023-11-07,Email,47.21,Basic,30,Australia,0,289.81
C003030,2022-05-30,Paid Search,77.24,Basic,60,Australia,1,39.96
C003031,2022-09-06,Referral,39.56,Basic,21,Canada,0,29.97
C003032,2022-01-04,Referral,38.54,Basic,21,Australia,0,229.83
C003033,2023-04-15,Email,31.56,Basic,36,UK,1,29.97
C003034,2022-10-18,Social Media,38.85,Standard,48,France,1,19.99
C003035,2022-03-08,Email,38.18,Basic,32,Germany,1,9.99
C003036,2022-07-25,Affiliate,54.55,Standard,42,Canada,1,19.99
C003037,2022-06-14,Referral,28.82,Premium,19,UK,1,239.94
C003038,2023-10-23,Referral,35.38,Premium,53,France,1,319.92
C003039,2023-10-20,Paid Search,57.69,Standard,51,Canada,1,39.98
C003040,2022-04-12,Social Media,73.1,Standard,37,Australia,0,19.99
C003041,2023-02-18,Organic,11.26,Premium,24,UK,1,199.95
C003042,2022-10-17,Social Media,70.49,Standard,60,France,1,19.99
C003043,2023-09-21,Email,51.96,Standard,29,Australia,1,159.92
C003044,2023-05-24,Email,20.13,Premium,38,Australia,1,119.97
C003045,2023-07-22,Referral,42.72,Basic,30,UK,1,9.99
C003046,2022-04-22,Affiliate,32.25,Standard,34,Australia,1,19.99
C003047,2022-10-06,Email,27.98,Basic,56,France,1,9.99
C003048,2023-08-01,Social Media,34.8,Basic,30,UK,0,349.82
C003049,2022-11-29,Organic,27.16,Basic,33,France,1,19.98
C003050,2022-12-08,Referral,29.1,Premium,19,Australia,0,1119.72
C003051,2022-03-20,Organic,21.3,Basic,44,US,1,29.97
C003052,2022-07-29,Referral,36.49,Premium,22,US,1,359.91
C003053,2023-11-29,Email,37.65,Basic,65,UK,1,69.93
C003054,2022-08-12,Social Media,34.84,Basic,55,Germany,1,109.93
C003055,2022-05-04,Social Media,62.15,Premium,31,US,1,639.84
C003056,2022-12-15,Paid Search,92.82,Basic,34,France,1,9.99
C003057,2023-07-04,Affiliate,45.16,Standard,20,Germany,1,199.9
C003058,2022-10-11,Email,26.68,Standard,64,US,1,59.97
C003059,2023-05-17,Paid Search,105.7,Premium,24,US,1,759.81
C003060,2023-05-31,Email,29.17,Standard,18,Germany,1,99.95
C003061,2022-12-24,Social Media,67.67,Standard,28,US,1,279.86
C003062,2022-04-10,Affiliate,42.87,Standard,30,UK,1,19.99
C003063,2022-06-10,Paid Search,101.62,Standard,30,UK,1,119.94
C003064,2022-07-22,Paid Search,70.65,Basic,46,UK,1,39.96
C003065,2023-09-26,Paid Search,52.2,Standard,64,UK,1,99.95
C003066,2023-01-11,Affiliate,50.26,Standard,61,Germany,1,59.97
C003067,2022-06-07,Affiliate,22.53,Premium,48,Germany,1,239.94
C003068,2022-01-08,Paid Search,76.22,Standard,61,Germany,0,399.8
C003069,2022-04-22,Organic,25.29,Basic,27,Germany,1,19.98
C003070,2022-04-22,Referral,29.17,Standard,35,Australia,1,319.84
C003071,2023-06-17,Affiliate,42.2,Standard,55,France,1,19.99
C003072,2022-12-04,Referral,26.3,Premium,52,Australia,1,159.96
C003073,2023-08-04,Paid Search,116.75,Basic,57,Germany,1,89.91
C003074,2022-10-13,Social Media,43.01,Basic,64,US,0,299.78
C003075,2022-07-20,Referral,31.82,Standard,47,US,1,119.94
C003076,2023-08-19,Organic,25.93,Basic,21,UK,0,649.64
C003077,2023-07-01,Organic,21.2,Basic,59,France,0,59.94
C003078,2022-05-19,Organic,20.36,Standard,32,UK,1,99.95
C003079,2022-09-04,Organic,20.17,Standard,22,UK,1,19.99
C003080,2023-07-06,Email,23.34,Standard,23,Canada,1,59.97
C003081,2022-09-25,Social Media,57.45,Standard,20,Germany,1,39.98
C003082,2023-05-18,Paid Search,59.78,Standard,62,Australia,1,0.0
C003083,2022-04-02,Email,25.91,Basic,45,Australia,1,19.98
C003084,2023-10-12,Email,23.21,Standard,47,UK,1,39.98
C003085,2023-11-29,Social Media,79.64,Basic,20,US,1,129.87
C003086,2022-01-28,Affiliate,47.64,Premium,64,US,1,119.97
C003087,2022-03-27,Social Media,38.25,Standard,58,France,0,379.81
C003088,2022-03-25,Organic,23.76,Basic,24,Germany,0,229.86
C003089,2023-07-06,Affiliate,34.86,Standard,65,France,1,79.96
C003090,2022-01-27,Affiliate,25.99,Basic,42,Australia,1,19.98
C003091,2022-04-28,Email,45.82,Standard,34,UK,1,39.98
C003092,2022-03-29,Email,52.51,Standard,54,France,0,19.99
C003093,2023-05-04,Social Media,54.56,Premium,22,UK,1,1199.7
C003094,2022-06-29,Social Media,55.07,Standard,38,Germany,1,59.97
C003095,2023-04-26,Organic,20.14,Basic,20,France,1,29.97
C003096,2022-02-20,Organic,23.24,Premium,42,Canada,0,1359.66
C003097,2023-10-14,Social Media,34.43,Standard,35,France,1,39.98
C003098,2022-06-03,Referral,35.11,Basic,44,UK,1,19.98
C003099,2022-10-03,Email,29.11,Basic,60,US,1,239.77
C003100,2023-01-10,Social Media,71.08,Standard,42,Australia,1,119.94
C003101,2022-02-12,Email,48.57,Standard,21,Germany,1,99.95
C003102,2022-08-01,Paid Search,78.71,Premium,53,Germany,1,179.95
C003103,2023-09-25,Social Media,69.33,Basic,57,Australia,1,109.89
C003104,2023-06-23,Paid Search,58.8,Basic,21,US,0,269.73
C003105,2023-02-06,Social Media,71.74,Basic,53,France,1,9.99
C003106,2022-01-06,Social Media,61.28,Basic,59,UK,0,19.98
C003107,2023-07-15,Referral,39.94,Premium,51,UK,1,199.95
C003108,2023-01-23,Affiliate,50.55,Standard,22,Germany,1,39.98
C003109,2022-10-02,Paid Search,60.84,Basic,62,Germany,1,49.95
C003110,2023-09-26,Affiliate,31.81,Basic,54,Australia,0,289.71
C003111,2023-11-17,Affiliate,49.22,Basic,28,US,0,79.92
C003112,2022-09-06,Referral,50.26,Basic,64,Australia,1,19.98
C003113,2023-06-26,Referral,28.55,Basic,34,US,1,9.99
C003114,2023-04-19,Organic,26.44,Basic,58,Germany,0,259.74
C003115,2022-06-10,Social Media,77.31,Basic,36,US,1,169.83
C003116,2022-07-11,Referral,51.55,Standard,41,Canada,0,139.93
C003117,2023-07-11,Affiliate,27.48,Basic,64,US,1,9.99
C003118,2023-11-16,Organic,19.4,Basic,35,Canada,1,19.98
C003119,2023-06-10,Email,58.4,Standard,19,UK,1,339.83
C003120,2022-04-22,Social Media,42.07,Standard,51,UK,1,19.99
C003121,2022-10-10,Social Media,66.27,Basic,57,Australia,1,19.98
C003122,2022-03-05,Affiliate,47.53,Basic,61,Australia,0,29.97
C003123,2022-02-28,Social Media,41.94,Premium,31,Canada,1,119.97
C003124,2022-07-18,Email,30.31,Basic,63,US,1,9.99
C003125,2023-02-09,Affiliate,28.88,Basic,24,US,1,179.82
C003126,2022-04-07,Affiliate,43.99,Standard,64,US,1,379.81
C003127,2023-07-12,Organic,22.13,Basic,55,US,0,169.83
C003128,2023-10-09,Affiliate,27.92,Basic,43,Australia,1,189.81
C003129,2022-11-27,Paid Search,52.74,Basic,20,Australia,1,179.87
C003130,2022-03-20,Organic,28.36,Standard,50,Germany,1,19.99
C003131,2022-12-02,Referral,23.81,Premium,44,France,1,39.99
C003132,2023-06-22,Organic,10.21,Basic,19,US,1,119.88
C003133,2023-08-24,Organic,16.69,Basic,53,UK,1,59.94
C003134,2023-09-04,Email,56.97,Basic,42,Canada,1,29.97
C003135,2023-04-29,Affiliate,48.11,Basic,36,France,1,9.99
C003136,2022-05-03,Affiliate,56.32,Premium,57,Australia,1,159.96
C003137,2022-08-07,Referral,34.72,Standard,26,US,1,459.77
C003138,2022-03-20,Social Media,60.18,Standard,51,Australia,0,599.7
C003139,2023-08-12,Social Media,35.44,Basic,32,Germany,0,299.83
C003140,2023-06-27,Referral,33.72,Basic,26,Germany,0,199.87
C003141,2022-07-19,Paid Search,107.05,Basic,31,France,1,49.95
C003142,2023-09-09,Email,25.92,Basic,35,Canada,0,259.74
C003143,2022-12-12,Referral,23.07,Basic,20,Australia,1,39.96
C003144,2022-10-29,Paid Search,86.38,Basic,65,US,0,439.69
C003145,2023-01-11,Affiliate,20.85,Standard,33,Germany,1,39.98
C003146,2023-02-09,Referral,37.41,Standard,20,France,1,79.96
C003147,2022-04-09,Organic,24.93,Basic,19,US,1,119.88
C003148,2022-07-17,Organic,20.41,Basic,42,Germany,0,349.65
C003149,2023-09-15,Organic,26.36,Standard,42,UK,1,19.99
C003150,2023-04-12,Organic,16.41,Standard,24,UK,1,59.97
C003151,2022-08-12,Social Media,74.87,Basic,45,France,1,119.93
C003152,2023-07-18,Paid Search,80.54,Basic,58,Germany,1,79.92
C003153,2023-03-11,Email,45.77,Basic,31,France,0,619.66
C003154,2022-09-28,Social Media,67.48,Basic,33,Canada,0,159.84
C003155,2023-07-22,Organic,25.88,Premium,30,Canada,1,39.99
C003156,2022-11-02,Paid Search,83.38,Standard,53,Australia,1,159.92
C003157,2023-06-26,Paid Search,78.52,Basic,59,Canada,1,39.96
C003158,2023-09-22,Affiliate,24.97,Basic,41,Germany,0,19.98
C003159,2022-01-19,Email,52.89,Standard,54,France,1,39.98
C003160,2022-03-08,Social Media,44.29,Basic,19,Australia,1,19.98
C003161,2023-04-09,Social Media,59.14,Basic,56,Australia,1,39.96
C003162,2023-08-10,Email,57.7,Basic,57,France,1,109.89
C003163,2023-01-20,Affiliate,31.86,Standard,56,France,0,339.83
C003164,2023-11-24,Affiliate,50.44,Premium,23,France,0,899.68
C003165,2022-10-30,Paid Search,87.47,Basic,42,Australia,0,239.76
C003166,2023-08-06,Paid Search,60.29,Standard,36,US,0,19.99
C003167,2023-05-28,Social Media,58.47,Standard,30,UK,1,19.99
C003168,2022-07-14,Organic,13.7,Standard,32,Canada,1,59.97
C003169,2022-05-25,Referral,36.17,Standard,21,Germany,0,599.7
C003170,2023-09-30,Affiliate,20.92,Standard,27,Germany,1,59.97
C003171,2023-10-18,Organic,19.14,Basic,19,Australia,0,469.75
C003172,2023-03-29,Paid Search,102.45,Basic,64,UK,1,9.99
C003173,2023-06-17,Email,28.82,Standard,56,Canada,1,99.95
C003174,2023-10-28,Paid Search,112.9,Standard,60,France,1,239.88
C003175,2022-01-18,Social Media,71.4,Premium,44,Australia,0,959.76
C003176,2022-05-01,Paid Search,113.16,Standard,45,Canada,0,119.94
C003177,2022-01-31,Email,52.18,Standard,43,France,1,79.96
C003178,2023-01-03,Email,47.06,Basic,35,US,1,69.93
C003179,2023-07-18,Referral,42.92,Basic,58,US,0,609.66
C003180,2022-08-10,Organic,21.24,Standard,24,Australia,1,19.99
C003181,2022-05-30,Paid Search,106.51,Basic,39,US,1,19.98
C003182,2022-09-15,Paid Search,104.41,Basic,27,UK,1,29.97
C003183,2023-08-25,Social Media,72.49,Basic,20,US,1,9.99
C003184,2022-06-18,Referral,50.09,Basic,60,France,1,29.97
C003185,2023-03-21,Email,35.63,Premium,22,US,1,79.98
C003186,2022-04-30,Referral,40.16,Basic,60,UK,1,9.99
C003187,2023-09-19,Social Media,71.18,Standard,19,US,1,179.91
C003188,2022-03-09,Referral,41.11,Standard,35,US,1,59.97
C003189,2022-10-28,Affiliate,44.26,Premium,38,US,1,159.96
C003190,2023-04-10,Referral,50.95,Premium,51,UK,1,239.94
C003191,2023-08-20,Referral,45.68,Standard,21,Australia,1,59.97
C003192,2023-01-13,Paid Search,94.63,Basic,49,Germany,0,39.96
C003193,2023-03-30,Email,31.26,Basic,63,Germany,1,39.96
C003194,2022-05-24,Affiliate,36.13,Premium,60,UK,1,79.98
C003195,2023-09-03,Paid Search,74.12,Standard,23,Australia,1,79.96
C003196,2023-05-19,Affiliate,45.02,Basic,42,US,0,359.7
C003197,2022-06-14,Email,47.97,Standard,34,US,1,19.99
C003198,2023-02-11,Email,46.99,Basic,30,UK,1,9.99
C003199,2022-07-27,Referral,29.28,Premium,38,Canada,1,559.86
C003200,2022-06-25,Paid Search,74.13,Premium,24,Germany,0,799.8
C003201,2023-07-12,Organic,19.29,Basic,28,Australia,1,69.93
C003202,2022-04-15,Organic,22.06,Basic,25,UK,0,299.7
C003203,2023-03-09,Paid Search,107.76,Premium,38,UK,1,359.91
C003204,2023-04-24,Referral,41.84,Premium,42,US,0,279.92
C003205,2022-07-14,Paid Search,81.32,Premium,52,Canada,1,39.99
C003206,2022-11-11,Social Media,59.63,Standard,28,France,1,59.97
C003207,2022-11-27,Organic,12.82,Basic,50,US,0,329.67
C003208,2022-04-07,Referral,31.02,Premium,33,Germany,1,1119.72
C003209,2022-07-29,Affiliate,30.01,Basic,48,France,1,9.99
C003210,2022-04-21,Paid Search,113.35,Standard,49,Australia,1,19.99
C003211,2023-06-10,Paid Search,114.06,Basic,28,Australia,0,19.98
C003212,2022-04-05,Referral,55.77,Standard,29,US,1,79.96
C003213,2023-10-06,Paid Search,68.28,Premium,44,UK,1,79.98
C003214,2023-08-10,Email,33.61,Standard,64,Australia,1,599.7
C003215,2023-09-14,Referral,29.35,Basic,32,France,1,49.95
C003216,2022-09-06,Organic,26.96,Basic,61,Canada,1,19.98
C003217,2023-02-23,Organic,16.77,Standard,46,Australia,1,439.78
C003218,2022-01-24,Referral,51.42,Standard,64,Australia,1,39.98
C003219,2023-03-15,Referral,47.23,Premium,47,Germany,1,39.99
C003220,2022-03-04,Referral,54.44,Basic,43,France,1,29.97
C003221,2022-05-31,Organic,17.3,Basic,52,UK,1,29.97
C003222,2022-03-28,Affiliate,53.63,Basic,58,Canada,1,9.99
C003223,2022-12-02,Affiliate,26.37,Premium,61,Australia,1,239.94
C003224,2023-01-10,Organic,25.55,Standard,46,US,1,19.99
C003225,2022-09-29,Referral,42.78,Standard,51,Australia,1,39.98
C003226,2022-06-28,Organic,29.63,Basic,54,Germany,0,369.78
C003227,2023-04-13,Email,58.2,Standard,52,Australia,1,59.97
C003228,2022-10-02,Paid Search,80.1,Standard,36,France,1,19.99
C003229,2022-01-17,Paid Search,58.88,Premium,39,US,1,519.87
C003230,2023-09-12,Affiliate,49.19,Standard,52,Germany,1,319.84
C003231,2023-09-05,Affiliate,47.66,Standard,36,Australia,1,39.98
C003232,2022-05-14,Social Media,74.12,Basic,65,France,1,89.91
C003233,2023-06-09,Email,45.18,Standard,36,Canada,0,339.83
C003234,2023-04-08,Affiliate,41.83,Basic,20,Australia,1,229.88
C003235,2023-11-02,Referral,23.67,Premium,33,France,1,39.99
C003236,2023-02-16,Referral,35.62,Basic,60,UK,0,9.99
C003237,2022-01-27,Email,38.08,Basic,22,France,0,19.98
C003238,2022-03-07,Affiliate,45.11,Premium,49,France,0,439.89
C003239,2023-06-29,Referral,35.38,Basic,57,France,0,9.99
C003240,2023-03-23,Email,39.89,Standard,26,Canada,1,359.82
C003241,2023-06-13,Email,27.85,Premium,20,Australia,1,119.97
C003242,2023-06-29,Social Media,64.08,Basic,59,UK,0,589.67
C003243,2023-11-30,Affiliate,51.7,Basic,62,Canada,1,79.92
C003244,2022-01-31,Affiliate,55.79,Basic,42,Germany,1,29.97
C003245,2023-09-27,Social Media,64.28,Standard,19,Australia,1,439.78
C003246,2022-05-08,Paid Search,69.57,Standard,65,Canada,1,179.91
C003247,2023-01-19,Social Media,42.56,Premium,43,Germany,1,79.98
C003248,2023-08-31,Referral,27.84,Basic,57,Canada,1,99.92
C003249,2022-07-10,Affiliate,29.86,Premium,61,France,1,39.99
C003250,2023-08-13,Social Media,69.48,Standard,32,UK,1,39.98
C003251,2023-07-14,Email,57.38,Basic,28,Canada,1,259.82
C003252,2022-03-23,Affiliate,47.22,Basic,52,Canada,1,59.94
C003253,2023-05-10,Paid Search,113.98,Basic,28,France,1,159.84
C003254,2022-06-25,Referral,57.84,Basic,62,UK,1,29.97
C003255,2022-12-18,Email,44.32,Standard,24,UK,1,519.74
C003256,2023-06-01,Organic,21.2,Basic,41,US,0,579.69
C003257,2023-10-24,Referral,40.76,Premium,53,Canada,1,439.89
C003258,2022-01-17,Email,32.82,Basic,61,Canada,1,9.99
C003259,2022-09-25,Paid Search,50.53,Basic,57,US,1,99.9
C003260,2023-11-23,Email,52.97,Basic,25,Germany,1,19.98
C003261,2023-09-06,Referral,26.59,Basic,63,Canada,1,9.99
C003262,2023-08-19,Paid Search,68.84,Basic,41,UK,1,69.93
C003263,2023-02-08,Social Media,34.41,Basic,24,Canada,1,39.96
C003264,2022-12-02,Paid Search,57.51,Standard,41,France,0,579.71
C003265,2022-08-08,Referral,39.03,Standard,51,US,0,519.74
C003266,2022-09-01,Referral,37.89,Basic,19,France,1,59.96
C003267,2022-09-30,Paid Search,98.8,Standard,24,Canada,1,339.83
C003268,2022-03-31,Organic,25.53,Basic,42,France,0,129.87
C003269,2023-06-26,Organic,23.92,Standard,53,US,1,59.97
C003270,2023-09-12,Affiliate,53.4,Standard,18,Canada,1,59.97
C003271,2023-01-05,Paid Search,66.45,Standard,53,Canada,1,39.98
C003272,2023-02-16,Paid Search,112.31,Premium,53,Germany,1,519.87
C003273,2023-03-03,Organic,29.11,Premium,55,France,1,439.89
C003274,2023-03-02,Referral,41.56,Basic,28,UK,1,19.98
C003275,2023-05-20,Affiliate,33.52,Basic,65,Australia,1,29.97
C003276,2022-10-14,Email,45.29,Standard,45,Canada,1,0.0
C003277,2022-11-21,Affiliate,53.66,Basic,50,UK,1,49.95
C003278,2022-11-08,Email,56.42,Premium,62,Germany,0,79.98
C003279,2022-12-07,Organic,12.72,Premium,20,US,0,1199.65
C003280,2022-06-09,Social Media,48.63,Basic,59,UK,1,69.93
C003281,2022-03-16,Paid Search,59.18,Premium,25,Canada,1,719.82
C003282,2022-11-21,Organic,14.17,Basic,48,US,1,19.98
C003283,2023-06-19,Paid Search,94.34,Basic,65,UK,0,409.65
C003284,2023-11-30,Organic,15.68,Basic,51,France,0,549.7
C003285,2023-09-24,Referral,35.43,Standard,63,Germany,1,19.99
C003286,2022-05-28,Referral,58.52,Standard,32,Germany,1,379.81
C003287,2023-04-05,Affiliate,51.55,Standard,36,Australia,1,299.85
C003288,2023-02-28,Paid Search,102.28,Basic,50,Australia,1,9.99
C003289,2022-06-21,Social Media,44.4,Premium,22,France,1,239.94
C003290,2022-08-12,Paid Search,99.53,Standard,24,Australia,1,99.95
C003291,2022-05-17,Paid Search,108.54,Basic,56,UK,1,69.96
C003292,2023-10-23,Organic,22.54,Standard,21,Germany,1,0.0
C003293,2022-01-09,Organic,20.39,Basic,49,UK,1,19.98
C003294,2022-07-28,Affiliate,42.11,Basic,52,UK,1,29.97
C003295,2023-04-28,Referral,40.75,Basic,47,UK,1,19.98
C003296,2022-07-05,Social Media,54.0,Basic,65,Canada,1,39.96
C003297,2023-07-30,Affiliate,30.63,Basic,27,France,0,59.94
C003298,2022-02-03,Social Media,37.12,Basic,60,Australia,1,149.87
C003299,2023-04-10,Referral,55.99,Standard,64,US,0,39.98
C003300,2023-02-06,Organic,20.99,Basic,46,US,0,329.73
C003301,2023-10-23,Referral,27.02,Basic,31,UK,1,59.96
C003302,2023-03-30,Affiliate,49.13,Premium,59,France,1,919.77
C003303,2022-07-10,Organic,16.52,Basic,54,France,1,39.96
C003304,2023-09-22,Paid Search,101.87,Premium,24,Australia,1,519.87
C003305,2023-03-14,Social Media,62.86,Standard,58,Canada,0,119.94
C003306,2022-08-30,Email,42.03,Basic,28,Canada,1,49.95
C003307,2023-10-31,Social Media,65.12,Basic,54,France,1,209.79
C003308,2022-07-28,Social Media,57.8,Basic,44,US,0,69.93
C003309,2023-05-16,Affiliate,45.78,Standard,49,UK,1,139.93
C003310,2022-06-15,Referral,31.59,Premium,54,Canada,1,79.98
C003311,2022-09-25,Social Media,58.88,Premium,49,France,1,239.94
C003312,2022-04-30,Paid Search,112.53,Standard,55,Germany,1,39.98
C003313,2022-01-03,Paid Search,89.97,Basic,28,US,1,9.99
C003314,2022-12-06,Paid Search,96.67,Standard,51,Germany,1,19.99
C003315,2022-04-26,Paid Search,84.32,Premium,38,UK,0,319.92
C003316,2023-08-17,Email,57.83,Standard,26,UK,1,459.77
C003317,2022-01-29,Affiliate,50.11,Basic,41,Germany,1,49.95
C003318,2022-02-25,Email,27.54,Basic,20,Canada,1,79.92
C003319,2023-07-22,Referral,44.26,Premium,47,France,1,479.88
C003320,2023-05-31,Email,54.54,Basic,61,UK,1,39.96
C003321,2023-01-17,Affiliate,40.57,Basic,58,France,1,49.95
C003322,2023-02-08,Organic,25.97,Premium,20,UK,0,539.83
C003323,2022-01-18,Social Media,78.9,Basic,42,Australia,1,49.95
C003324,2022-03-25,Email,54.21,Standard,25,Germany,0,279.86
C003325,2022-03-10,Social Media,71.76,Basic,31,Australia,1,49.95
C003326,2023-08-08,Organic,10.46,Basic,54,UK,0,9.99
C003327,2023-08-24,Affiliate,33.93,Basic,37,UK,0,39.96
C003328,2023-05-05,Social Media,62.69,Standard,30,US,1,179.91
C003329,2023-09-19,Paid Search,113.82,Standard,48,US,1,19.99
C003330,2022-08-04,Affiliate,43.74,Basic,25,UK,1,139.86
C003331,2023-02-12,Organic,22.67,Standard,25,UK,0,499.75
C003332,2022-06-11,Organic,27.33,Premium,47,Germany,1,39.99
C003333,2023-04-23,Affiliate,25.59,Basic,65,Australia,1,19.98
C003334,2022-04-02,Organic,12.25,Basic,26,UK,1,219.82
C003335,2022-02-12,Organic,22.35,Basic,26,Australia,1,39.96
C003336,2022-12-18,Affiliate,49.7,Standard,46,UK,1,259.87
C003337,2022-07-22,Email,49.87,Basic,36,France,1,179.82
C003338,2022-07-17,Referral,35.21,Basic,18,Australia,1,39.96
C003339,2022-07-03,Referral,46.03,Standard,37,France,1,19.99
C003340,2022-04-17,Paid Search,103.51,Basic,24,US,1,9.99
C003341,2022-10-19,Organic,25.8,Standard,58,France,1,159.92
C003342,2022-05-24,Social Media,72.99,Standard,38,UK,0,19.99
C003343,2022-06-03,Email,31.47,Basic,55,UK,1,29.97
C003344,2023-01-11,Social Media,66.08,Standard,22,Australia,0,599.7
C003345,2023-11-02,Organic,26.11,Basic,60,France,1,39.96
C003346,2023-09-03,Social Media,36.41,Standard,49,US,1,259.87
C003347,2022-04-10,Paid Search,117.82,Basic,35,UK,1,119.88
C003348,2023-03-11,Social Media,57.48,Standard,42,Canada,1,159.92
C003349,2022-05-14,Paid Search,109.24,Basic,22,Australia,1,9.99
C003350,2022-06-09,Organic,12.82,Basic,21,Germany,0,19.98
C003351,2022-05-07,Social Media,60.71,Basic,53,Germany,1,239.86
C003352,2022-10-12,Organic,13.33,Standard,46,Australia,0,59.97
C003353,2022-03-29,Referral,37.05,Standard,44,UK,1,19.99
C003354,2022-05-14,Paid Search,110.2,Standard,24,Canada,1,19.99
C003355,2022-11-24,Social Media,77.65,Basic,61,Australia,1,9.99
C003356,2023-10-20,Organic,14.44,Standard,36,US,1,139.93
C003357,2022-09-13,Organic,12.49,Standard,43,Germany,1,219.89
C003358,2023-08-01,Affiliate,38.06,Basic,37,France,1,9.99
C003359,2022-03-08,Social Media,52.14,Standard,40,Canada,1,59.97
C003360,2022-10-19,Referral,53.74,Premium,34,Germany,1,159.96
C003361,2022-04-19,Paid Search,108.57,Basic,45,US,1,29.97
C003362,2022-04-24,Organic,21.1,Standard,50,US,0,359.82
C003363,2022-02-09,Paid Search,51.87,Premium,44,France,1,599.85
C003364,2022-08-24,Organic,18.99,Basic,23,Germany,1,39.96
C003365,2022-06-15,Referral,40.65,Standard,51,US,0,359.82
C003366,2023-11-18,Social Media,52.39,Basic,19,Australia,1,79.92
C003367,2022-04-21,Social Media,65.22,Basic,30,France,1,19.98
C003368,2022-02-13,Referral,38.12,Basic,47,Australia,1,29.97
C003369,2022-08-23,Social Media,33.99,Basic,36,Canada,1,29.98
C003370,2023-06-28,Social Media,54.6,Basic,43,UK,1,19.98
C003371,2022-04-27,Affiliate,27.86,Basic,45,UK,1,459.71
C003372,2022-12-24,Email,54.38,Standard,46,Germany,1,19.99
C003373,2023-03-16,Email,30.15,Basic,25,France,0,499.66
C003374,2022-01-06,Social Media,39.95,Standard,30,France,1,39.98
C003375,2023-02-17,Paid Search,107.58,Premium,46,Canada,1,119.97
C003376,2023-03-24,Referral,37.47,Basic,40,France,1,29.97
C003377,2022-03-07,Email,29.62,Basic,48,US,1,19.98
C003378,2022-02-02,Organic,29.6,Basic,45,US,1,39.96
C003379,2022-11-15,Social Media,61.34,Basic,22,US,0,9.99
C003380,2022-02-21,Referral,43.54,Standard,25,Canada,1,19.99
C003381,2022-02-08,Organic,24.98,Basic,33,France,1,19.98
C003382,2023-07-20,Organic,26.41,Standard,62,Australia,1,659.67
C003383,2023-10-09,Affiliate,30.78,Basic,33,Australia,1,39.96
C003384,2022-03-09,Social Media,69.22,Basic,57,France,1,209.81
C003385,2023-05-29,Organic,26.16,Basic,56,Germany,1,99.9
C003386,2023-02-09,Email,41.17,Basic,32,Australia,1,9.99
C003387,2022-03-08,Paid Search,82.43,Basic,25,Germany,0,59.94
C003388,2023-01-27,Email,42.26,Basic,44,Germany,1,179.82
C003389,2022-04-12,Paid Search,65.14,Basic,21,Germany,1,29.97
C003390,2023-05-07,Email,30.65,Basic,29,Canada,1,19.98
C003391,2023-03-24,Paid Search,64.77,Standard,50,Australia,1,19.99
C003392,2023-08-29,Email,31.56,Standard,25,France,0,79.96
C003393,2023-04-02,Organic,11.34,Standard,34,UK,0,519.74
C003394,2023-03-18,Affiliate,25.58,Basic,21,France,1,239.87
C003395,2023-04-17,Email,53.77,Basic,44,US,0,639.66
C003396,2022-06-12,Affiliate,46.61,Basic,60,Australia,1,69.93
C003397,2022-09-23,Organic,26.99,Premium,52,US,0,1079.73
C003398,2022-08-29,Social Media,64.22,Standard,54,France,1,479.76
C003399,2023-09-02,Email,55.4,Standard,46,UK,1,259.87
C003400,2022-04-25,Organic,29.52,Premium,64,France,0,79.98
C003401,2023-05-31,Affiliate,43.51,Basic,60,France,1,29.97
C003402,2022-02-01,Organic,29.41,Premium,34,Canada,0,39.99
C003403,2023-07-02,Paid Search,61.25,Basic,40,France,1,39.96
C003404,2023-06-10,Affiliate,57.08,Standard,46,France,1,179.91
C003405,2023-01-18,Referral,57.3,Standard,21,US,1,39.98
C003406,2022-09-23,Email,21.87,Basic,48,Australia,0,9.99
C003407,2022-04-06,Paid Search,108.95,Basic,23,Canada,1,29.97
C003408,2023-09-02,Referral,23.66,Standard,23,UK,1,79.96
C003409,2023-06-08,Referral,46.97,Standard,28,France,0,439.78
C003410,2023-11-18,Referral,42.39,Standard,47,Australia,1,59.97
C003411,2023-02-06,Email,57.73,Standard,48,Australia,0,319.84
C003412,2023-10-13,Organic,15.34,Standard,32,Australia,1,19.99
C003413,2022-05-01,Social Media,75.24,Basic,55,Germany,0,9.99
C003414,2022-04-26,Social Media,51.36,Basic,53,Australia,1,39.96
C003415,2022-09-12,Paid Search,84.13,Standard,62,France,1,59.97
C003416,2023-07-26,Paid Search,73.33,Basic,24,Germany,1,49.95
C003417,2023-08-18,Affiliate,46.8,Basic,36,Australia,1,19.98
C003418,2022-02-16,Email,57.05,Standard,36,France,1,79.96
C003419,2023-01-21,Referral,41.87,Standard,57,Germany,1,119.94
C003420,2022-01-27,Social Media,52.65,Basic,22,Germany,0,499.68
C003421,2022-01-12,Paid Search,89.26,Basic,27,UK,1,259.84
C003422,2022-12-31,Email,50.4,Standard,44,Canada,1,19.99
C003423,2023-07-10,Email,25.0,Standard,54,UK,1,79.96
C003424,2022-09-30,Email,36.01,Standard,32,France,1,39.98
C003425,2022-02-12,Referral,25.5,Basic,48,UK,1,79.92
C003426,2023-06-24,Referral,44.08,Basic,19,France,1,49.95
C003427,2022-03-06,Organic,16.0,Basic,25,France,1,19.98
C003428,2022-09-12,Social Media,63.06,Premium,58,UK,1,39.99
C003429,2022-07-29,Affiliate,36.3,Basic,48,Australia,1,109.91
C003430,2023-02-22,Organic,16.83,Premium,20,Canada,1,39.99
C003431,2022-11-25,Email,40.44,Basic,62,US,1,69.93
C003432,2022-06-19,Social Media,75.32,Basic,37,Germany,1,9.99
C003433,2022-05-29,Social Media,36.23,Basic,38,Australia,1,129.87
C003434,2022-02-02,Paid Search,98.79,Basic,54,Germany,0,299.71
C003435,2023-02-16,Organic,19.4,Standard,65,US,1,179.91
C003436,2023-06-13,Paid Search,99.01,Standard,54,France,0,639.68
C003437,2023-10-08,Organic,20.93,Premium,64,US,0,439.89
C003438,2023-02-15,Referral,53.33,Basic,35,US,1,119.88
C003439,2023-03-30,Social Media,50.68,Standard,24,UK,1,0.0
C003440,2022-12-01,Email,27.39,Basic,42,Canada,1,199.87
C003441,2023-07-14,Referral,44.66,Standard,33,Australia,0,159.92
C003442,2023-08-19,Referral,47.86,Standard,37,France,0,119.94
C003443,2023-01-26,Email,32.49,Premium,23,Canada,1,39.99
C003444,2022-12-15,Email,30.45,Basic,60,US,1,19.98
C003445,2022-04-24,Organic,22.27,Standard,61,UK,1,59.97
C003446,2022-03-01,Affiliate,51.24,Premium,33,Australia,0,39.99
C003447,2023-01-26,Affiliate,21.78,Basic,48,US,1,19.98
C003448,2023-03-09,Affiliate,49.13,Basic,56,France,1,299.84
C003449,2023-07-23,Referral,28.29,Basic,44,Australia,1,19.98
C003450,2023-10-26,Paid Search,57.0,Standard,38,Canada,0,279.86
C003451,2023-09-06,Organic,17.58,Basic,19,France,1,39.96
C003452,2023-11-03,Affiliate,42.9,Standard,37,France,0,19.99
C003453,2023-08-18,Social Media,38.95,Basic,42,Germany,0,19.98
C003454,2023-11-30,Social Media,69.28,Standard,53,France,1,319.84
C003455,2023-03-22,Referral,39.9,Basic,45,Canada,1,209.79
C003456,2022-06-15,Organic,26.4,Premium,38,Germany,0,359.91
C003457,2023-01-08,Referral,50.25,Basic,19,France,1,19.98
C003458,2023-04-07,Social Media,68.4,Premium,30,France,0,599.81
C003459,2023-09-16,Organic,18.5,Basic,41,Canada,0,439.65
C003460,2023-02-19,Referral,51.33,Premium,29,Germany,1,439.89
C003461,2022-12-11,Affiliate,31.57,Basic,58,Canada,1,19.98
C003462,2023-09-11,Email,33.88,Premium,18,Australia,1,79.98
C003463,2023-11-23,Referral,26.41,Basic,29,UK,1,99.9
C003464,2022-10-29,Paid Search,117.43,Standard,45,Germany,1,19.99
C003465,2023-11-04,Referral,32.42,Basic,38,France,0,239.8
C003466,2022-03-10,Referral,21.11,Basic,35,Australia,0,29.97
C003467,2022-04-13,Organic,17.45,Premium,50,Canada,1,79.98
C003468,2023-07-01,Email,45.58,Premium,18,France,1,199.95
C003469,2022-01-16,Organic,19.49,Standard,43,Germany,1,139.93
C003470,2023-05-22,Email,25.11,Premium,29,France,1,279.93
C003471,2023-09-02,Social Media,52.2,Standard,18,Canada,1,19.99
C003472,2023-04-02,Paid Search,119.6,Basic,34,UK,1,9.99
C003473,2023-10-16,Referral,23.05,Standard,28,US,0,179.91
C003474,2022-07-28,Email,30.05,Standard,48,Canada,1,39.98
C003475,2022-08-22,Referral,33.83,Standard,42,France,0,639.68
C003476,2022-02-19,Referral,42.16,Premium,58,UK,1,119.97
C003477,2023-01-13,Social Media,77.4,Basic,26,US,1,9.99
C003478,2023-11-19,Email,47.79,Basic,38,Canada,1,29.97
C003479,2023-01-06,Social Media,32.36,Standard,45,Canada,0,499.75
C003480,2022-11-09,Affiliate,34.7,Standard,39,Australia,1,59.97
C003481,2022-05-30,Paid Search,109.19,Basic,26,UK,1,69.93
C003482,2022-06-07,Affiliate,59.39,Basic,52,France,0,249.75
C003483,2023-05-19,Affiliate,57.6,Standard,23,Germany,1,39.98
C003484,2023-03-25,Referral,50.57,Basic,36,Australia,1,99.9
C003485,2023-10-19,Affiliate,49.69,Basic,19,UK,1,59.94
C003486,2023-07-23,Email,35.18,Basic,22,Germany,0,19.98
C003487,2022-12-29,Affiliate,20.5,Standard,22,France,0,679.66
C003488,2023-02-01,Paid Search,107.87,Basic,63,Australia,1,79.92
C003489,2022-07-19,Organic,17.73,Premium,32,Canada,1,79.98
C003490,2023-07-13,Email,53.19,Basic,32,Canada,1,119.88
C003491,2022-08-24,Social Media,30.59,Premium,62,Australia,0,119.97
C003492,2022-04-17,Email,22.76,Premium,46,Germany,1,799.8
C003493,2023-06-02,Social Media,55.71,Basic,45,Canada,0,9.99
C003494,2022-06-26,Social Media,42.71,Premium,41,Canada,1,159.96
C003495,2022-09-26,Referral,22.14,Standard,52,Canada,1,39.98
C003496,2022-03-09,Referral,44.11,Basic,63,France,1,19.98
C003497,2022-04-20,Organic,22.84,Standard,64,Australia,0,59.97
C003498,2022-11-25,Paid Search,95.06,Basic,52,Germany,1,19.98
C003499,2023-05-30,Email,46.44,Premium,65,Germany,1,359.91
C003500,2023-09-30,Email,43.17,Premium,51,France,0,479.88
C003501,2022-06-08,Affiliate,43.95,Basic,38,Germany,0,569.7
C003502,2023-08-16,Affiliate,25.31,Basic,35,Germany,1,9.99
C003503,2023-11-29,Paid Search,67.77,Basic,23,Australia,1,9.99
C003504,2023-09-05,Email,49.91,Basic,34,UK,1,19.98
C003505,2022-10-02,Paid Search,113.32,Standard,59,UK,1,139.93
C003506,2023-08-30,Referral,26.51,Basic,54,US,1,109.89
C003507,2022-06-04,Organic,29.71,Standard,49,US,1,39.98
C003508,2023-02-06,Paid Search,116.06,Standard,29,France,1,19.99
C003509,2023-06-12,Organic,24.23,Standard,31,UK,1,399.8
C003510,2022-05-30,Organic,10.9,Basic,29,UK,1,109.89
C003511,2022-06-29,Organic,10.33,Standard,42,Germany,0,39.98
C003512,2023-03-21,Referral,24.58,Premium,50,Australia,1,119.97
C003513,2023-09-04,Affiliate,54.71,Premium,61,Germany,1,39.99
C003514,2023-01-31,Organic,10.22,Basic,36,UK,1,9.99
C003515,2023-01-17,Referral,51.87,Basic,64,UK,1,69.93
C003516,2023-07-21,Social Media,76.43,Standard,59,US,1,239.88
C003517,2023-08-27,Email,50.2,Standard,35,Germany,1,159.92
C003518,2023-07-18,Affiliate,25.53,Basic,44,France,0,199.81
C003519,2022-11-20,Affiliate,51.6,Basic,30,Australia,1,149.85
C003520,2022-01-18,Referral,53.41,Basic,29,US,1,9.99
C003521,2023-01-14,Social Media,77.17,Premium,55,Germany,1,39.99
C003522,2023-03-25,Organic,16.63,Premium,20,Germany,1,239.94
C003523,2023-03-20,Affiliate,35.6,Basic,22,US,1,9.99
C003524,2023-10-25,Referral,56.65,Basic,23,Australia,1,79.92
C003525,2022-04-03,Affiliate,53.63,Premium,32,Canada,1,319.92
C003526,2022-01-02,Referral,41.67,Basic,57,France,1,9.99
C003527,2022-10-03,Email,38.78,Standard,18,Canada,0,519.74
C003528,2023-07-30,Paid Search,80.09,Standard,36,France,1,19.99
C003529,2022-05-25,Referral,41.37,Standard,57,Germany,1,119.94
C003530,2022-06-13,Referral,44.28,Standard,51,UK,1,119.94
C003531,2023-07-07,Referral,42.32,Standard,58,France,1,279.86
C003532,2022-05-02,Referral,41.17,Standard,59,Germany,1,99.95
C003533,2023-09-22,Organic,17.28,Basic,55,Germany,1,39.96
C003534,2022-07-04,Social Media,52.68,Basic,47,Germany,1,19.98
C003535,2022-01-24,Affiliate,43.79,Basic,23,UK,1,9.99
C003536,2023-03-18,Affiliate,50.56,Basic,58,France,1,9.99
C003537,2023-08-15,Email,53.24,Basic,18,Canada,1,19.98
C003538,2022-03-22,Email,54.19,Standard,54,Canada,1,279.86
C003539,2022-05-23,Organic,25.68,Basic,50,Canada,1,109.89
C003540,2022-05-01,Referral,39.47,Basic,23,Australia,1,109.9
C003541,2022-05-22,Referral,31.87,Standard,22,US,1,339.83
C003542,2023-07-09,Affiliate,51.89,Standard,27,Canada,1,79.96
C003543,2022-04-05,Email,48.51,Basic,26,Germany,1,39.96
C003544,2022-09-30,Paid Search,61.39,Standard,48,Canada,1,59.97
C003545,2023-06-09,Email,22.98,Basic,63,Canada,0,99.9
C003546,2023-01-11,Social Media,75.81,Basic,53,Canada,1,19.98
C003547,2023-11-29,Social Media,48.64,Standard,20,Canada,0,459.77
C003548,2023-03-22,Email,25.06,Standard,27,UK,0,479.76
C003549,2023-01-11,Referral,53.22,Standard,19,Australia,1,19.99
C003550,2022-02-20,Organic,22.64,Basic,63,Canada,1,9.99
C003551,2023-02-24,Social Media,77.53,Basic,31,UK,1,289.72
C003552,2022-10-13,Referral,59.68,Standard,53,France,0,559.72
C003553,2022-12-02,Affiliate,55.42,Basic,21,US,0,9.99
C003554,2023-05-13,Email,46.08,Premium,51,UK,1,679.71
C003555,2022-06-14,Affiliate,30.47,Basic,23,UK,0,69.93
C003556,2023-03-06,Organic,17.79,Premium,41,US,0,479.88
C003557,2023-05-09,Organic,11.18,Basic,53,Australia,1,9.99
C003558,2022-03-02,Organic,12.32,Basic,18,France,1,19.98
C003559,2022-07-02,Referral,55.44,Basic,60,US,0,19.98
C003560,2022-11-19,Paid Search,79.92,Standard,20,Australia,1,19.99
C003561,2023-01-07,Paid Search,116.29,Premium,46,US,0,899.72
C003562,2023-08-07,Paid Search,63.97,Basic,22,Germany,1,9.99
C003563,2023-08-31,Social Media,64.02,Basic,48,Canada,1,49.95
C003564,2023-11-01,Organic,27.55,Standard,37,France,1,19.99
C003565,2022-12-02,Affiliate,31.72,Standard,27,France,1,19.99
C003566,2023-06-19,Referral,36.53,Standard,31,Germany,1,479.76
C003567,2022-12-19,Paid Search,91.66,Basic,48,US,1,9.99
C003568,2023-02-28,Affiliate,23.52,Standard,64,France,1,139.93
C003569,2022-05-25,Referral,28.09,Basic,52,US,1,19.98
C003570,2022-08-07,Affiliate,50.94,Basic,39,US,1,0.0
C003571,2022-06-07,Social Media,68.73,Standard,43,UK,0,299.85
C003572,2022-07-07,Organic,19.37,Basic,64,Canada,0,9.99
C003573,2023-03-25,Social Media,56.2,Premium,33,Canada,1,39.99
C003574,2022-06-05,Referral,41.2,Basic,35,France,1,39.96
C003575,2023-03-22,Organic,24.91,Basic,55,France,1,9.99
C003576,2022-08-13,Affiliate,59.86,Premium,52,France,1,39.99
C003577,2022-07-19,Email,32.15,Basic,32,Germany,1,29.97
C003578,2023-10-08,Social Media,50.29,Basic,21,Canada,1,159.9
C003579,2022-12-09,Organic,18.91,Basic,35,Australia,0,139.86
C003580,2022-02-21,Referral,34.4,Standard,40,US,1,19.99
C003581,2023-01-08,Referral,26.38,Standard,64,US,0,459.77
C003582,2023-09-01,Organic,20.82,Basic,38,US,0,379.8
C003583,2022-02-13,Referral,45.16,Basic,19,Australia,1,129.87
C003584,2023-09-07,Organic,27.79,Basic,23,US,1,139.86
C003585,2023-04-19,Email,57.66,Basic,61,US,1,9.99
C003586,2022-05-26,Social Media,70.27,Standard,46,Australia,1,239.88
C003587,2023-02-03,Organic,23.73,Basic,58,US,1,49.95
C003588,2023-02-20,Affiliate,44.84,Premium,38,Canada,0,1159.71
C003589,2022-03-27,Affiliate,27.09,Basic,23,Australia,1,9.99
C003590,2022-05-19,Paid Search,80.64,Basic,54,Canada,1,39.96
C003591,2022-03-02,Organic,13.16,Basic,62,US,1,9.99
C003592,2022-03-22,Social Media,35.55,Basic,64,UK,1,39.96
C003593,2022-12-22,Affiliate,47.46,Standard,46,Australia,1,59.97
C003594,2023-09-25,Social Media,31.6,Basic,49,US,1,9.99
C003595,2023-03-30,Affiliate,27.65,Basic,56,France,1,129.87
C003596,2022-02-20,Social Media,65.41,Standard,41,Australia,1,59.97
C003597,2022-01-29,Paid Search,96.65,Standard,21,US,1,179.91
C003598,2023-02-07,Social Media,77.87,Standard,37,Australia,1,239.88
C003599,2022-01-13,Paid Search,98.3,Standard,18,Canada,0,639.68
C003600,2022-12-23,Paid Search,115.64,Premium,45,US,0,659.69
C003601,2023-06-03,Email,47.95,Standard,22,US,1,99.95
C003602,2023-07-10,Social Media,61.34,Premium,32,Australia,0,199.95
C003603,2022-12-11,Email,44.66,Basic,52,Canada,1,39.96
C003604,2022-12-21,Paid Search,113.65,Standard,39,UK,1,19.99
C003605,2022-02-16,Social Media,49.4,Basic,44,Germany,1,129.88
C003606,2023-08-07,Email,20.52,Basic,54,Germany,0,349.65
C003607,2023-07-15,Organic,11.47,Basic,46,Germany,0,549.66
C003608,2022-09-27,Organic,25.57,Premium,48,France,1,0.0
C003609,2022-10-01,Affiliate,47.21,Standard,31,Australia,1,299.85
C003610,2022-07-18,Email,53.93,Basic,62,Canada,1,19.98
C003611,2022-08-19,Organic,10.06,Basic,42,UK,0,509.64
C003612,2022-12-09,Social Media,30.4,Basic,40,US,0,199.8
C003613,2022-03-16,Referral,28.5,Basic,34,UK,1,429.77
C003614,2023-02-05,Paid Search,70.01,Basic,34,UK,1,9.99
C003615,2023-08-20,Organic,22.55,Standard,54,Australia,1,59.97
C003616,2022-06-03,Paid Search,105.25,Basic,24,US,1,69.93
C003617,2022-01-16,Affiliate,51.5,Standard,59,Germany,1,59.97
C003618,2023-11-25,Organic,17.12,Basic,52,France,0,149.85
C003619,2023-02-28,Email,30.13,Basic,25,US,1,9.99
C003620,2023-01-29,Referral,37.76,Standard,57,US,1,19.99
C003621,2022-10-16,Affiliate,33.38,Premium,47,Canada,1,119.97
C003622,2023-07-31,Email,51.6,Standard,38,France,0,259.87
C003623,2022-07-10,Organic,13.42,Standard,45,Canada,1,79.96
C003624,2022-06-21,Referral,21.86,Premium,33,Germany,1,39.99
C003625,2023-11-19,Paid Search,105.81,Premium,27,Germany,1,79.98
C003626,2023-01-14,Social Media,56.03,Basic,47,Germany,1,9.99
C003627,2022-01-26,Affiliate,43.83,Basic,46,US,1,39.96
C003628,2022-04-04,Social Media,72.09,Basic,53,US,1,9.99
C003629,2022-07-05,Paid Search,80.2,Premium,24,Australia,1,39.99
C003630,2023-09-15,Affiliate,46.41,Basic,51,US,1,269.84
C003631,2023-06-19,Email,56.39,Standard,61,Canada,0,359.82
C003632,2023-08-03,Organic,18.67,Standard,50,Germany,1,219.89
C003633,2022-08-05,Email,34.86,Standard,23,Australia,1,19.99
C003634,2023-08-26,Social Media,58.45,Basic,48,UK,1,9.99
C003635,2022-04-07,Referral,42.24,Basic,21,Canada,1,9.99
C003636,2022-08-31,Referral,41.4,Standard,56,UK,0,499.75
C003637,2022-03-10,Email,59.16,Standard,27,France,1,39.98
C003638,2023-08-19,Referral,55.97,Standard,35,Canada,1,219.89
C003639,2022-11-15,Organic,23.15,Premium,26,UK,1,159.96
C003640,2023-05-04,Paid Search,50.09,Basic,31,France,1,89.91
C003641,2022-10-29,Email,25.1,Premium,32,UK,1,199.95
C003642,2023-11-10,Paid Search,54.14,Basic,35,Germany,0,139.86
C003643,2022-10-13,Affiliate,28.46,Basic,65,France,0,59.94
C003644,2022-04-23,Organic,18.43,Premium,41,France,0,119.97
C003645,2023-09-09,Affiliate,27.85,Basic,26,Australia,0,9.99
C003646,2023-10-05,Affiliate,20.52,Basic,31,US,1,149.85
C003647,2022-10-11,Affiliate,47.84,Basic,26,UK,1,9.99
C003648,2023-03-26,Referral,34.37,Premium,62,US,1,79.98
C003649,2022-09-07,Social Media,65.89,Basic,26,France,1,109.89
C003650,2022-04-06,Referral,33.42,Basic,34,Germany,1,9.99
C003651,2022-07-21,Organic,23.64,Standard,40,Australia,1,39.98
C003652,2023-09-02,Paid Search,115.44,Basic,47,Canada,1,39.96
C003653,2023-02-12,Email,23.84,Standard,26,US,1,139.93
C003654,2023-12-02,Organic,23.04,Premium,23,Germany,0,79.98
C003655,2023-12-01,Affiliate,59.13,Basic,37,Germany,1,9.99
C003656,2023-09-15,Organic,27.21,Basic,65,France,1,99.9
C003657,2022-08-12,Organic,28.88,Basic,33,Australia,1,119.88
C003658,2023-07-09,Social Media,33.34,Basic,28,UK,1,9.99
C003659,2023-08-05,Organic,26.03,Basic,25,Germany,1,29.97
C003660,2023-05-14,Organic,20.02,Basic,53,Canada,0,9.99
C003661,2023-03-04,Referral,38.42,Standard,20,Germany,1,19.99
C003662,2022-08-28,Affiliate,35.76,Basic,54,France,1,9.99
C003663,2023-02-08,Social Media,48.08,Basic,36,Canada,1,19.98
C003664,2022-11-04,Affiliate,21.45,Premium,43,UK,1,159.96
C003665,2022-11-10,Email,50.81,Standard,54,Germany,1,19.99
C003666,2022-12-19,Organic,16.05,Standard,28,Germany,1,79.96
C003667,2022-07-14,Paid Search,109.26,Basic,45,US,1,19.98
C003668,2022-04-01,Social Media,78.43,Basic,44,Australia,0,29.98
C003669,2022-05-21,Affiliate,33.74,Standard,62,Canada,1,99.95
C003670,2022-09-30,Affiliate,26.05,Standard,50,Australia,1,39.98
C003671,2022-02-10,Email,49.4,Premium,56,Australia,1,279.93
C003672,2023-09-25,Organic,24.8,Premium,27,Australia,1,39.99
C003673,2022-09-03,Affiliate,32.45,Standard,23,Australia,1,399.8
C003674,2023-09-08,Email,47.31,Basic,30,France,0,229.78
C003675,2022-12-13,Paid Search,112.12,Standard,36,Germany,1,39.98
C003676,2022-07-11,Social Media,63.34,Basic,33,UK,1,339.78
C003677,2022-09-09,Social Media,77.46,Premium,20,Australia,1,679.83
C003678,2022-09-04,Organic,11.57,Standard,60,France,1,39.98
C003679,2023-05-27,Referral,21.12,Premium,35,Canada,1,39.99
C003680,2023-04-24,Affiliate,35.62,Standard,61,Canada,0,39.98
C003681,2023-05-27,Social Media,69.8,Basic,63,Australia,1,99.9
C003682,2022-10-02,Affiliate,50.88,Premium,58,Canada,1,639.84
C003683,2022-07-24,Social Media,78.35,Basic,54,Germany,0,439.75
C003684,2022-10-05,Referral,35.47,Standard,50,Germany,1,419.79
C003685,2022-03-07,Referral,28.34,Basic,23,UK,1,9.99
C003686,2022-12-18,Social Media,48.5,Standard,18,France,1,79.96
C003687,2022-12-07,Email,56.68,Basic,23,Canada,0,109.94
C003688,2022-07-09,Referral,43.84,Basic,41,France,0,299.75
C003689,2023-01-26,Referral,32.08,Basic,25,UK,0,89.91
C003690,2022-01-14,Referral,54.8,Basic,33,Canada,0,29.97
C003691,2023-08-26,Organic,15.31,Basic,36,US,0,359.73
C003692,2023-11-15,Social Media,62.53,Standard,33,UK,1,79.96
C003693,2023-03-02,Organic,16.02,Basic,37,UK,0,19.98
C003694,2022-02-27,Referral,42.66,Basic,47,UK,1,109.89
C003695,2022-04-17,Affiliate,56.15,Basic,59,Australia,1,29.97
C003696,2022-05-05,Referral,57.61,Standard,28,UK,1,79.96
C003697,2022-05-04,Organic,17.37,Standard,23,France,1,99.95
C003698,2022-10-15,Social Media,37.82,Basic,60,Canada,0,9.99
C003699,2022-06-30,Referral,55.57,Standard,47,Canada,1,19.99
C003700,2022-10-01,Affiliate,46.02,Standard,21,US,1,179.91
C003701,2023-05-25,Paid Search,95.0,Basic,59,Australia,1,129.92
C003702,2022-01-26,Affiliate,41.16,Standard,65,UK,1,19.99
C003703,2022-08-16,Referral,38.51,Basic,45,Germany,1,49.95
C003704,2023-11-30,Social Media,50.34,Basic,18,US,1,9.99
C003705,2022-10-13,Organic,22.91,Basic,58,Australia,0,249.75
C003706,2023-01-01,Paid Search,106.96,Premium,22,US,1,39.99
C003707,2023-01-12,Social Media,62.45,Standard,20,US,0,559.72
C003708,2022-01-26,Paid Search,83.87,Standard,64,UK,1,199.9
C003709,2022-03-09,Social Media,39.32,Basic,30,US,0,19.98
C003710,2023-03-12,Organic,22.08,Basic,54,Australia,1,9.99
C003711,2022-05-07,Paid Search,103.41,Standard,58,Australia,1,39.98
C003712,2022-03-30,Referral,59.74,Premium,30,US,1,39.99
C003713,2022-07-22,Referral,44.9,Basic,27,France,0,239.76
C003714,2023-02-05,Paid Search,113.45,Basic,59,UK,1,9.99
C003715,2023-08-13,Affiliate,45.25,Basic,33,Canada,1,19.98
C003716,2022-05-11,Affiliate,34.94,Standard,60,Australia,1,39.98
C003717,2022-08-07,Paid Search,60.39,Basic,62,Germany,1,159.84
C003718,2022-08-21,Affiliate,44.64,Premium,56,France,1,39.99
C003719,2022-06-28,Organic,15.75,Premium,62,Australia,0,679.83
C003720,2022-08-16,Social Media,41.28,Basic,45,US,1,19.98
C003721,2023-06-04,Social Media,78.6,Basic,23,US,1,419.73
C003722,2023-07-19,Referral,21.82,Basic,56,Germany,0,9.99
C003723,2022-05-04,Email,52.28,Standard,30,Germany,1,139.93
C003724,2022-02-09,Organic,10.28,Basic,43,US,1,9.99
C003725,2022-12-29,Affiliate,53.81,Standard,53,UK,1,359.82
C003726,2023-07-26,Affiliate,42.41,Premium,63,US,1,39.99
C003727,2023-05-20,Affiliate,51.75,Standard,63,Canada,1,19.99
C003728,2023-07-01,Social Media,68.97,Basic,38,Germany,1,139.86
C003729,2022-09-26,Paid Search,60.16,Premium,31,Australia,1,239.94
C003730,2022-06-06,Paid Search,116.66,Premium,50,US,1,39.99
C003731,2023-10-12,Organic,25.09,Basic,27,Canada,0,59.94
C003732,2023-07-28,Affiliate,54.32,Standard,63,Australia,1,19.99
C003733,2023-10-09,Paid Search,62.5,Premium,43,US,1,79.98
C003734,2023-01-22,Paid Search,107.47,Standard,39,UK,1,39.98
C003735,2023-01-16,Affiliate,21.97,Basic,58,Australia,1,39.96
C003736,2023-05-06,Paid Search,54.67,Standard,52,US,1,19.99
C003737,2022-10-06,Referral,47.35,Basic,24,UK,1,9.99
C003738,2022-01-07,Referral,46.76,Basic,53,Canada,1,9.99
C003739,2022-05-05,Affiliate,42.47,Basic,60,US,0,39.96
C003740,2022-08-14,Referral,26.98,Standard,50,Canada,1,19.99
C003741,2023-11-11,Referral,29.17,Standard,48,Australia,0,479.76
C003742,2023-01-10,Referral,22.53,Standard,48,US,1,19.99
C003743,2023-01-06,Social Media,42.57,Basic,29,Australia,0,9.99
C003744,2023-11-07,Organic,17.37,Basic,64,Canada,0,9.99
C003745,2022-03-15,Organic,21.32,Premium,39,Canada,1,119.97
C003746,2023-03-15,Social Media,30.85,Premium,23,France,1,39.99
C003747,2023-01-20,Email,59.39,Standard,46,France,1,279.86
C003748,2023-05-24,Social Media,70.24,Basic,18,UK,1,129.89
C003749,2022-01-19,Social Media,38.44,Premium,60,US,0,359.91
C003750,2022-03-14,Email,54.68,Basic,26,Australia,1,29.97
C003751,2023-11-09,Organic,12.99,Basic,30,France,1,19.98
C003752,2022-09-07,Affiliate,37.2,Premium,43,Germany,0,279.93
C003753,2023-06-29,Email,45.89,Basic,54,France,0,329.67
C003754,2023-05-01,Paid Search,55.19,Basic,48,UK,1,29.97
C003755,2022-03-23,Email,59.4,Basic,46,Australia,1,9.99
C003756,2023-02-03,Affiliate,50.59,Basic,39,Australia,1,9.99
C003757,2023-08-14,Email,41.39,Basic,52,Germany,0,249.75
C003758,2022-12-27,Paid Search,108.85,Premium,58,Australia,1,359.91
C003759,2023-08-09,Affiliate,47.72,Basic,56,US,0,369.72
C003760,2023-10-08,Referral,33.15,Basic,50,Australia,1,19.98
C003761,2023-08-16,Affiliate,33.39,Basic,27,US,0,699.64
C003762,2022-06-12,Organic,21.72,Basic,19,Canada,1,29.97
C003763,2023-05-13,Referral,30.89,Basic,58,Germany,0,159.86
C003764,2022-10-18,Referral,20.28,Basic,26,Germany,1,49.95
C003765,2023-07-29,Referral,35.83,Basic,60,Germany,0,289.71
C003766,2023-05-24,Referral,31.91,Basic,46,Canada,1,109.94
C003767,2022-04-02,Referral,52.65,Basic,40,Germany,1,19.98
C003768,2022-02-04,Social Media,72.9,Basic,44,UK,1,89.91
C003769,2022-12-28,Social Media,64.95,Basic,20,France,0,309.82
C003770,2023-01-31,Social Media,58.25,Standard,47,Germany,1,39.98
C003771,2022-03-22,Organic,27.65,Standard,40,UK,1,59.97
C003772,2023-08-06,Affiliate,35.21,Basic,21,Australia,1,9.99
C003773,2023-01-15,Email,38.64,Basic,41,Canada,1,39.96
C003774,2022-04-23,Paid Search,87.03,Basic,61,UK,1,9.99
C003775,2023-03-13,Social Media,41.74,Basic,38,France,0,9.99
C003776,2022-10-24,Email,44.83,Standard,54,Canada,1,19.99
C003777,2023-09-19,Referral,33.95,Basic,60,Germany,1,169.87
C003778,2022-09-11,Social Media,78.62,Standard,36,Australia,1,39.98
C003779,2022-08-15,Social Media,65.45,Standard,37,France,1,219.89
C003780,2022-05-05,Referral,42.78,Standard,33,France,1,439.78
C003781,2022-09-06,Affiliate,57.79,Basic,55,Germany,1,9.99
C003782,2022-10-19,Paid Search,90.24,Basic,44,Canada,1,19.98
C003783,2022-01-18,Email,50.36,Standard,62,France,1,39.98
C003784,2022-06-25,Paid Search,65.72,Standard,50,Germany,1,19.99
C003785,2022-05-12,Email,48.92,Standard,31,France,0,299.85
C003786,2023-11-17,Email,45.7,Premium,55,Canada,0,79.98
C003787,2022-04-13,Paid Search,61.04,Premium,54,Germany,1,39.99
C003788,2022-05-13,Organic,23.83,Basic,48,US,1,9.99
C003789,2023-05-06,Social Media,45.07,Premium,40,UK,1,79.98
C003790,2022-10-21,Affiliate,48.39,Basic,39,Germany,1,429.77
C003791,2023-08-23,Paid Search,110.14,Basic,33,US,1,9.99
C003792,2022-02-13,Social Media,43.91,Basic,37,Germany,1,9.99
C003793,2022-03-07,Paid Search,100.65,Basic,21,US,0,39.96
C003794,2022-05-25,Affiliate,54.99,Basic,25,UK,0,649.67
C003795,2023-04-18,Social Media,72.92,Premium,51,Australia,0,819.66
C003796,2023-09-02,Referral,27.61,Standard,58,Australia,1,39.98
C003797,2023-04-28,Organic,21.11,Basic,23,France,1,159.91
C003798,2023-09-17,Paid Search,116.11,Basic,41,France,0,19.98
C003799,2022-11-02,Paid Search,68.16,Basic,42,UK,1,159.88
C003800,2022-03-28,Organic,14.46,Standard,41,US,1,0.0
C003801,2022-07-29,Social Media,74.51,Basic,44,UK,1,99.9
C003802,2023-11-18,Affiliate,25.43,Premium,30,Canada,1,39.99
C003803,2023-04-14,Social Media,39.16,Basic,59,US,1,29.97
C003804,2022-01-20,Social Media,41.6,Basic,55,Germany,1,9.99
C003805,2023-06-01,Affiliate,47.73,Standard,43,France,0,699.65
C003806,2022-01-29,Organic,21.04,Premium,59,Canada,1,279.93
C003807,2022-05-25,Email,54.41,Basic,55,US,1,339.82
C003808,2022-06-06,Affiliate,23.59,Standard,49,Germany,1,339.83
C003809,2022-10-20,Organic,19.32,Basic,20,Canada,1,79.92
C003810,2022-08-01,Social Media,32.92,Basic,41,US,0,189.89
C003811,2022-06-17,Paid Search,107.05,Standard,35,Germany,1,319.84
C003812,2023-02-05,Social Media,39.06,Standard,64,UK,0,39.98
C003813,2022-07-23,Paid Search,59.34,Premium,57,UK,1,119.95
C003814,2022-01-10,Paid Search,51.14,Basic,54,US,0,379.67
C003815,2022-08-09,Paid Search,111.45,Basic,32,UK,1,39.96
C003816,2022-09-17,Referral,38.74,Basic,62,US,1,49.95
C003817,2023-11-18,Referral,51.33,Basic,18,Germany,1,39.96
C003818,2023-03-14,Paid Search,104.31,Standard,40,Canada,1,19.99
C003819,2022-09-13,Affiliate,22.27,Basic,41,UK,1,19.98
C003820,2022-02-27,Organic,28.83,Basic,32,Australia,1,389.77
C003821,2023-08-19,Email,50.78,Standard,28,UK,1,119.94
C003822,2022-01-30,Paid Search,68.96,Premium,26,US,1,119.96
C003823,2022-05-11,Email,31.84,Basic,55,Australia,1,19.98
C003824,2022-01-17,Organic,19.08,Basic,28,Australia,1,9.99
C003825,2022-05-16,Social Media,32.61,Basic,46,Australia,1,49.95
C003826,2023-02-28,Social Media,63.03,Standard,64,US,0,119.94
C003827,2023-05-03,Affiliate,45.44,Basic,34,Germany,1,49.95
C003828,2022-04-19,Email,51.47,Standard,29,Canada,1,339.83
C003829,2022-02-21,Referral,34.39,Standard,52,Germany,1,19.99
C003830,2022-06-07,Affiliate,38.77,Basic,50,US,1,19.98
C003831,2022-07-04,Paid Search,72.17,Basic,55,Australia,1,39.96
C003832,2022-12-18,Referral,35.77,Standard,63,Canada,1,199.9
C003833,2023-06-04,Affiliate,49.58,Premium,49,UK,1,879.78
C003834,2023-10-05,Paid Search,81.6,Standard,22,UK,1,19.99
C003835,2022-04-13,Paid Search,55.92,Premium,25,France,1,239.94
C003836,2023-04-14,Email,21.68,Standard,62,France,1,19.99
C003837,2023-03-02,Affiliate,44.57,Standard,22,Germany,1,19.99
C003838,2022-02-20,Referral,31.65,Basic,58,UK,1,19.98
C003839,2023-09-05,Paid Search,74.68,Standard,57,France,0,539.73
C003840,2022-09-15,Affiliate,34.2,Standard,65,US,0,119.94
C003841,2023-05-21,Organic,13.45,Basic,49,Germany,1,19.98
C003842,2022-09-18,Paid Search,65.42,Basic,28,US,0,29.97
C003843,2023-01-05,Social Media,37.48,Basic,29,Germany,1,549.69
C003844,2023-11-27,Social Media,64.25,Basic,59,Germany,1,9.99
C003845,2022-07-16,Paid Search,101.8,Basic,52,UK,1,89.91
C003846,2022-07-27,Social Media,44.72,Basic,19,Canada,0,9.99
C003847,2023-05-30,Email,39.96,Standard,39,US,1,239.88
C003848,2022-10-05,Referral,20.83,Basic,41,France,1,389.78
C003849,2023-12-01,Referral,50.64,Standard,22,France,1,219.89
C003850,2022-11-17,Paid Search,105.16,Basic,34,France,0,139.86
C003851,2022-07-06,Referral,37.09,Standard,28,France,0,539.73
C003852,2022-11-21,Referral,29.33,Basic,49,Germany,1,9.99
C003853,2022-11-23,Paid Search,61.2,Basic,27,US,1,29.97
C003854,2023-03-05,Organic,27.72,Basic,23,UK,1,39.96
C003855,2023-09-12,Paid Search,51.94,Basic,64,UK,1,299.7
C003856,2022-06-04,Email,31.43,Basic,44,UK,1,519.71
C003857,2022-02-13,Paid Search,91.4,Basic,60,Australia,0,189.85
C003858,2023-08-19,Referral,29.3,Basic,60,Australia,1,9.99
C003859,2022-06-07,Affiliate,36.34,Standard,64,Canada,1,39.98
C003860,2023-11-12,Paid Search,52.99,Basic,39,Australia,1,59.94
C003861,2022-09-23,Email,40.57,Standard,53,Canada,0,39.98
C003862,2022-04-10,Paid Search,64.33,Basic,59,France,0,49.95
C003863,2022-02-11,Organic,15.45,Standard,32,Australia,0,19.99
C003864,2022-06-10,Organic,26.38,Basic,27,US,1,9.99
C003865,2022-06-27,Organic,17.44,Basic,60,US,1,19.98
C003866,2023-01-17,Email,26.15,Basic,44,France,0,59.94
C003867,2023-05-27,Referral,31.92,Basic,55,US,1,9.99
C003868,2023-06-28,Social Media,43.11,Standard,42,Canada,0,659.67
C003869,2022-11-09,Paid Search,108.6,Standard,20,Germany,1,159.92
C003870,2022-07-01,Email,57.12,Premium,49,Germany,0,479.88
C003871,2023-10-16,Email,39.22,Standard,51,Canada,1,39.98
C003872,2023-02-02,Affiliate,36.07,Premium,43,Australia,0,119.97
C003873,2022-11-15,Affiliate,24.75,Basic,26,UK,1,19.98
C003874,2022-10-31,Affiliate,27.21,Standard,63,Germany,0,79.96
C003875,2022-05-29,Paid Search,55.26,Basic,37,Australia,1,29.97
C003876,2022-03-07,Organic,15.69,Standard,52,UK,1,39.98
C003877,2022-04-26,Social Media,66.64,Premium,54,Australia,1,159.96
C003878,2022-04-25,Organic,19.42,Standard,27,Germany,1,59.97
C003879,2023-08-26,Email,43.76,Standard,54,Australia,0,319.84
C003880,2023-06-24,Organic,23.03,Standard,30,US,1,99.95
C003881,2023-07-17,Organic,11.14,Premium,45,Germany,1,79.98
C003882,2022-01-22,Affiliate,47.53,Basic,18,US,1,59.96
C003883,2022-01-06,Social Media,76.81,Standard,52,Canada,0,299.85
C003884,2022-07-18,Email,35.84,Premium,18,Canada,1,159.96
C003885,2023-10-09,Organic,16.53,Basic,33,France,1,69.93
C003886,2022-08-29,Email,48.39,Premium,53,Australia,1,79.98
C003887,2022-06-15,Referral,53.7,Standard,60,France,1,19.99
C003888,2023-09-19,Organic,11.19,Basic,62,Germany,1,49.95
C003889,2022-06-17,Referral,50.25,Premium,32,UK,1,199.95
C003890,2023-07-24,Paid Search,111.74,Standard,42,Australia,1,19.99
C003891,2022-07-28,Paid Search,107.02,Basic,65,US,0,219.87
C003892,2023-06-02,Social Media,61.75,Premium,52,Germany,0,959.76
C003893,2022-07-01,Referral,38.2,Basic,53,Canada,1,169.9
C003894,2022-04-22,Organic,29.46,Basic,60,France,1,9.99
C003895,2022-06-10,Paid Search,113.0,Standard,27,US,1,19.99
C003896,2023-11-21,Email,53.97,Standard,32,Canada,0,359.82
C003897,2022-07-11,Referral,49.49,Standard,22,France,0,239.88
C003898,2023-05-04,Social Media,65.41,Standard,62,US,1,79.96
C003899,2023-02-20,Referral,39.72,Basic,20,Germany,0,139.86
C003900,2023-10-07,Affiliate,34.81,Standard,18,Australia,0,59.97
C003901,2023-07-06,Email,24.02,Standard,35,UK,1,59.97
C003902,2022-03-18,Email,25.1,Standard,44,US,1,159.92
C003903,2023-04-17,Email,47.79,Basic,55,Germany,1,9.99
C003904,2023-08-17,Email,45.73,Standard,37,Canada,1,139.93
C003905,2023-11-08,Referral,27.13,Standard,63,Australia,0,299.85
C003906,2022-06-04,Affiliate,35.63,Basic,43,France,1,49.95
C003907,2023-01-29,Paid Search,92.81,Basic,24,UK,1,169.83
C003908,2022-11-28,Referral,28.17,Standard,55,France,1,19.99
C003909,2022-06-16,Social Media,46.31,Standard,60,Germany,0,719.64
C003910,2023-10-06,Affiliate,20.36,Basic,37,UK,0,129.93
C003911,2023-08-17,Email,20.9,Basic,48,UK,1,39.96
C003912,2023-09-25,Referral,36.92,Premium,37,US,0,799.8
C003913,2023-03-25,Email,44.75,Basic,53,US,1,9.99
C003914,2023-07-21,Email,38.29,Standard,49,Canada,0,19.99
C003915,2023-07-27,Social Media,64.28,Premium,36,Germany,1,79.98
C003916,2022-10-10,Organic,29.07,Basic,56,France,0,349.82
C003917,2022-11-06,Organic,18.22,Basic,47,France,1,9.99
C003918,2023-10-08,Social Media,40.31,Standard,52,France,0,259.87
C003919,2022-04-20,Referral,31.72,Standard,19,Canada,1,79.96
C003920,2022-10-24,Social Media,30.49,Standard,60,Australia,1,39.98
C003921,2023-06-12,Referral,55.03,Basic,28,US,1,39.96
C003922,2022-02-02,Paid Search,77.89,Premium,20,Germany,0,1319.67
C003923,2023-02-14,Social Media,57.64,Premium,19,France,1,39.99
C003924,2022-07-03,Social Media,56.73,Basic,51,US,1,59.94
C003925,2022-08-15,Organic,21.13,Standard,53,UK,1,59.97
C003926,2023-11-13,Organic,16.6,Basic,52,France,1,9.99
C003927,2022-08-31,Email,43.8,Basic,65,US,1,29.97
C003928,2023-07-21,Social Media,50.8,Premium,18,UK,0,879.78
C003929,2023-04-03,Social Media,75.76,Basic,31,US,1,19.98
C003930,2023-11-27,Social Media,66.01,Standard,43,US,1,159.92
C003931,2023-08-30,Email,34.24,Basic,40,Germany,1,39.96
C003932,2022-10-27,Organic,21.16,Standard,30,Germany,1,59.97
C003933,2023-07-09,Affiliate,53.79,Premium,45,Germany,1,399.9
C003934,2023-08-07,Organic,20.05,Basic,64,US,1,49.95
C003935,2023-11-01,Organic,20.62,Basic,59,US,1,69.93
C003936,2022-02-01,Organic,22.62,Basic,41,Australia,1,9.99
C003937,2022-05-06,Organic,14.62,Premium,37,Canada,0,39.99
C003938,2022-05-15,Email,43.81,Basic,48,Canada,0,149.85
C003939,2023-11-13,Social Media,77.73,Standard,43,Canada,1,19.99
C003940,2022-06-18,Social Media,77.0,Basic,26,US,1,9.99
C003941,2022-11-28,Social Media,60.56,Basic,48,UK,1,29.97
C003942,2022-11-19,Referral,50.72,Basic,29,US,1,29.97
C003943,2023-09-16,Organic,16.64,Basic,58,Australia,1,39.96
C003944,2023-11-07,Social Media,51.98,Basic,49,Canada,1,9.99
C003945,2023-05-07,Referral,32.14,Basic,38,Canada,1,29.97
C003946,2023-09-04,Paid Search,92.05,Basic,24,UK,1,19.98
C003947,2023-07-02,Paid Search,71.88,Basic,23,UK,0,9.99
C003948,2022-10-22,Social Media,66.43,Basic,28,Australia,1,19.98
C003949,2023-09-03,Organic,10.07,Basic,26,Australia,1,39.96
C003950,2022-07-09,Organic,28.61,Basic,63,Germany,0,209.88
C003951,2022-08-31,Affiliate,25.73,Premium,49,UK,1,39.99
C003952,2023-03-12,Social Media,56.8,Standard,33,France,1,99.95
C003953,2022-12-21,Email,32.84,Standard,53,Canada,1,99.95
C003954,2022-06-25,Paid Search,90.91,Basic,61,Canada,1,119.88
C003955,2022-05-24,Affiliate,54.37,Basic,25,France,1,9.99
C003956,2022-12-02,Referral,34.73,Basic,22,US,1,19.98
C003957,2022-12-11,Organic,20.58,Standard,41,Canada,1,159.92
C003958,2023-09-06,Organic,15.17,Basic,35,Germany,1,129.87
C003959,2022-08-24,Social Media,61.93,Basic,27,Canada,1,19.98
C003960,2023-03-25,Email,49.27,Premium,36,US,1,119.97
C003961,2023-04-18,Organic,17.13,Basic,54,Germany,0,199.8
C003962,2022-07-24,Social Media,44.47,Premium,31,US,1,39.99
C003963,2022-12-08,Paid Search,84.18,Standard,32,UK,0,639.68
C003964,2022-05-08,Email,28.71,Basic,22,Australia,1,89.95
C003965,2022-07-25,Paid Search,107.78,Standard,56,UK,1,159.92
C003966,2023-03-14,Organic,20.26,Standard,29,France,1,299.85
C003967,2022-03-11,Social Media,69.72,Basic,48,UK,1,49.95
C003968,2022-01-10,Social Media,71.36,Basic,38,Australia,1,119.91
C003969,2022-03-06,Social Media,39.08,Basic,37,Germany,1,119.88
C003970,2022-12-01,Affiliate,28.51,Basic,32,Germany,1,109.93
C003971,2023-06-09,Organic,12.03,Standard,24,Canada,1,99.95
C003972,2023-03-12,Affiliate,39.13,Basic,42,Germany,1,29.97
C003973,2022-03-31,Affiliate,39.17,Standard,28,France,0,519.74
C003974,2023-02-12,Email,57.29,Premium,32,UK,1,79.98
C003975,2023-02-10,Paid Search,91.14,Standard,42,Australia,1,159.92
C003976,2023-03-17,Social Media,78.58,Basic,57,France,1,89.91
C003977,2023-08-12,Email,51.61,Standard,25,US,1,139.93
C003978,2023-06-30,Email,42.16,Basic,54,US,1,339.78
C003979,2023-06-29,Paid Search,108.29,Standard,39,UK,1,59.97
C003980,2022-04-08,Affiliate,23.4,Standard,60,France,1,19.99
C003981,2022-10-25,Social Media,38.51,Basic,35,Australia,1,29.97
C003982,2023-06-11,Email,31.9,Standard,60,France,1,119.94
C003983,2023-04-14,Email,34.83,Basic,41,Germany,1,79.92
C003984,2022-12-03,Affiliate,48.4,Basic,51,UK,1,9.99
C003985,2023-06-15,Affiliate,24.45,Standard,29,UK,1,19.99
C003986,2022-03-15,Referral,49.81,Basic,52,France,1,9.99
C003987,2023-11-08,Affiliate,53.83,Standard,26,Canada,1,79.96
C003988,2023-06-26,Email,27.5,Standard,46,US,1,319.84
C003989,2023-04-19,Organic,28.52,Standard,51,Canada,1,39.98
C003990,2022-09-26,Social Media,70.54,Standard,31,Germany,1,59.97
C003991,2023-05-24,Paid Search,86.62,Basic,51,US,1,449.76
C003992,2022-03-26,Paid Search,100.83,Standard,31,France,1,99.95
C003993,2023-05-30,Social Media,67.6,Standard,25,US,1,19.99
C003994,2023-08-15,Paid Search,92.68,Premium,52,US,1,319.92
C003995,2022-10-09,Social Media,58.82,Premium,19,Australia,1,79.98
C003996,2023-09-25,Affiliate,56.68,Premium,64,France,1,119.97
C003997,2023-10-08,Paid Search,108.34,Basic,54,US,1,9.99
C003998,2023-01-15,Social Media,37.39,Premium,45,France,1,79.98
C003999,2022-08-01,Paid Search,107.62,Basic,58,Australia,0,29.97
C004000,2022-11-17,Affiliate,40.18,Standard,64,Germany,0,239.88
C004001,2022-01-13,Affiliate,32.74,Basic,43,US,1,99.9
C004002,2022-05-05,Organic,21.51,Standard,23,US,1,99.95
C004003,2022-09-12,Email,25.03,Standard,48,Canada,0,539.73
C004004,2022-05-18,Affiliate,54.65,Basic,33,Australia,1,19.98
C004005,2023-03-13,Organic,21.48,Standard,38,France,1,19.99
C004006,2022-04-14,Email,48.69,Basic,38,US,1,189.81
C004007,2022-05-19,Social Media,40.61,Basic,43,US,1,19.98
C004008,2022-12-18,Affiliate,51.8,Standard,31,Germany,1,59.97
C004009,2023-02-16,Paid Search,114.05,Basic,62,Canada,1,109.89
C004010,2023-06-06,Affiliate,43.98,Standard,31,Canada,1,59.97
C004011,2022-09-05,Email,22.41,Basic,39,France,1,249.84
C004012,2022-11-26,Referral,23.61,Standard,36,Germany,1,19.99
C004013,2023-11-13,Paid Search,56.02,Basic,42,Germany,1,39.96
C004014,2022-09-03,Email,39.49,Basic,40,US,1,9.99
C004015,2022-04-14,Referral,31.61,Basic,61,France,1,29.97
C004016,2022-02-13,Affiliate,25.36,Standard,33,Germany,1,39.98
C004017,2023-05-13,Paid Search,81.99,Premium,52,France,1,879.76
C004018,2023-03-08,Affiliate,35.13,Basic,33,Canada,1,49.95
C004019,2022-07-01,Email,23.29,Standard,34,US,1,79.96
C004020,2023-12-01,Referral,23.06,Premium,57,Australia,1,159.96
C004021,2023-04-18,Social Media,61.73,Basic,52,Australia,1,119.88
C004022,2022-11-03,Referral,53.13,Basic,41,US,1,69.93
C004023,2022-02-08,Paid Search,96.85,Standard,26,Germany,0,119.94
C004024,2022-08-08,Organic,15.28,Basic,31,Germany,0,79.92
C004025,2022-05-18,Email,54.89,Basic,34,Australia,1,9.99
C004026,2022-10-05,Referral,24.64,Standard,32,France,1,79.96
C004027,2022-11-21,Paid Search,114.86,Standard,54,US,1,39.98
C004028,2023-03-05,Referral,36.09,Standard,60,France,1,79.96
C004029,2023-10-04,Affiliate,56.79,Standard,29,France,1,79.96
C004030,2023-07-04,Social Media,76.92,Standard,35,Canada,1,99.95
C004031,2022-12-26,Organic,27.11,Basic,39,France,1,19.98
C004032,2023-04-10,Paid Search,109.21,Basic,35,UK,1,29.97
C004033,2022-01-22,Affiliate,58.71,Standard,53,US,1,59.97
C004034,2022-04-19,Referral,53.57,Standard,64,US,0,59.97
C004035,2022-07-27,Social Media,77.36,Standard,51,US,1,19.99
C004036,2023-06-04,Referral,28.22,Basic,59,Australia,1,19.98
C004037,2023-01-03,Email,28.9,Basic,43,Canada,1,19.98
C004038,2023-05-02,Referral,20.56,Basic,32,Australia,1,39.96
C004039,2022-01-09,Email,20.5,Premium,40,UK,0,79.98
C004040,2023-06-09,Affiliate,54.93,Premium,29,France,1,39.99
C004041,2022-05-11,Referral,25.33,Basic,28,US,1,29.97
C004042,2022-09-26,Organic,23.1,Basic,32,US,1,19.98
C004043,2023-09-18,Organic,24.48,Basic,47,UK,1,9.99
C004044,2022-01-08,Social Media,67.9,Basic,21,Australia,0,359.74
C004045,2023-05-22,Affiliate,43.66,Standard,24,France,1,39.98
C004046,2022-08-09,Paid Search,68.95,Premium,33,France,1,199.95
C004047,2023-10-21,Organic,11.19,Basic,57,Canada,1,29.97
C004048,2022-04-12,Affiliate,56.94,Basic,35,France,1,29.97
C004049,2023-04-22,Organic,21.75,Standard,48,UK,1,19.99
C004050,2023-02-04,Social Media,73.28,Standard,31,UK,1,59.97
C004051,2022-07-01,Social Media,33.91,Basic,37,UK,1,79.92
C004052,2022-07-09,Social Media,30.7,Standard,62,Australia,1,119.94
C004053,2023-11-21,Paid Search,62.07,Basic,52,France,0,109.89
C004054,2022-02-22,Organic,13.85,Basic,45,US,1,19.98
C004055,2023-01-26,Paid Search,53.52,Basic,52,Germany,0,139.86
C004056,2023-04-05,Affiliate,46.11,Basic,27,US,1,29.97
C004057,2022-02-02,Email,33.41,Standard,43,Germany,1,59.97
C004058,2022-05-19,Organic,21.42,Basic,52,France,1,29.97
C004059,2022-02-01,Organic,16.78,Basic,38,US,1,9.99
C004060,2022-03-03,Organic,19.9,Basic,54,US,1,9.99
C004061,2022-01-27,Referral,28.65,Basic,30,US,0,239.76
C004062,2023-11-02,Referral,26.87,Basic,31,France,1,19.98
C004063,2023-01-25,Email,21.65,Standard,22,Australia,1,459.77
C004064,2023-02-04,Referral,25.7,Basic,34,Canada,1,59.94
C004065,2022-10-14,Affiliate,36.3,Basic,49,US,1,9.99
C004066,2023-08-07,Paid Search,88.3,Premium,22,Germany,1,239.94
C004067,2022-01-07,Referral,30.27,Basic,21,UK,0,259.74
C004068,2022-08-19,Social Media,44.66,Standard,26,UK,1,19.99
C004069,2023-01-05,Paid Search,56.5,Basic,27,Canada,1,29.97
C004070,2022-07-05,Paid Search,113.8,Basic,23,UK,1,29.97
C004071,2023-11-12,Affiliate,20.68,Basic,65,Germany,1,109.89
C004072,2023-05-01,Paid Search,76.31,Basic,61,UK,0,419.78
C004073,2023-03-07,Affiliate,45.02,Basic,32,UK,1,9.99
C004074,2023-04-27,Referral,23.16,Basic,37,Australia,1,19.98
C004075,2023-07-25,Organic,29.41,Standard,35,Canada,1,379.81
C004076,2023-01-03,Email,41.6,Basic,20,UK,1,9.99
C004077,2022-04-19,Organic,21.5,Basic,52,France,0,9.99
C004078,2022-04-04,Paid Search,106.38,Standard,43,Australia,1,79.96
C004079,2022-10-20,Affiliate,44.27,Standard,44,Canada,1,99.95
C004080,2023-05-06,Email,37.12,Premium,50,Australia,0,319.92
C004081,2023-03-08,Paid Search,64.97,Basic,21,US,1,159.84
C004082,2023-05-28,Email,30.77,Basic,19,France,1,9.99
C004083,2022-08-25,Referral,52.83,Standard,23,France,1,279.86
C004084,2022-04-23,Email,21.3,Basic,54,UK,1,19.98
C004085,2022-03-29,Referral,32.03,Basic,54,Australia,1,29.97
C004086,2023-06-26,Paid Search,77.51,Premium,58,UK,1,239.93
C004087,2022-07-22,Social Media,78.98,Basic,35,France,1,69.93
C004088,2023-03-24,Social Media,52.45,Premium,50,UK,1,199.95
C004089,2022-05-01,Paid Search,90.19,Standard,38,Canada,1,199.9
C004090,2023-03-19,Paid Search,60.36,Premium,28,US,0,39.99
C004091,2022-06-20,Paid Search,102.04,Basic,65,UK,1,19.98
C004092,2022-01-15,Social Media,75.13,Basic,31,UK,0,179.89
C004093,2022-01-03,Organic,10.41,Standard,42,UK,1,79.96
C004094,2022-10-26,Affiliate,48.57,Basic,33,France,1,9.99
C004095,2022-04-24,Email,20.19,Standard,54,France,1,59.97
C004096,2022-04-03,Organic,15.04,Basic,18,US,1,59.94
C004097,2023-08-17,Organic,17.69,Standard,58,UK,1,39.98
C004098,2022-08-29,Paid Search,97.99,Basic,47,Australia,1,19.98
C004099,2023-08-19,Affiliate,41.28,Standard,64,Germany,1,299.85
C004100,2023-09-25,Organic,17.76,Standard,64,Canada,1,39.98
C004101,2022-11-04,Email,59.56,Premium,53,Germany,1,159.96
C004102,2023-05-07,Social Media,49.43,Basic,19,France,1,29.97
C004103,2023-08-27,Email,31.09,Basic,45,US,1,9.99
C004104,2022-04-10,Affiliate,53.4,Premium,23,US,1,159.96
C004105,2023-06-20,Organic,16.37,Standard,53,Australia,1,59.97
C004106,2023-01-14,Affiliate,30.37,Standard,54,Canada,1,379.81
C004107,2022-06-03,Organic,13.78,Basic,60,US,0,29.97
C004108,2022-03-12,Social Media,40.17,Standard,35,Germany,0,39.98
C004109,2023-02-25,Organic,18.93,Basic,54,France,1,89.94
C004110,2023-09-04,Social Media,44.17,Premium,35,Germany,0,239.94
C004111,2023-03-19,Referral,25.93,Basic,21,France,1,59.94
C004112,2022-05-22,Social Media,74.06,Standard,26,Australia,1,439.78
C004113,2023-07-07,Organic,23.77,Basic,26,Australia,0,109.91
C004114,2022-08-16,Email,37.87,Premium,36,US,1,239.94
C004115,2022-06-02,Referral,25.63,Standard,50,US,1,499.75
C004116,2023-05-24,Social Media,64.44,Premium,47,UK,1,179.92
C004117,2023-01-03,Affiliate,58.84,Basic,28,UK,0,479.65
C004118,2022-12-19,Referral,20.7,Basic,28,France,0,299.7
C004119,2022-04-07,Email,58.02,Standard,39,US,1,339.83
C004120,2023-07-17,Organic,23.73,Premium,58,UK,1,399.9
C004121,2023-10-09,Social Media,47.3,Basic,60,Germany,1,9.99
C004122,2022-04-28,Organic,11.22,Standard,32,US,1,119.94
C004123,2022-09-28,Referral,36.34,Basic,26,France,1,9.99
C004124,2022-09-06,Email,25.73,Basic,23,Australia,0,279.81
C004125,2022-06-29,Paid Search,118.85,Basic,65,Australia,1,9.99
C004126,2023-03-14,Organic,17.02,Basic,59,Canada,1,29.97
C004127,2023-06-30,Affiliate,34.97,Basic,45,Germany,0,39.96
C004128,2022-11-29,Paid Search,116.9,Standard,64,Canada,1,339.83
C004129,2022-11-16,Referral,49.02,Premium,37,Australia,1,679.83
C004130,2022-07-01,Paid Search,118.49,Basic,32,Australia,1,9.99
C004131,2022-11-04,Referral,53.01,Basic,57,US,1,69.93
C004132,2022-12-07,Paid Search,50.48,Basic,65,Australia,1,19.98
C004133,2022-07-29,Affiliate,32.37,Standard,34,UK,0,19.99
C004134,2022-12-25,Email,58.44,Basic,44,France,1,49.95
C004135,2022-06-23,Paid Search,115.81,Standard,65,Australia,1,39.98
C004136,2022-05-10,Referral,46.73,Basic,46,US,1,89.93
C004137,2023-06-06,Referral,53.89,Standard,42,Canada,1,19.99
C004138,2023-02-14,Paid Search,109.91,Basic,22,France,0,259.86
C004139,2023-03-29,Referral,54.09,Basic,35,France,1,29.97
C004140,2022-10-28,Referral,38.68,Basic,28,France,1,29.97
C004141,2022-03-03,Affiliate,28.31,Basic,44,US,1,29.97
C004142,2023-06-07,Social Media,55.03,Basic,37,UK,1,49.95
C004143,2022-05-09,Paid Search,71.92,Basic,31,Canada,1,39.96
C004144,2022-02-24,Social Media,66.3,Premium,42,France,1,119.97
C004145,2022-06-06,Organic,13.02,Basic,58,Germany,1,19.98
C004146,2022-09-16,Email,49.53,Basic,40,Canada,1,9.99
C004147,2023-08-12,Paid Search,51.2,Basic,62,Canada,0,399.74
C004148,2022-10-17,Affiliate,52.73,Standard,24,Australia,1,19.99
C004149,2023-09-20,Referral,50.96,Standard,23,France,0,419.79
C004150,2022-05-31,Referral,29.96,Premium,45,UK,1,39.99
C004151,2022-11-11,Paid Search,73.62,Standard,36,France,1,59.97
C004152,2023-05-30,Paid Search,100.68,Standard,35,France,1,19.99
C004153,2023-03-06,Email,20.93,Basic,34,US,1,99.9
C004154,2022-12-22,Organic,26.33,Premium,29,US,1,119.97
C004155,2022-06-14,Social Media,45.55,Standard,35,US,1,19.99
C004156,2022-07-10,Paid Search,110.42,Basic,43,US,0,489.69
C004157,2022-11-15,Email,49.76,Standard,18,UK,1,19.99
C004158,2023-05-24,Paid Search,57.03,Standard,50,Germany,1,119.94
C004159,2022-02-24,Organic,14.05,Basic,62,UK,1,19.98
C004160,2022-04-18,Email,37.87,Standard,57,France,1,19.99
C004161,2022-02-20,Organic,11.79,Basic,18,UK,1,39.96
C004162,2022-11-01,Referral,52.53,Basic,62,Germany,0,249.75
C004163,2022-04-12,Email,52.91,Standard,53,Germany,0,99.95
C004164,2022-02-16,Affiliate,24.2,Standard,42,UK,0,639.68
C004165,2022-12-30,Affiliate,48.61,Premium,21,Australia,1,119.97
C004166,2023-06-04,Social Media,34.93,Standard,58,Germany,1,19.99
C004167,2023-06-21,Social Media,73.37,Premium,58,US,1,199.95
C004168,2022-03-20,Paid Search,117.07,Basic,39,France,1,109.89
C004169,2022-06-19,Affiliate,24.78,Basic,28,France,1,379.78
C004170,2023-06-26,Affiliate,54.69,Basic,65,US,1,9.99
C004171,2023-04-28,Paid Search,104.56,Standard,21,Australia,0,359.82
C004172,2022-08-21,Referral,24.48,Basic,45,US,1,19.98
C004173,2023-07-20,Affiliate,40.48,Standard,48,UK,0,579.71
C004174,2022-05-13,Paid Search,97.38,Premium,55,Australia,1,279.93
C004175,2023-01-29,Social Media,54.06,Standard,52,UK,0,379.81
C004176,2023-05-12,Social Media,71.88,Basic,44,France,1,289.81
C004177,2022-04-19,Organic,13.64,Basic,18,Australia,0,169.83
C004178,2023-07-17,Social Media,69.22,Basic,50,US,1,49.95
C004179,2022-01-16,Paid Search,95.59,Standard,36,UK,0,279.86
C004180,2022-05-19,Paid Search,111.34,Premium,28,US,1,719.82
C004181,2023-02-05,Email,21.52,Premium,56,Australia,0,159.96
C004182,2023-01-27,Email,34.1,Basic,43,Australia,0,9.99
C004183,2023-04-29,Organic,17.78,Basic,61,Canada,1,49.95
C004184,2022-03-09,Referral,44.79,Basic,54,Canada,1,29.97
C004185,2022-05-26,Organic,16.44,Standard,44,Canada,0,39.98
C004186,2022-05-29,Referral,22.91,Basic,18,UK,0,9.99
C004187,2022-07-22,Social Media,32.32,Premium,59,France,1,279.93
C004188,2022-09-22,Paid Search,69.74,Basic,65,Australia,1,79.94
C004189,2022-04-26,Email,41.53,Basic,26,Canada,1,19.98
C004190,2023-07-09,Social Media,55.17,Basic,18,Canada,1,9.99
C004191,2022-04-20,Affiliate,37.0,Standard,22,US,0,19.99
C004192,2022-11-20,Paid Search,53.28,Basic,22,Germany,1,9.99
C004193,2023-05-03,Affiliate,34.59,Standard,53,Germany,1,19.99
C004194,2022-10-25,Referral,48.52,Basic,60,France,1,19.98
C004195,2022-12-04,Paid Search,71.69,Basic,18,Canada,1,9.99
C004196,2022-01-18,Organic,27.61,Basic,49,Germany,0,159.9
C004197,2022-09-23,Paid Search,84.34,Standard,55,Germany,1,39.98
C004198,2022-05-06,Social Media,53.62,Standard,38,Australia,0,339.83
C004199,2022-04-24,Paid Search,88.22,Basic,46,Germany,1,9.99
C004200,2022-12-04,Organic,12.68,Standard,54,Germany,1,159.92
C004201,2023-06-03,Organic,16.83,Basic,42,Australia,1,569.69
C004202,2022-02-16,Affiliate,52.48,Basic,32,Australia,1,19.98
C004203,2023-01-28,Organic,13.07,Standard,45,Australia,0,339.83
C004204,2023-01-14,Social Media,51.14,Basic,27,US,0,9.99
C004205,2023-01-02,Organic,18.83,Basic,31,US,1,59.94
C004206,2023-05-28,Referral,24.9,Basic,34,Australia,1,19.98
C004207,2023-05-08,Email,59.8,Standard,48,Australia,0,519.74
C004208,2022-03-04,Paid Search,56.84,Basic,32,France,1,9.99
C004209,2022-01-17,Paid Search,112.21,Basic,22,Canada,0,249.75
C004210,2023-05-31,Social Media,65.28,Standard,42,US,0,419.79
C004211,2022-06-15,Email,26.91,Basic,43,Australia,1,49.95
C004212,2023-06-25,Referral,59.25,Premium,29,France,1,39.99
C004213,2023-06-13,Social Media,79.85,Basic,45,Canada,1,59.94
C004214,2022-05-20,Organic,18.91,Premium,61,UK,0,239.94
C004215,2022-05-28,Referral,57.82,Premium,63,UK,0,879.78
C004216,2022-12-13,Paid Search,100.86,Premium,43,Germany,1,79.98
C004217,2023-03-04,Affiliate,25.53,Standard,31,France,1,79.96
C004218,2023-03-18,Affiliate,40.16,Basic,21,Germany,1,9.99
C004219,2023-11-19,Affiliate,21.21,Basic,51,Germany,0,569.71
C004220,2023-08-29,Affiliate,29.35,Basic,39,Canada,1,229.77
C004221,2022-08-29,Social Media,30.3,Standard,61,France,1,59.97
C004222,2023-09-11,Paid Search,83.2,Standard,65,US,1,159.92
C004223,2022-12-02,Email,54.15,Basic,34,US,1,9.99
C004224,2022-11-18,Paid Search,97.73,Standard,44,Germany,1,39.98
C004225,2022-03-01,Affiliate,38.95,Standard,47,Germany,0,699.65
C004226,2022-12-14,Social Media,42.73,Basic,22,France,1,99.9
C004227,2022-01-29,Paid Search,108.18,Standard,27,UK,0,39.98
C004228,2023-05-04,Paid Search,110.22,Standard,26,Germany,1,99.95
C004229,2022-07-31,Paid Search,54.17,Basic,59,UK,0,439.73
C004230,2023-05-09,Organic,12.13,Basic,47,Canada,1,49.95
C004231,2023-10-29,Referral,37.04,Basic,49,US,0,29.97
C004232,2023-03-10,Paid Search,54.0,Basic,57,France,1,179.82
C004233,2023-01-16,Organic,15.78,Standard,43,France,0,19.99
C004234,2023-07-21,Paid Search,52.27,Basic,24,Germany,1,89.91
C004235,2023-08-16,Organic,14.15,Premium,29,UK,1,319.92
C004236,2022-01-31,Paid Search,102.28,Premium,54,France,1,199.95
C004237,2022-01-15,Organic,29.94,Premium,29,Australia,1,239.94
C004238,2023-02-12,Social Media,54.77,Basic,45,France,1,29.98
C004239,2022-01-26,Organic,19.01,Premium,19,UK,1,119.97
C004240,2022-03-24,Referral,56.95,Basic,20,Canada,1,99.9
C004241,2022-01-12,Organic,15.82,Basic,29,Germany,1,19.98
C004242,2023-04-15,Paid Search,67.77,Basic,54,UK,1,19.98
C004243,2022-04-26,Referral,26.4,Basic,46,Germany,0,89.91
C004244,2022-09-05,Email,20.21,Basic,54,US,1,9.99
C004245,2023-02-12,Social Media,43.01,Basic,40,France,1,49.95
C004246,2023-09-20,Email,33.0,Standard,32,Australia,0,719.64
C004247,2023-09-12,Paid Search,58.91,Standard,49,UK,0,399.8
C004248,2023-07-08,Organic,13.2,Standard,42,UK,1,19.99
C004249,2022-12-23,Affiliate,21.91,Premium,54,Germany,1,279.93
C004250,2022-03-02,Paid Search,108.13,Standard,46,Germany,1,259.87
C004251,2023-10-24,Social Media,71.2,Basic,28,France,1,29.97
C004252,2023-10-22,Social Media,47.79,Basic,49,Canada,0,9.99
C004253,2023-10-01,Affiliate,45.06,Basic,46,Australia,1,19.98
C004254,2022-01-01,Email,54.37,Basic,18,Germany,1,179.82
C004255,2023-05-23,Social Media,67.68,Standard,19,UK,1,279.86
C004256,2022-02-15,Email,20.41,Standard,24,France,1,99.95
C004257,2022-06-25,Email,21.86,Basic,22,Canada,0,159.84
C004258,2022-11-03,Paid Search,93.38,Basic,52,France,1,9.99
C004259,2022-02-05,Email,29.01,Premium,40,UK,1,39.99
C004260,2022-09-11,Paid Search,62.13,Premium,33,Canada,1,0.0
C004261,2022-03-10,Organic,13.08,Basic,59,Canada,1,289.71
C004262,2022-12-19,Organic,12.27,Premium,32,Canada,1,519.87
C004263,2022-10-18,Social Media,69.81,Standard,20,UK,0,519.74
C004264,2023-02-19,Email,40.17,Standard,53,Canada,0,19.99
C004265,2022-08-02,Email,27.75,Standard,30,UK,1,59.97
C004266,2022-10-29,Paid Search,77.59,Basic,45,UK,0,9.99
C004267,2022-01-08,Email,21.07,Standard,65,France,1,179.91
C004268,2023-10-23,Paid Search,58.57,Standard,35,Canada,1,79.96
C004269,2022-04-03,Paid Search,111.58,Basic,39,France,0,19.98
C004270,2023-02-07,Social Media,75.38,Standard,57,UK,0,19.99
C004271,2022-02-27,Organic,12.85,Premium,43,UK,0,1239.69
C004272,2022-03-19,Referral,38.39,Standard,35,UK,0,239.88
C004273,2022-03-09,Organic,17.68,Standard,35,Australia,1,19.99
C004274,2022-04-06,Email,28.13,Basic,57,US,0,359.67
C004275,2023-08-24,Paid Search,62.66,Basic,62,UK,1,9.99
C004276,2022-04-13,Referral,34.9,Standard,26,Germany,1,59.97
C004277,2022-10-08,Referral,32.74,Standard,50,Australia,1,219.89
C004278,2023-02-13,Social Media,49.15,Premium,27,Australia,0,1119.72
C004279,2022-01-27,Email,37.03,Basic,32,US,1,19.98
C004280,2022-01-05,Email,43.72,Standard,52,Canada,0,99.95
C004281,2022-11-19,Paid Search,68.93,Basic,63,US,0,19.98
C004282,2022-03-06,Social Media,64.55,Premium,40,US,1,39.99
C004283,2022-11-22,Organic,15.42,Standard,26,US,1,119.94
C004284,2023-08-19,Affiliate,24.2,Basic,21,France,1,19.98
C004285,2023-03-29,Referral,56.69,Basic,26,Canada,1,9.99
C004286,2023-04-23,Email,58.95,Basic,65,Canada,1,9.99
C004287,2022-05-15,Paid Search,117.95,Standard,33,Australia,1,99.95
C004288,2022-09-18,Affiliate,51.92,Basic,52,US,1,29.97
C004289,2023-08-28,Paid Search,101.52,Premium,37,France,1,79.98
C004290,2023-05-10,Referral,21.66,Basic,42,France,1,429.78
C004291,2022-07-23,Paid Search,111.64,Standard,55,France,1,219.89
C004292,2023-07-26,Referral,34.17,Basic,57,US,1,49.95
C004293,2022-06-19,Social Media,53.36,Standard,36,Germany,0,299.85
C004294,2022-10-09,Organic,27.67,Basic,50,Canada,1,29.97
C004295,2023-06-24,Email,27.68,Standard,28,Canada,1,299.85
C004296,2023-03-24,Affiliate,51.75,Basic,29,US,1,9.99
C004297,2023-06-05,Social Media,49.89,Basic,55,UK,1,9.99
C004298,2023-01-07,Social Media,76.2,Premium,58,Canada,1,39.99
C004299,2023-01-18,Organic,25.71,Basic,53,UK,1,99.9
C004300,2022-06-26,Paid Search,110.87,Basic,24,France,0,239.76
C004301,2022-07-07,Social Media,66.47,Standard,58,Germany,1,179.91
C004302,2022-06-22,Social Media,52.36,Standard,30,France,1,19.99
C004303,2022-09-15,Paid Search,95.23,Basic,28,UK,1,19.98
C004304,2022-09-09,Social Media,34.36,Standard,29,France,1,0.0
C004305,2022-01-12,Organic,22.11,Standard,43,UK,1,39.98
C004306,2023-03-31,Organic,12.69,Basic,34,Canada,1,9.99
C004307,2022-02-23,Email,34.45,Basic,22,Germany,0,429.67
C004308,2022-10-19,Affiliate,21.57,Standard,57,US,0,79.96
C004309,2022-02-21,Affiliate,50.41,Standard,33,Canada,1,199.9
C004310,2022-07-25,Email,44.77,Basic,37,Germany,1,179.83
C004311,2022-04-06,Organic,28.99,Basic,18,Australia,0,59.94
C004312,2022-02-17,Referral,58.6,Premium,27,Germany,0,999.75
C004313,2023-05-13,Affiliate,21.49,Basic,43,US,0,159.84
C004314,2023-03-05,Organic,19.48,Basic,26,Germany,1,9.99
C004315,2022-10-16,Paid Search,99.61,Standard,40,US,1,19.99
C004316,2022-01-16,Email,33.02,Basic,30,Canada,1,359.8
C004317,2023-03-10,Organic,18.89,Basic,27,UK,0,449.76
C004318,2023-11-21,Organic,14.11,Premium,30,Germany,1,39.99
C004319,2022-04-28,Organic,22.86,Standard,34,Canada,0,99.95
C004320,2022-04-06,Referral,31.99,Premium,63,US,0,79.98
C004321,2023-02-03,Social Media,43.8,Standard,25,Australia,1,179.91
C004322,2022-07-21,Referral,27.15,Basic,42,France,1,19.98
C004323,2023-01-06,Referral,58.04,Premium,20,Germany,0,79.98
C004324,2022-08-02,Social Media,60.22,Basic,20,Canada,0,109.89
C004325,2023-03-15,Organic,19.47,Premium,24,France,1,79.98
C004326,2023-07-18,Referral,20.79,Basic,49,France,1,49.95
C004327,2023-09-23,Email,27.55,Basic,29,US,1,29.97
C004328,2022-06-22,Social Media,58.02,Basic,35,Canada,0,29.97
C004329,2022-03-21,Referral,26.73,Basic,45,Canada,1,149.91
C004330,2022-07-21,Email,52.96,Standard,46,France,1,19.99
C004331,2022-01-12,Paid Search,75.13,Basic,52,Canada,0,169.83
C004332,2022-08-19,Referral,53.68,Basic,53,France,1,19.98
C004333,2022-02-12,Social Media,64.41,Basic,51,Germany,0,309.69
C004334,2022-09-30,Organic,23.06,Premium,18,France,0,879.78
C004335,2022-12-14,Paid Search,85.06,Basic,38,Germany,1,89.91
C004336,2022-10-02,Paid Search,56.4,Standard,33,Canada,1,279.86
C004337,2023-08-28,Email,20.64,Standard,55,UK,1,79.96
C004338,2023-05-04,Email,23.11,Standard,21,Canada,1,319.84
C004339,2023-05-16,Affiliate,45.4,Standard,36,UK,1,39.98
C004340,2023-04-12,Email,58.25,Standard,35,UK,1,39.98
C004341,2023-04-14,Organic,17.92,Basic,52,Germany,0,19.98
C004342,2023-10-30,Social Media,73.92,Basic,44,Germany,1,29.97
C004343,2022-05-15,Affiliate,55.07,Standard,43,France,0,259.87
C004344,2022-03-10,Social Media,62.96,Premium,23,France,1,719.69
C004345,2023-01-17,Email,49.86,Standard,21,UK,1,59.97
C004346,2023-04-09,Referral,56.98,Basic,25,US,1,19.98
C004347,2023-06-14,Social Media,46.73,Standard,59,France,0,259.87
C004348,2023-01-30,Organic,15.8,Basic,44,Germany,1,19.98
C004349,2022-02-04,Social Media,74.97,Basic,33,Germany,1,9.99
C004350,2022-10-01,Referral,43.69,Basic,19,Germany,1,9.99
C004351,2023-05-10,Affiliate,37.6,Basic,43,Germany,1,49.95
C004352,2022-05-04,Email,57.32,Basic,29,Germany,0,349.76
C004353,2023-02-25,Referral,56.45,Standard,23,France,1,19.99
C004354,2022-01-17,Email,38.08,Standard,45,Canada,1,19.99
C004355,2022-08-12,Email,50.4,Standard,20,Germany,1,619.69
C004356,2023-04-28,Paid Search,90.08,Basic,61,UK,0,19.98
C004357,2023-06-12,Affiliate,44.72,Standard,48,Germany,1,39.98
C004358,2022-01-25,Affiliate,53.75,Standard,58,Canada,0,19.99
C004359,2022-01-23,Affiliate,45.47,Standard,26,US,1,19.99
C004360,2023-04-12,Organic,15.25,Premium,45,Australia,0,199.95
C004361,2022-03-21,Email,54.57,Standard,46,US,1,339.83
C004362,2023-02-21,Referral,28.24,Standard,22,Germany,1,39.98
C004363,2022-06-16,Email,57.24,Standard,18,Germany,1,79.96
C004364,2022-07-16,Email,43.25,Standard,50,France,1,119.94
C004365,2022-03-24,Affiliate,59.81,Standard,28,Germany,1,19.99
C004366,2022-05-03,Email,26.16,Standard,31,UK,0,439.78
C004367,2023-04-20,Organic,19.15,Premium,18,France,1,159.96
C004368,2023-03-10,Social Media,60.54,Basic,55,Canada,0,89.91
C004369,2022-06-11,Organic,14.12,Standard,52,Australia,1,139.93
C004370,2023-11-12,Paid Search,118.07,Basic,33,Canada,1,0.0
C004371,2022-11-06,Affiliate,59.58,Standard,19,US,0,319.84
C004372,2022-10-17,Social Media,68.75,Standard,44,Germany,1,39.98
C004373,2022-01-28,Referral,43.95,Basic,39,France,1,9.99
C004374,2023-03-26,Paid Search,50.14,Basic,56,France,0,209.85
C004375,2022-06-16,Social Media,41.6,Premium,65,Canada,1,119.97
C004376,2023-11-06,Paid Search,106.82,Standard,62,Australia,1,159.92
C004377,2022-03-19,Referral,48.99,Basic,48,France,1,219.87
C004378,2022-01-06,Referral,45.36,Premium,35,Australia,1,79.98
C004379,2022-08-16,Affiliate,24.56,Premium,51,France,1,119.97
C004380,2022-02-23,Organic,17.59,Premium,55,Australia,1,159.96
C004381,2023-11-05,Paid Search,113.09,Standard,23,Canada,1,19.99
C004382,2022-01-02,Paid Search,115.76,Standard,25,Germany,0,379.81
C004383,2022-02-25,Email,59.09,Basic,37,US,0,9.99
C004384,2023-04-02,Organic,14.07,Standard,52,US,1,159.92
C004385,2023-06-15,Affiliate,55.93,Premium,22,Germany,0,719.82
C004386,2022-06-13,Referral,26.01,Basic,44,France,1,49.95
C004387,2022-06-28,Affiliate,54.8,Basic,37,France,1,79.92
C004388,2022-12-01,Organic,23.21,Basic,27,France,1,19.98
C004389,2023-06-04,Affiliate,43.18,Basic,54,UK,0,19.98
C004390,2023-10-19,Affiliate,38.68,Basic,22,Germany,1,29.97
C004391,2023-07-07,Organic,18.46,Standard,25,Australia,1,159.92
C004392,2023-09-07,Referral,54.34,Basic,48,Germany,1,159.84
C004393,2023-02-06,Paid Search,51.09,Basic,26,US,1,19.98
C004394,2022-09-03,Email,24.8,Basic,29,Germany,1,79.92
C004395,2022-07-19,Affiliate,56.05,Basic,35,UK,0,399.77
C004396,2022-11-30,Email,35.26,Standard,59,Canada,1,59.97
C004397,2022-12-09,Email,47.22,Premium,18,US,1,79.98
C004398,2022-07-02,Organic,24.72,Basic,60,Australia,1,29.97
C004399,2022-05-27,Social Media,38.12,Premium,31,Germany,1,39.99
C004400,2023-09-03,Organic,21.71,Premium,27,UK,1,719.77
C004401,2023-04-15,Social Media,42.43,Basic,35,France,1,9.99
C004402,2023-04-08,Referral,52.92,Premium,21,UK,1,199.95
C004403,2023-09-17,Referral,45.96,Basic,26,Canada,1,9.99
C004404,2022-09-06,Referral,32.73,Standard,62,Canada,1,499.75
C004405,2022-02-13,Social Media,47.74,Standard,45,Canada,1,459.77
C004406,2023-05-29,Organic,24.0,Standard,41,Canada,0,19.99
C004407,2023-11-27,Organic,29.42,Premium,62,Canada,1,79.98
C004408,2023-06-07,Email,25.87,Basic,63,France,1,9.99
C004409,2023-04-08,Referral,29.95,Basic,63,Germany,1,119.91
C004410,2023-02-25,Paid Search,119.93,Premium,32,Germany,1,39.99
C004411,2022-02-09,Referral,36.13,Basic,57,France,0,209.79
C004412,2023-02-22,Social Media,59.27,Basic,55,Canada,1,69.96
C004413,2023-08-04,Referral,58.71,Premium,60,UK,0,239.94
C004414,2022-05-19,Affiliate,22.02,Basic,56,France,1,19.98
C004415,2023-02-01,Paid Search,61.6,Basic,57,UK,1,29.97
C004416,2022-01-12,Referral,36.68,Basic,47,France,0,139.88
C004417,2023-08-21,Referral,27.08,Premium,42,France,1,399.9
C004418,2023-08-28,Email,46.29,Basic,65,France,0,29.97
C004419,2023-07-16,Paid Search,65.07,Standard,65,Germany,1,139.93
C004420,2023-02-14,Email,40.59,Standard,46,France,1,239.88
C004421,2022-07-11,Social Media,75.82,Basic,37,US,1,49.95
C004422,2022-09-10,Social Media,56.26,Basic,34,France,1,49.95
C004423,2022-09-10,Organic,16.55,Standard,65,UK,1,259.87
C004424,2023-09-06,Organic,13.1,Basic,18,US,1,149.85
C004425,2022-01-05,Organic,15.79,Basic,60,Australia,1,209.79
C004426,2023-04-23,Referral,25.87,Standard,65,US,0,519.74
C004427,2022-11-09,Affiliate,46.08,Basic,20,Canada,1,119.88
C004428,2023-08-01,Organic,14.35,Basic,31,France,0,19.98
C004429,2023-08-12,Referral,32.86,Premium,52,Germany,0,739.77
C004430,2022-05-16,Organic,21.83,Standard,59,Canada,1,119.94
C004431,2023-11-19,Referral,31.88,Standard,60,Australia,0,99.95
C004432,2022-05-19,Social Media,75.43,Basic,63,Australia,1,119.88
C004433,2022-06-04,Organic,20.37,Basic,32,US,0,479.7
C004434,2023-08-07,Referral,59.73,Basic,24,France,1,19.98
C004435,2022-09-25,Email,56.23,Basic,54,France,1,9.99
C004436,2022-02-04,Affiliate,59.51,Basic,52,UK,1,109.89
C004437,2022-01-05,Organic,19.48,Basic,58,US,0,279.72
C004438,2023-04-05,Email,36.34,Basic,51,Germany,1,409.79
C004439,2023-08-09,Social Media,78.91,Basic,59,Australia,1,19.98
C004440,2023-10-20,Social Media,72.48,Basic,33,Canada,1,169.88
C004441,2023-05-18,Social Media,36.03,Basic,32,US,1,0.0
C004442,2023-11-04,Paid Search,83.75,Standard,43,US,0,599.7
C004443,2022-01-14,Organic,19.92,Basic,59,UK,1,259.86
C004444,2022-03-17,Referral,59.62,Basic,32,Germany,1,9.99
C004445,2022-03-30,Email,50.47,Basic,20,UK,1,9.99
C004446,2022-12-08,Email,49.77,Standard,64,US,1,19.99
C004447,2023-08-28,Paid Search,86.09,Basic,47,US,1,39.96
C004448,2022-07-14,Social Media,66.59,Standard,37,Canada,1,19.99
C004449,2023-04-05,Social Media,57.5,Basic,35,Germany,1,9.99
C004450,2023-03-18,Organic,18.88,Premium,44,UK,1,159.96
C004451,2022-08-19,Social Media,79.32,Premium,18,Australia,1,119.97
C004452,2023-04-27,Referral,32.85,Standard,56,US,1,39.98
C004453,2023-04-28,Affiliate,21.36,Premium,53,Canada,1,119.97
C004454,2022-04-02,Referral,47.8,Premium,28,France,1,159.96
C004455,2023-08-31,Social Media,33.92,Basic,30,Canada,0,159.84
C004456,2022-02-07,Email,52.56,Standard,40,France,1,0.0
C004457,2022-01-02,Social Media,47.32,Standard,64,Australia,1,419.79
C004458,2022-04-08,Social Media,74.76,Basic,35,Australia,1,529.71
C004459,2023-09-27,Referral,46.76,Basic,60,US,1,0.0
C004460,2023-02-12,Organic,22.93,Standard,18,US,1,19.99
C004461,2022-10-19,Organic,21.76,Premium,18,Australia,0,559.86
C004462,2022-11-15,Social Media,74.64,Basic,35,US,1,29.97
C004463,2022-09-12,Email,56.92,Standard,27,UK,1,219.89
C004464,2022-03-25,Email,20.97,Basic,42,Germany,1,19.98
C004465,2022-06-14,Affiliate,49.26,Basic,41,France,1,9.99
C004466,2023-07-22,Referral,47.38,Basic,62,Australia,1,9.99
C004467,2022-01-22,Affiliate,37.79,Standard,27,Germany,1,19.99
C004468,2022-11-26,Paid Search,92.57,Basic,42,Canada,0,69.93
C004469,2023-03-24,Affiliate,44.01,Premium,64,UK,1,879.78
C004470,2022-12-17,Affiliate,36.7,Basic,30,France,1,9.99
C004471,2023-04-25,Social Media,43.18,Basic,50,US,1,69.93
C004472,2023-03-19,Referral,21.7,Standard,56,France,0,679.66
C004473,2023-05-10,Organic,21.93,Basic,61,Australia,0,9.99
C004474,2022-05-01,Email,47.97,Basic,64,Australia,0,429.69
C004475,2023-10-07,Social Media,73.28,Basic,30,Australia,0,269.73
C004476,2022-05-29,Referral,35.14,Basic,52,Canada,1,29.97
C004477,2023-07-21,Social Media,58.04,Basic,43,UK,0,59.94
C004478,2022-07-10,Affiliate,24.77,Standard,43,US,1,99.95
C004479,2022-10-30,Referral,51.95,Standard,28,UK,1,19.99
C004480,2022-01-19,Social Media,41.29,Premium,61,US,1,239.94
C004481,2023-05-03,Referral,58.08,Basic,35,Canada,1,79.92
C004482,2023-05-07,Affiliate,47.93,Standard,52,Australia,0,559.72
C004483,2023-11-27,Paid Search,114.3,Premium,23,Germany,1,39.99
C004484,2022-03-07,Social Media,49.52,Basic,57,France,0,309.82
C004485,2022-12-14,Affiliate,29.76,Basic,49,Germany,1,129.92
C004486,2023-02-22,Paid Search,111.09,Basic,38,Australia,1,9.99
C004487,2023-08-14,Referral,56.91,Basic,18,UK,1,109.89
C004488,2023-01-29,Organic,24.8,Basic,26,Canada,1,29.98
C004489,2023-05-13,Email,56.29,Basic,42,France,1,49.95
C004490,2023-02-15,Organic,16.61,Standard,43,UK,1,19.99
C004491,2022-02-12,Referral,35.83,Basic,18,Canada,1,19.98
C004492,2022-02-15,Paid Search,101.17,Premium,23,Australia,1,119.97
C004493,2023-10-11,Referral,30.64,Basic,52,France,0,239.76
C004494,2022-05-04,Organic,27.19,Standard,55,US,1,359.82
C004495,2022-06-18,Organic,26.11,Basic,19,UK,0,519.72
C004496,2023-01-09,Paid Search,51.63,Basic,28,Australia,1,89.91
C004497,2022-07-24,Referral,50.28,Standard,62,France,1,39.98
C004498,2023-01-11,Paid Search,110.02,Standard,29,Germany,1,19.99
C004499,2022-02-12,Organic,22.47,Standard,20,UK,0,619.69
C004500,2023-04-20,Social Media,75.86,Premium,36,Australia,1,79.98
C004501,2022-11-26,Social Media,70.57,Premium,55,UK,1,79.98
C004502,2022-02-14,Social Media,44.29,Standard,56,Canada,1,239.88
C004503,2022-10-20,Social Media,41.26,Basic,53,US,1,9.99
C004504,2023-10-08,Email,24.83,Standard,42,Canada,1,219.89
C004505,2023-10-07,Social Media,56.47,Basic,36,Canada,0,259.86
C004506,2023-02-12,Referral,26.28,Basic,61,Canada,1,29.97
C004507,2022-06-02,Organic,19.87,Basic,38,Australia,1,99.9
C004508,2023-02-22,Referral,20.48,Premium,44,US,1,59.98
C004509,2023-03-07,Paid Search,71.67,Basic,46,US,1,89.91
C004510,2022-10-31,Referral,54.55,Basic,44,Germany,1,19.98
C004511,2022-01-17,Paid Search,63.77,Standard,22,Canada,1,39.98
C004512,2023-06-01,Social Media,31.36,Basic,30,Australia,1,219.87
C004513,2022-01-05,Organic,18.82,Standard,58,US,1,319.84
C004514,2023-03-10,Referral,52.36,Basic,21,Canada,1,309.74
C004515,2023-06-24,Referral,42.88,Basic,29,Canada,1,59.94
C004516,2022-11-06,Organic,14.18,Standard,37,Germany,0,679.66
C004517,2023-08-04,Social Media,32.83,Basic,34,Australia,0,509.72
C004518,2023-01-10,Paid Search,56.8,Standard,62,Germany,1,379.81
C004519,2023-08-21,Organic,16.39,Basic,54,Australia,0,79.92
C004520,2022-03-23,Affiliate,57.3,Standard,52,Germany,1,39.98
C004521,2023-03-22,Affiliate,57.47,Standard,43,France,1,19.99
C004522,2022-08-08,Referral,33.2,Premium,53,UK,1,199.95
C004523,2022-07-19,Social Media,65.67,Basic,58,Australia,0,79.92
C004524,2023-07-27,Referral,35.84,Premium,41,Australia,1,119.97
C004525,2023-04-25,Organic,25.44,Premium,65,Australia,1,119.97
C004526,2023-05-05,Referral,52.05,Basic,34,UK,0,9.99
C004527,2022-01-07,Affiliate,24.01,Basic,19,France,1,109.89
C004528,2023-01-04,Referral,39.55,Basic,27,Australia,1,49.95
C004529,2023-09-11,Affiliate,39.16,Standard,26,UK,0,79.96
C004530,2023-08-03,Referral,31.56,Basic,53,UK,0,129.87
C004531,2022-11-26,Paid Search,103.42,Standard,47,Germany,0,19.99
C004532,2023-09-25,Email,46.11,Basic,46,Germany,0,499.71
C004533,2022-08-31,Email,57.32,Basic,64,France,1,49.95
C004534,2022-12-13,Affiliate,25.63,Basic,61,UK,1,99.9
C004535,2022-01-23,Email,23.76,Standard,18,US,1,19.99
C004536,2023-03-10,Email,27.56,Standard,29,France,0,599.7
C004537,2022-10-13,Social Media,36.92,Premium,49,Australia,0,759.81
C004538,2022-03-14,Email,43.64,Basic,56,US,0,9.99
C004539,2023-11-20,Referral,33.26,Basic,23,Canada,1,279.72
C004540,2022-10-03,Affiliate,33.68,Premium,21,Germany,0,479.88
C004541,2022-11-28,Referral,42.74,Standard,22,UK,1,39.98
C004542,2023-07-19,Paid Search,58.7,Basic,43,Canada,1,279.72
C004543,2022-09-09,Paid Search,97.14,Basic,45,Australia,1,9.99
C004544,2022-06-04,Paid Search,84.49,Basic,31,UK,1,9.99
C004545,2022-03-19,Referral,55.47,Standard,20,Germany,0,599.7
C004546,2023-02-16,Social Media,66.51,Basic,46,US,1,9.99
C004547,2022-08-01,Email,34.46,Basic,20,Canada,1,39.96
C004548,2023-09-22,Social Media,38.47,Standard,37,UK,1,19.99
C004549,2023-10-08,Social Media,34.24,Standard,58,Germany,1,239.88
C004550,2022-11-01,Affiliate,22.15,Premium,35,US,0,399.9
C004551,2023-11-23,Affiliate,54.74,Basic,41,France,0,409.77
C004552,2022-06-21,Referral,38.14,Basic,54,US,1,9.99
C004553,2023-03-17,Paid Search,50.97,Basic,63,Germany,1,9.99
C004554,2022-07-15,Email,46.49,Basic,43,Canada,0,319.68
C004555,2023-02-26,Affiliate,22.84,Standard,35,Canada,1,379.81
C004556,2023-09-02,Referral,45.83,Basic,51,UK,1,29.97
C004557,2023-08-25,Affiliate,50.8,Standard,65,France,1,19.99
C004558,2023-07-09,Affiliate,31.11,Premium,22,Canada,0,79.98
C004559,2023-09-06,Affiliate,40.24,Basic,65,France,1,39.96
C004560,2022-11-19,Social Media,30.71,Basic,62,Australia,1,9.99
C004561,2022-08-01,Paid Search,107.65,Standard,45,Canada,1,159.92
C004562,2022-08-10,Paid Search,59.23,Basic,55,Canada,1,59.94
C004563,2023-01-26,Organic,12.62,Basic,53,France,1,239.76
C004564,2023-07-01,Affiliate,22.99,Premium,24,Canada,1,79.98
C004565,2023-09-23,Social Media,58.12,Basic,34,US,1,19.98
C004566,2022-01-05,Affiliate,22.93,Standard,45,Australia,1,559.72
C004567,2022-06-17,Paid Search,113.67,Standard,51,Australia,0,379.81
C004568,2022-11-08,Referral,32.01,Standard,58,UK,1,19.99
C004569,2022-12-16,Referral,48.61,Standard,62,Germany,1,59.97
C004570,2022-03-07,Email,50.97,Standard,26,UK,0,479.76
C004571,2023-04-07,Email,45.72,Standard,21,Canada,0,239.88
C004572,2023-11-05,Email,58.9,Basic,42,France,1,19.98
C004573,2022-02-20,Referral,47.9,Premium,30,Australia,1,159.96
C004574,2022-09-19,Email,45.7,Basic,47,Australia,1,19.98
C004575,2023-08-12,Email,41.46,Premium,35,Germany,1,39.99
C004576,2022-01-26,Affiliate,32.98,Basic,46,France,1,0.0
C004577,2022-10-03,Email,51.0,Basic,61,France,1,49.95
C004578,2022-09-05,Organic,27.13,Premium,46,UK,0,119.97
C004579,2022-07-26,Referral,52.16,Basic,52,US,1,19.98
C004580,2023-08-11,Paid Search,79.2,Basic,26,US,1,9.99
C004581,2022-04-12,Referral,32.91,Premium,64,Germany,1,379.82
C004582,2023-12-02,Email,36.25,Basic,49,Australia,1,9.99
C004583,2023-06-20,Referral,32.9,Standard,40,Germany,1,259.87
C004584,2022-12-27,Organic,29.82,Basic,48,Germany,1,19.98
C004585,2022-10-09,Organic,10.14,Basic,46,Canada,1,19.98
C004586,2023-06-18,Referral,52.33,Premium,36,Australia,1,39.99
C004587,2022-02-28,Social Media,33.56,Basic,34,Canada,1,39.96
C004588,2022-04-20,Paid Search,62.26,Basic,37,Canada,1,19.98
C004589,2022-03-12,Email,43.55,Basic,36,US,1,39.96
C004590,2022-05-28,Paid Search,64.11,Basic,52,Germany,1,79.92
C004591,2022-01-18,Email,51.02,Standard,48,US,0,19.99
C004592,2022-03-07,Referral,20.8,Basic,30,US,1,39.96
C004593,2023-09-30,Social Media,70.49,Basic,31,France,1,19.98
C004594,2023-10-21,Referral,22.43,Basic,62,Canada,1,29.97
C004595,2022-02-19,Email,44.46,Standard,19,France,1,59.97
C004596,2022-10-12,Affiliate,22.77,Basic,55,US,0,269.73
C004597,2023-08-21,Referral,45.52,Standard,48,France,0,239.88
C004598,2023-05-12,Email,55.11,Basic,35,Canada,0,309.72
C004599,2022-06-06,Email,30.75,Basic,42,France,1,9.99
C004600,2022-10-04,Email,20.53,Basic,20,Germany,0,129.87
C004601,2022-07-29,Social Media,67.68,Basic,62,Germany,1,39.96
C004602,2022-11-03,Email,58.95,Basic,38,Germany,0,9.99
C004603,2023-10-18,Affiliate,58.13,Standard,61,US,1,179.91
C004604,2022-12-11,Email,53.14,Standard,20,UK,1,19.99
C004605,2023-11-05,Referral,20.04,Standard,34,Canada,1,19.99
C004606,2022-05-31,Affiliate,54.88,Premium,32,US,0,79.98
C004607,2022-12-29,Email,44.02,Standard,39,France,1,19.99
C004608,2022-10-15,Email,53.66,Basic,30,Canada,1,9.99
C004609,2022-06-07,Organic,14.55,Standard,46,Australia,1,39.98
C004610,2023-04-16,Referral,31.43,Basic,41,France,1,49.95
C004611,2023-01-10,Organic,23.13,Basic,45,Australia,1,79.92
C004612,2022-10-01,Affiliate,40.91,Basic,18,France,0,129.87
C004613,2023-06-19,Affiliate,25.17,Standard,59,France,1,19.99
C004614,2023-02-10,Affiliate,40.57,Premium,24,France,1,39.99
C004615,2023-03-07,Paid Search,67.13,Standard,28,Germany,1,19.99
C004616,2022-02-01,Affiliate,45.71,Standard,42,Australia,1,19.99
C004617,2023-09-30,Social Media,38.29,Basic,48,Canada,0,359.74
C004618,2023-06-13,Paid Search,56.91,Premium,30,Australia,1,39.99
C004619,2022-01-03,Referral,36.11,Standard,31,Australia,0,499.75
C004620,2023-10-20,Affiliate,23.46,Basic,51,US,1,19.98
C004621,2023-04-25,Email,40.03,Basic,27,Germany,0,9.99
C004622,2023-01-06,Social Media,58.16,Basic,53,France,0,129.87
C004623,2022-01-24,Referral,57.11,Basic,47,Australia,1,9.99
C004624,2022-05-28,Paid Search,95.76,Basic,57,France,1,49.95
C004625,2023-08-17,Organic,29.61,Premium,32,Germany,1,39.99
C004626,2023-11-27,Email,22.26,Standard,45,Canada,0,19.99
C004627,2022-10-07,Affiliate,41.69,Standard,21,Australia,0,19.99
C004628,2023-07-20,Social Media,70.5,Premium,55,Canada,1,39.99
C004629,2022-09-23,Organic,22.54,Basic,49,Canada,1,459.76
C004630,2022-11-18,Paid Search,91.53,Basic,52,France,0,309.69
C004631,2023-10-02,Affiliate,21.59,Basic,31,Germany,1,49.95
C004632,2023-06-11,Organic,17.05,Basic,49,France,1,9.99
C004633,2022-03-01,Email,43.24,Basic,56,Australia,1,149.92
C004634,2023-10-05,Referral,26.71,Standard,31,France,1,319.84
C004635,2022-09-27,Email,40.47,Basic,51,US,0,209.79
C004636,2022-06-09,Organic,23.7,Basic,27,UK,0,409.79
C004637,2023-08-31,Referral,47.25,Basic,58,Australia,1,79.92
C004638,2023-09-10,Organic,22.64,Basic,23,France,1,69.96
C004639,2023-07-14,Organic,13.09,Standard,52,France,1,99.95
C004640,2023-10-22,Referral,53.89,Standard,24,France,1,179.91
C004641,2022-05-18,Organic,22.98,Basic,43,Germany,1,239.76
C004642,2023-09-03,Organic,27.46,Basic,55,UK,0,389.66
C004643,2022-08-13,Referral,51.17,Standard,27,Germany,1,79.96
C004644,2023-07-21,Email,55.74,Basic,63,France,1,539.72
C004645,2023-11-10,Referral,46.45,Standard,47,US,1,39.98
C004646,2022-09-06,Affiliate,32.65,Basic,38,Germany,1,19.98
C004647,2023-06-08,Email,36.55,Standard,64,UK,1,59.97
C004648,2022-07-15,Social Media,47.72,Basic,49,Germany,1,29.97
C004649,2022-08-30,Affiliate,24.06,Basic,60,UK,0,689.65
C004650,2022-04-13,Social Media,46.46,Standard,61,Canada,1,19.99
C004651,2023-03-27,Affiliate,56.2,Basic,59,US,1,29.97
C004652,2023-06-22,Referral,44.71,Standard,65,UK,1,59.97
C004653,2023-06-13,Social Media,65.55,Basic,20,Canada,0,519.64
C004654,2023-01-12,Email,41.5,Basic,22,Canada,1,239.76
C004655,2022-03-07,Social Media,74.39,Premium,59,Australia,1,79.98
C004656,2022-04-15,Paid Search,115.53,Premium,38,US,1,79.98
C004657,2022-07-23,Referral,41.43,Basic,38,Australia,1,59.94
C004658,2023-02-07,Email,44.07,Standard,55,Australia,1,219.89
C004659,2023-03-25,Referral,44.72,Standard,27,UK,1,19.99
C004660,2023-10-17,Social Media,70.21,Standard,40,Germany,1,39.98
C004661,2023-06-09,Social Media,43.17,Premium,54,Canada,1,819.72
C004662,2022-01-26,Paid Search,107.36,Basic,45,Canada,1,29.97
C004663,2022-01-23,Organic,18.64,Premium,57,Canada,1,199.95
C004664,2023-05-07,Paid Search,103.09,Standard,31,US,0,359.82
C004665,2022-12-30,Email,57.8,Basic,63,UK,1,89.91
C004666,2023-09-08,Affiliate,46.77,Standard,32,US,0,199.9
C004667,2023-06-06,Referral,58.47,Standard,31,Australia,1,79.96
C004668,2022-02-08,Paid Search,89.55,Basic,53,Canada,1,9.99
C004669,2023-11-09,Social Media,62.13,Premium,32,UK,1,479.88
C004670,2022-06-29,Social Media,34.52,Premium,65,Canada,1,119.97
C004671,2022-03-12,Email,33.88,Standard,52,UK,0,19.99
C004672,2023-08-21,Referral,51.88,Basic,47,UK,0,39.96
C004673,2022-11-04,Social Media,69.74,Standard,63,Canada,1,119.94
C004674,2023-02-03,Paid Search,100.9,Basic,58,France,1,19.98
C004675,2023-01-01,Email,31.34,Basic,58,Germany,1,149.85
C004676,2022-10-02,Affiliate,57.28,Premium,25,Germany,1,239.94
C004677,2022-03-07,Referral,20.12,Basic,28,UK,1,59.96
C004678,2022-03-20,Email,46.58,Basic,53,US,1,179.82
C004679,2023-10-24,Social Media,74.56,Basic,37,Canada,0,499.69
C004680,2023-11-15,Referral,35.46,Premium,63,France,1,819.66
C004681,2022-09-19,Email,28.14,Basic,46,Canada,1,359.71
C004682,2022-01-27,Affiliate,59.85,Standard,64,UK,0,339.83
C004683,2023-07-03,Referral,31.54,Standard,33,UK,0,39.98
C004684,2022-01-30,Paid Search,79.73,Premium,40,Australia,1,79.98
C004685,2022-01-31,Email,49.04,Standard,63,UK,1,219.89
C004686,2022-04-30,Email,55.63,Basic,46,Germany,1,19.98
C004687,2022-05-07,Email,49.85,Premium,44,Germany,1,119.97
C004688,2022-03-21,Organic,12.79,Basic,43,UK,1,19.98
C004689,2022-10-12,Paid Search,106.79,Premium,26,UK,0,799.72
C004690,2022-05-17,Affiliate,47.96,Basic,57,France,1,9.99
C004691,2023-07-12,Organic,11.45,Premium,64,Germany,0,559.86
C004692,2023-03-10,Email,28.83,Basic,40,France,0,229.77
C004693,2022-01-17,Organic,19.49,Basic,22,Canada,0,9.99
C004694,2022-06-03,Affiliate,32.18,Standard,25,Canada,1,19.99
C004695,2022-10-28,Organic,22.34,Basic,40,US,1,189.9
C004696,2023-04-14,Social Media,72.57,Premium,45,Canada,1,399.9
C004697,2022-05-24,Referral,52.54,Basic,42,UK,0,239.76
C004698,2023-05-17,Paid Search,76.57,Basic,55,Canada,1,9.99
C004699,2023-10-21,Referral,55.75,Standard,40,France,0,439.78
C004700,2022-06-11,Affiliate,27.31,Standard,42,Canada,1,179.91
C004701,2022-04-05,Social Media,60.39,Basic,53,Canada,1,39.96
C004702,2022-01-03,Paid Search,102.01,Basic,22,Australia,1,69.96
C004703,2022-08-02,Social Media,68.97,Premium,34,France,0,39.99
C004704,2023-02-13,Referral,25.63,Standard,52,UK,1,19.99
C004705,2023-08-10,Organic,16.01,Standard,32,US,1,139.93
C004706,2022-09-16,Social Media,43.8,Standard,62,US,1,219.89
C004707,2023-01-18,Affiliate,39.29,Standard,30,UK,1,19.99
C004708,2023-01-02,Organic,12.29,Standard,55,Germany,1,39.98
C004709,2023-06-23,Email,38.66,Standard,31,US,1,39.98
C004710,2022-05-18,Affiliate,20.32,Basic,38,Canada,1,9.99
C004711,2022-09-07,Referral,39.82,Basic,24,France,1,89.91
C004712,2022-07-18,Organic,23.97,Standard,50,US,1,79.96
C004713,2022-03-03,Organic,24.46,Standard,33,US,1,19.99
C004714,2022-11-16,Paid Search,90.76,Basic,22,Canada,1,79.92
C004715,2022-08-23,Referral,39.26,Basic,58,US,0,99.94
C004716,2022-01-16,Referral,51.94,Basic,47,US,1,59.94
C004717,2022-02-16,Email,46.86,Standard,38,Germany,1,39.98
C004718,2022-11-05,Paid Search,73.15,Basic,21,Germany,1,9.99
C004719,2023-10-20,Email,46.07,Basic,45,France,0,159.84
C004720,2023-11-04,Paid Search,67.11,Standard,22,Canada,1,19.99
C004721,2022-09-27,Paid Search,99.47,Basic,43,US,0,409.79
C004722,2022-02-24,Paid Search,63.67,Basic,50,Germany,1,39.96
C004723,2022-12-10,Affiliate,47.66,Basic,62,US,0,159.84
C004724,2023-11-23,Social Media,75.78,Basic,36,Australia,0,29.97
C004725,2022-04-08,Organic,15.79,Basic,43,Germany,0,9.99
C004726,2023-05-07,Organic,12.06,Basic,38,Australia,1,19.98
C004727,2023-08-26,Email,25.67,Basic,43,Germany,0,29.97
C004728,2022-09-13,Paid Search,109.42,Standard,26,UK,0,279.86
C004729,2022-05-20,Social Media,31.87,Premium,32,France,1,279.93
C004730,2022-05-14,Paid Search,96.54,Basic,42,UK,0,79.92
C004731,2023-11-02,Organic,11.91,Standard,57,US,1,79.96
C004732,2022-03-19,Organic,25.16,Basic,37,UK,1,9.99
C004733,2022-08-17,Email,24.04,Basic,29,Canada,1,19.98
C004734,2022-07-05,Email,35.15,Premium,31,UK,1,39.99
C004735,2022-09-07,Affiliate,43.91,Basic,44,Australia,1,49.95
C004736,2022-10-18,Social Media,36.31,Basic,50,Germany,1,29.97
C004737,2022-11-02,Social Media,60.47,Basic,18,UK,1,109.89
C004738,2022-09-28,Email,40.48,Basic,35,UK,0,9.99
C004739,2022-02-25,Affiliate,52.41,Premium,33,Germany,0,559.76
C004740,2023-04-10,Affiliate,46.8,Standard,33,Canada,1,39.98
C004741,2023-11-09,Email,42.01,Standard,29,France,1,99.95
C004742,2023-04-29,Paid Search,74.93,Standard,23,Canada,0,59.97
C004743,2022-07-01,Referral,59.27,Basic,39,France,1,9.99
C004744,2022-03-09,Social Media,54.4,Premium,28,Canada,1,39.99
C004745,2022-09-10,Affiliate,40.44,Standard,44,Germany,1,19.99
C004746,2022-11-04,Organic,15.33,Standard,41,UK,1,19.99
C004747,2022-09-13,Referral,53.96,Standard,28,Canada,1,419.79
C004748,2023-03-29,Social Media,76.19,Basic,64,Canada,1,19.98
C004749,2023-11-14,Paid Search,73.66,Standard,62,Australia,0,499.75
C004750,2023-02-22,Paid Search,103.33,Premium,54,France,1,39.99
C004751,2022-12-14,Affiliate,29.99,Basic,63,Germany,1,19.98
C004752,2023-05-21,Email,26.03,Basic,48,US,1,19.98
C004753,2022-06-10,Affiliate,38.31,Standard,44,UK,1,79.96
C004754,2023-10-03,Email,57.25,Basic,31,Australia,1,49.95
C004755,2022-10-21,Referral,41.94,Standard,45,UK,1,39.98
C004756,2023-11-16,Email,21.05,Standard,43,Australia,0,519.74
C004757,2023-07-06,Paid Search,70.72,Basic,58,UK,1,19.98
C004758,2023-09-23,Email,50.08,Standard,60,US,1,79.96
C004759,2023-03-02,Organic,17.09,Basic,50,US,1,9.99
C004760,2022-04-14,Referral,55.88,Standard,30,Australia,1,59.97
C004761,2023-04-18,Organic,10.58,Basic,31,Germany,1,9.99
C004762,2022-05-14,Referral,22.36,Standard,18,US,1,99.95
C004763,2022-10-08,Email,44.54,Standard,53,Australia,1,359.82
C004764,2022-01-20,Email,55.85,Basic,35,France,0,319.68
C004765,2022-08-01,Organic,12.64,Basic,36,Germany,1,19.98
C004766,2022-07-21,Email,50.73,Standard,46,Germany,1,139.93
C004767,2022-07-08,Social Media,62.12,Standard,65,France,1,99.95
C004768,2023-10-11,Paid Search,77.2,Standard,40,Germany,1,159.92
C004769,2022-07-30,Paid Search,91.85,Basic,65,France,1,179.82
C004770,2023-08-26,Affiliate,55.97,Basic,43,France,1,9.99
C004771,2022-09-26,Email,53.86,Basic,60,US,1,9.99
C004772,2022-07-05,Affiliate,36.54,Premium,63,Canada,1,159.96
C004773,2023-08-04,Referral,23.54,Basic,61,US,1,9.99
C004774,2023-02-26,Affiliate,55.56,Basic,39,UK,1,29.97
C004775,2023-09-07,Organic,10.66,Premium,24,UK,1,39.99
C004776,2022-12-25,Email,21.1,Basic,63,UK,1,9.99
C004777,2023-08-05,Email,30.88,Standard,23,UK,0,19.99
C004778,2022-08-20,Paid Search,69.05,Basic,48,Australia,1,19.98
C004779,2023-03-06,Referral,46.27,Basic,61,Canada,0,419.75
C004780,2023-07-01,Organic,15.63,Standard,52,Australia,0,659.67
C004781,2022-09-29,Organic,24.57,Premium,45,Germany,1,1039.74
C004782,2023-09-07,Paid Search,52.64,Premium,52,US,1,79.98
C004783,2022-04-17,Referral,20.42,Basic,59,Australia,1,9.99
C004784,2023-08-28,Affiliate,46.31,Standard,21,Canada,1,19.99
C004785,2023-11-03,Paid Search,112.55,Basic,51,France,1,9.99
C004786,2023-03-04,Referral,57.03,Basic,52,US,1,9.99
C004787,2022-03-16,Email,44.09,Basic,27,US,1,79.92
C004788,2022-07-25,Social Media,55.1,Standard,39,Canada,0,239.88
C004789,2023-07-21,Social Media,74.41,Premium,31,Canada,0,359.91
C004790,2022-07-22,Organic,18.51,Standard,54,Australia,0,219.89
C004791,2022-04-09,Referral,53.49,Premium,24,UK,1,79.98
C004792,2023-07-11,Referral,22.35,Basic,48,US,1,19.98
C004793,2022-03-30,Referral,24.64,Premium,63,US,1,319.92
C004794,2023-08-20,Affiliate,32.38,Standard,19,UK,0,19.99
C004795,2022-11-07,Referral,46.76,Basic,51,France,0,19.98
C004796,2023-11-02,Organic,15.79,Basic,52,Germany,1,29.97
C004797,2023-10-10,Social Media,45.86,Premium,62,US,1,559.86
C004798,2023-09-15,Paid Search,117.88,Basic,50,Canada,0,259.74
C004799,2023-05-18,Referral,31.78,Basic,56,US,1,19.98
C004800,2022-09-02,Email,51.54,Basic,58,Germany,0,229.77
C004801,2022-11-05,Email,58.83,Standard,42,US,1,19.99
C004802,2023-08-15,Social Media,38.47,Standard,25,Canada,1,239.88
C004803,2022-10-18,Organic,11.52,Basic,39,UK,1,9.99
C004804,2022-12-06,Organic,18.22,Standard,60,UK,1,79.96
C004805,2023-02-02,Organic,18.13,Basic,40,Canada,1,19.98
C004806,2022-06-21,Social Media,38.78,Standard,65,Canada,0,219.89
C004807,2022-03-18,Organic,12.78,Basic,49,Australia,1,109.89
C004808,2022-03-08,Affiliate,38.66,Standard,63,France,0,659.67
C004809,2022-10-10,Email,41.03,Premium,45,Germany,0,199.95
C004810,2023-09-12,Social Media,55.33,Premium,56,UK,1,39.99
C004811,2022-03-01,Organic,17.38,Standard,58,Australia,1,379.81
C004812,2022-12-15,Referral,38.06,Premium,43,UK,1,39.99
C004813,2023-01-10,Social Media,68.91,Basic,27,UK,1,59.96
C004814,2023-04-05,Affiliate,48.98,Basic,42,Germany,1,9.99
C004815,2022-05-17,Affiliate,34.47,Basic,34,Germany,1,279.79
C004816,2022-01-09,Referral,20.9,Basic,36,Australia,0,179.85
C004817,2022-10-09,Organic,26.78,Basic,42,France,1,89.91
C004818,2023-10-26,Referral,54.45,Basic,62,France,1,9.99
C004819,2023-04-01,Organic,27.54,Basic,58,Germany,1,39.96
C004820,2023-02-23,Email,43.98,Standard,24,Germany,0,639.68
C004821,2022-05-19,Email,25.63,Basic,28,UK,1,19.98
C004822,2023-05-29,Affiliate,24.45,Basic,60,UK,1,9.99
C004823,2022-05-24,Paid Search,60.0,Basic,29,France,0,419.69
C004824,2022-06-08,Social Media,30.66,Basic,38,UK,1,59.94
C004825,2023-06-23,Paid Search,75.05,Standard,56,Canada,1,19.99
C004826,2022-02-02,Organic,15.46,Basic,53,Canada,1,119.88
C004827,2023-04-09,Email,52.1,Basic,24,Australia,1,39.96
C004828,2022-04-29,Paid Search,74.29,Basic,38,UK,1,19.98
C004829,2022-11-23,Referral,57.11,Basic,59,France,1,9.99
C004830,2023-08-30,Paid Search,114.65,Basic,45,Canada,1,9.99
C004831,2022-05-01,Affiliate,48.01,Standard,49,France,1,39.98
C004832,2022-02-11,Email,50.37,Standard,19,UK,0,199.9
C004833,2023-07-08,Organic,27.03,Basic,37,US,1,59.94
C004834,2023-09-29,Social Media,75.5,Standard,39,UK,1,99.95
C004835,2022-11-05,Organic,22.27,Premium,26,France,1,79.98
C004836,2022-04-08,Affiliate,30.51,Basic,44,Germany,0,9.99
C004837,2022-10-22,Affiliate,55.35,Basic,20,UK,1,409.75
C004838,2022-03-29,Affiliate,40.4,Standard,57,UK,1,19.99
C004839,2022-01-24,Referral,28.88,Basic,53,Australia,1,9.99
C004840,2022-01-26,Affiliate,59.82,Basic,55,US,1,9.99
C004841,2023-11-15,Paid Search,56.81,Standard,57,Australia,1,59.97
C004842,2023-04-01,Social Media,76.56,Premium,64,Germany,1,39.99
C004843,2023-09-03,Email,20.55,Standard,53,Canada,1,59.97
C004844,2022-12-19,Referral,51.37,Standard,37,Australia,1,219.89
C004845,2022-01-22,Email,50.38,Basic,65,US,0,29.97
C004846,2023-03-06,Email,58.59,Standard,21,Australia,1,119.94
C004847,2022-11-02,Social Media,74.69,Standard,52,Germany,1,59.97
C004848,2022-01-16,Referral,22.67,Basic,39,Germany,1,29.97
C004849,2023-04-16,Paid Search,66.35,Standard,41,Germany,1,79.96
C004850,2022-02-14,Organic,17.98,Basic,44,US,0,9.99
C004851,2022-08-17,Referral,46.56,Basic,55,France,1,19.98
C004852,2022-03-01,Paid Search,75.04,Standard,50,Canada,1,59.97
C004853,2022-07-19,Referral,48.92,Standard,28,Australia,1,259.87
C004854,2023-09-20,Referral,31.83,Basic,49,UK,1,19.98
C004855,2022-11-27,Organic,20.63,Standard,33,Australia,1,19.99
C004856,2022-05-25,Social Media,38.71,Basic,18,US,1,9.99
C004857,2022-10-08,Organic,19.09,Basic,25,Australia,1,19.98
C004858,2022-12-05,Social Media,42.33,Premium,56,US,0,39.99
C004859,2022-12-02,Email,33.52,Basic,55,US,1,29.97
C004860,2023-01-29,Paid Search,108.39,Standard,42,US,0,119.94
C004861,2022-06-16,Social Media,38.23,Basic,33,UK,1,159.88
C004862,2022-08-15,Affiliate,25.78,Standard,61,France,1,39.98
C004863,2022-10-26,Social Media,39.06,Basic,23,Canada,1,39.96
C004864,2023-10-18,Email,56.86,Basic,42,UK,0,209.79
C004865,2022-02-17,Social Media,31.01,Standard,56,Germany,1,119.94
C004866,2023-02-06,Paid Search,113.34,Standard,56,US,1,539.73
C004867,2023-03-30,Paid Search,56.94,Basic,28,France,1,9.99
C004868,2022-05-23,Paid Search,51.85,Basic,47,France,1,19.98
C004869,2022-07-01,Organic,17.18,Basic,29,Germany,1,69.93
C004870,2023-01-27,Email,28.4,Premium,18,Germany,0,559.86
C004871,2022-08-15,Paid Search,107.36,Standard,31,US,1,79.96
C004872,2022-08-25,Email,26.28,Basic,52,Canada,1,139.86
C004873,2022-01-08,Paid Search,60.59,Basic,60,France,0,279.72
C004874,2022-02-19,Organic,21.53,Standard,31,Canada,1,199.9
C004875,2023-09-26,Paid Search,84.26,Basic,56,US,0,19.98
C004876,2022-01-03,Organic,22.92,Basic,55,Australia,1,29.97
C004877,2022-12-16,Referral,23.98,Basic,39,Germany,1,39.96
C004878,2023-11-25,Social Media,65.0,Basic,65,Canada,0,9.99
C004879,2022-12-29,Email,32.36,Standard,55,France,1,39.98
C004880,2022-05-27,Paid Search,50.03,Standard,40,Australia,1,19.99
C004881,2022-08-11,Paid Search,102.0,Basic,42,Australia,1,9.99
C004882,2023-10-05,Referral,38.62,Standard,22,Canada,1,19.99
C004883,2022-12-06,Referral,31.59,Standard,33,Germany,1,379.81
C004884,2022-01-14,Affiliate,24.73,Basic,40,UK,0,589.65
C004885,2023-11-25,Email,47.97,Basic,23,Australia,1,9.99
C004886,2023-04-08,Referral,37.12,Basic,45,Canada,1,9.99
C004887,2022-03-01,Social Media,38.84,Basic,44,US,1,19.98
C004888,2022-05-09,Organic,25.68,Basic,23,Australia,0,269.81
C004889,2023-10-26,Social Media,53.84,Basic,60,US,1,49.95
C004890,2023-10-02,Organic,13.12,Basic,61,US,1,9.99
C004891,2023-02-05,Referral,45.04,Standard,46,US,1,19.99
C004892,2023-01-31,Affiliate,53.04,Standard,31,Canada,0,19.99
C004893,2022-09-09,Paid Search,60.58,Standard,25,France,1,19.99
C004894,2022-12-31,Email,26.21,Premium,42,Australia,1,119.97
C004895,2023-06-14,Affiliate,31.38,Standard,44,UK,1,459.77
C004896,2023-05-25,Organic,11.66,Standard,56,Canada,1,19.99
C004897,2022-07-17,Organic,10.8,Premium,33,Germany,1,79.98
C004898,2022-12-11,Paid Search,89.89,Standard,62,UK,1,19.99
C004899,2022-09-07,Affiliate,47.89,Basic,34,Germany,1,9.99
C004900,2022-12-19,Email,46.35,Standard,42,Germany,1,19.99
C004901,2023-09-20,Paid Search,58.88,Basic,52,Australia,0,119.88
C004902,2022-09-22,Organic,19.82,Standard,61,Germany,1,19.99
C004903,2023-02-27,Social Media,58.51,Premium,39,UK,0,299.9
C004904,2023-06-21,Paid Search,52.89,Basic,35,Australia,1,39.96
C004905,2022-02-01,Referral,52.15,Basic,45,Germany,1,9.99
C004906,2022-10-27,Paid Search,80.18,Premium,32,Canada,1,119.97
C004907,2022-03-07,Paid Search,84.15,Premium,38,Canada,1,39.99
C004908,2022-08-14,Paid Search,84.23,Standard,61,Germany,1,19.99
C004909,2022-11-18,Referral,44.54,Premium,34,France,1,599.85
C004910,2023-03-28,Email,31.74,Basic,28,Canada,0,189.83
C004911,2023-08-15,Social Media,65.41,Standard,19,Canada,1,99.95
C004912,2023-02-21,Affiliate,25.52,Basic,44,France,0,19.98
C004913,2022-05-13,Email,36.75,Basic,39,US,1,79.92
C004914,2022-05-27,Affiliate,22.17,Basic,26,Germany,1,89.95
C004915,2023-03-04,Affiliate,39.69,Standard,32,Australia,1,359.82
C004916,2022-11-24,Affiliate,20.87,Basic,31,Canada,1,9.99
C004917,2022-10-03,Paid Search,55.11,Standard,37,Germany,1,99.95
C004918,2023-11-04,Social Media,75.05,Basic,30,Canada,0,419.72
C004919,2023-05-21,Referral,42.0,Premium,62,Australia,1,119.97
C004920,2022-01-07,Social Media,75.54,Premium,64,France,1,119.97
C004921,2023-04-20,Paid Search,76.15,Premium,36,Australia,0,759.81
C004922,2023-11-03,Organic,19.18,Basic,59,France,1,9.99
C004923,2023-06-27,Paid Search,56.55,Basic,61,UK,1,19.98
C004924,2022-09-06,Paid Search,81.13,Standard,27,Australia,0,419.79
C004925,2022-02-27,Email,47.95,Basic,22,Australia,1,19.98
C004926,2023-02-09,Referral,36.01,Standard,18,Germany,1,239.88
C004927,2022-07-21,Referral,45.21,Standard,51,Germany,1,339.83
C004928,2022-07-25,Organic,12.26,Premium,27,US,0,759.81
C004929,2022-02-20,Affiliate,47.04,Basic,35,UK,1,19.98
C004930,2023-02-02,Social Media,68.66,Premium,31,UK,0,119.97
C004931,2022-08-06,Referral,53.96,Standard,42,US,0,39.98
C004932,2023-06-06,Paid Search,115.7,Standard,56,Germany,1,59.97
C004933,2023-05-26,Affiliate,49.6,Basic,31,Germany,1,49.95
C004934,2022-01-09,Social Media,62.01,Basic,36,Germany,1,69.93
C004935,2023-09-06,Paid Search,51.68,Premium,44,Canada,1,159.96
C004936,2023-08-05,Affiliate,53.36,Basic,30,UK,1,79.92
C004937,2022-09-25,Email,34.78,Premium,54,UK,1,39.99
C004938,2023-01-19,Organic,26.5,Premium,18,US,1,39.99
C004939,2022-04-21,Social Media,44.59,Basic,40,France,0,329.83
C004940,2023-10-20,Organic,20.82,Basic,51,Australia,1,29.98
C004941,2023-06-06,Email,45.56,Standard,20,Canada,1,39.98
C004942,2022-09-19,Affiliate,22.73,Basic,35,UK,0,129.87
C004943,2022-03-07,Social Media,50.28,Premium,39,US,1,79.98
C004944,2022-08-07,Social Media,39.55,Standard,24,Canada,1,259.87
C004945,2023-06-12,Affiliate,28.69,Basic,38,Canada,1,69.93
C004946,2023-06-02,Organic,13.94,Standard,18,US,0,499.75
C004947,2023-02-17,Email,57.26,Basic,46,US,1,29.97
C004948,2023-05-14,Referral,41.96,Basic,56,US,0,9.99
C004949,2022-06-08,Referral,51.61,Standard,43,France,0,239.88
C004950,2023-06-24,Affiliate,42.35,Standard,48,Australia,1,79.96
C004951,2022-04-16,Referral,23.74,Basic,42,Germany,0,669.66
C004952,2023-06-14,Referral,24.51,Standard,48,Germany,1,19.99
C004953,2023-03-26,Social Media,58.96,Standard,30,Australia,1,39.98
C004954,2022-07-23,Paid Search,78.97,Basic,20,Australia,1,29.97
C004955,2022-11-25,Organic,16.66,Premium,31,Canada,1,159.96
C004956,2022-07-14,Social Media,47.83,Standard,55,Canada,0,39.98
C004957,2023-03-09,Social Media,51.99,Basic,41,UK,1,19.98
C004958,2023-01-09,Paid Search,119.12,Standard,55,France,0,539.73
C004959,2022-06-17,Social Media,37.96,Basic,27,US,1,19.98
C004960,2023-04-25,Affiliate,39.28,Standard,22,Australia,0,239.88
C004961,2022-12-05,Email,52.58,Premium,45,France,1,39.99
C004962,2023-05-12,Email,54.76,Basic,30,US,0,9.99
C004963,2022-06-05,Email,33.64,Basic,47,UK,1,29.97
C004964,2023-05-06,Referral,37.2,Standard,59,UK,1,119.94
C004965,2022-09-19,Social Media,33.48,Basic,65,Australia,0,9.99
C004966,2022-03-04,Paid Search,72.4,Premium,41,Canada,0,79.98
C004967,2023-03-13,Organic,29.37,Basic,52,Germany,1,79.92
C004968,2022-07-15,Organic,20.7,Standard,48,UK,1,19.99
C004969,2022-01-09,Affiliate,38.27,Standard,53,Australia,0,479.76
C004970,2022-06-20,Referral,51.73,Basic,65,US,0,139.86
C004971,2022-05-04,Email,31.7,Basic,62,Australia,0,269.73
C004972,2023-05-08,Affiliate,40.16,Basic,18,France,1,19.98
C004973,2022-03-04,Organic,18.85,Basic,22,US,1,19.98
C004974,2022-05-25,Affiliate,54.3,Basic,36,Australia,0,289.77
C004975,2022-10-25,Referral,28.66,Standard,21,Canada,1,499.75
C004976,2023-11-06,Referral,53.95,Standard,46,Germany,1,79.96
C004977,2022-04-07,Email,53.37,Standard,45,US,1,619.69
C004978,2023-11-26,Email,43.3,Basic,42,Canada,1,239.85
C004979,2023-09-17,Referral,33.99,Basic,47,Germany,1,209.79
C004980,2022-10-31,Organic,22.15,Standard,42,France,1,19.99
C004981,2022-08-29,Paid Search,70.13,Basic,19,France,1,179.82
C004982,2023-01-11,Paid Search,61.3,Standard,36,UK,1,39.98
C004983,2023-11-22,Referral,47.29,Basic,47,France,1,69.93
C004984,2022-07-25,Affiliate,27.29,Standard,55,US,1,59.97
C004985,2022-09-22,Paid Search,118.89,Standard,47,US,1,319.84
C004986,2023-01-06,Affiliate,31.38,Standard,44,US,1,219.89
C004987,2022-04-27,Social Media,54.64,Standard,25,US,1,259.87
C004988,2022-12-03,Organic,24.9,Basic,22,Germany,1,179.88
C004989,2022-06-05,Referral,20.36,Standard,26,Germany,1,159.92
C004990,2022-12-24,Email,42.87,Basic,34,Germany,1,19.98
C004991,2022-12-11,Email,38.23,Standard,31,UK,0,19.99
C004992,2022-11-23,Social Media,55.38,Standard,40,Germany,1,59.97
C004993,2022-04-02,Email,27.48,Basic,43,Germany,1,489.75
C004994,2023-08-07,Organic,26.36,Basic,63,France,1,79.92
C004995,2023-02-28,Affiliate,35.49,Basic,33,UK,1,19.98
C004996,2022-01-24,Paid Search,56.41,Premium,49,Australia,1,79.98
C004997,2022-05-23,Affiliate,36.31,Basic,51,UK,0,189.84
C004998,2022-11-14,Referral,41.55,Basic,55,UK,1,249.75
C004999,2023-05-26,Affiliate,25.14,Basic,20,Australia,1,299.7
C005000,2023-11-23,Affiliate,25.65,Standard,60,US,1,99.95
C005001,2022-03-30,Social Media,63.33,Basic,19,Canada,1,39.96
C005002,2022-03-30,Email,20.96,Standard,35,UK,1,39.98
C005003,2022-05-27,Referral,55.1,Basic,59,UK,1,29.97
C005004,2022-02-28,Affiliate,47.84,Basic,33,Canada,1,9.99
C005005,2023-03-07,Affiliate,56.38,Basic,63,UK,1,129.9
C005006,2022-01-14,Organic,28.14,Basic,20,France,1,39.96
C005007,2022-02-23,Email,52.83,Standard,22,France,0,39.98
C005008,2023-03-31,Email,24.56,Basic,37,France,0,49.95
C005009,2022-02-15,Paid Search,86.87,Premium,32,Canada,1,119.97
C005010,2022-10-13,Organic,16.7,Premium,56,UK,1,39.99
C005011,2023-10-02,Affiliate,22.02,Standard,21,Canada,1,39.98
C005012,2022-08-14,Affiliate,37.74,Basic,33,Germany,1,9.99
C005013,2023-02-08,Paid Search,87.37,Standard,50,US,1,39.98
C005014,2022-05-24,Paid Search,97.21,Basic,22,Canada,1,19.98
C005015,2023-08-09,Social Media,68.99,Premium,34,Germany,1,559.86
C005016,2022-01-04,Social Media,75.57,Basic,23,US,1,29.97
C005017,2022-12-24,Affiliate,41.94,Basic,65,UK,1,49.95
C005018,2022-01-09,Email,37.31,Premium,56,Germany,1,119.97
C005019,2023-09-26,Email,31.61,Basic,53,France,1,29.97
C005020,2022-05-08,Affiliate,32.34,Standard,56,UK,1,119.94
C005021,2023-05-01,Referral,49.34,Basic,19,Australia,1,19.98
C005022,2022-04-17,Referral,52.49,Basic,62,US,1,29.97
C005023,2023-06-06,Referral,39.15,Premium,26,Australia,1,399.9
C005024,2023-06-28,Email,52.42,Basic,33,Germany,0,239.76
C005025,2023-07-12,Email,56.24,Standard,19,US,1,99.95
C005026,2023-11-02,Referral,55.16,Standard,28,Germany,1,239.88
C005027,2023-02-16,Paid Search,91.45,Basic,45,Germany,1,69.93
C005028,2023-03-31,Email,53.23,Standard,54,Australia,1,79.96
C005029,2022-07-19,Referral,45.74,Basic,43,Canada,1,9.99
C005030,2022-06-23,Paid Search,88.52,Standard,61,Australia,1,19.99
C005031,2023-07-05,Email,20.03,Basic,55,UK,1,49.95
C005032,2022-11-22,Email,41.42,Basic,39,France,0,9.99
C005033,2023-05-04,Referral,38.59,Basic,56,Germany,0,9.99
C005034,2023-01-25,Social Media,31.25,Standard,53,Canada,1,59.97
C005035,2023-06-29,Organic,16.34,Premium,63,Canada,1,119.97
C005036,2022-05-08,Referral,24.37,Premium,42,Canada,1,39.99
C005037,2023-05-10,Email,43.31,Standard,26,France,1,59.97
C005038,2022-12-27,Referral,34.04,Basic,52,Germany,1,9.99
C005039,2022-03-24,Affiliate,24.57,Premium,51,Germany,1,79.98
C005040,2022-02-10,Organic,27.46,Basic,20,US,1,9.99
C005041,2023-09-10,Paid Search,68.33,Standard,58,UK,0,239.88
C005042,2023-06-20,Referral,42.45,Premium,40,Australia,0,239.94
C005043,2023-04-20,Organic,22.53,Standard,27,France,1,99.95
C005044,2022-07-20,Organic,12.47,Standard,27,Canada,1,39.98
C005045,2023-10-11,Organic,11.28,Standard,58,US,0,519.74
C005046,2023-05-21,Social Media,38.55,Standard,19,Germany,1,319.84
C005047,2023-11-09,Affiliate,44.03,Basic,29,UK,1,9.99
C005048,2022-08-21,Paid Search,78.57,Basic,25,Australia,1,9.99
C005049,2023-07-29,Organic,17.69,Premium,18,Germany,1,39.99
C005050,2023-10-17,Paid Search,51.39,Basic,34,UK,0,129.87
C005051,2023-01-30,Affiliate,48.42,Basic,62,France,1,19.98
C005052,2023-04-08,Social Media,41.96,Premium,65,Australia,1,239.94
C005053,2022-10-23,Organic,23.95,Basic,62,US,1,49.95
C005054,2023-10-20,Social Media,45.25,Premium,56,Canada,1,559.86
C005055,2023-02-22,Affiliate,51.08,Basic,21,Australia,1,109.89
C005056,2023-01-25,Email,56.13,Standard,41,Australia,0,339.83
C005057,2022-11-08,Social Media,76.99,Basic,39,Australia,1,19.98
C005058,2022-03-09,Social Media,49.04,Basic,53,France,0,129.87
C005059,2023-11-10,Referral,34.16,Premium,30,Australia,1,79.98
C005060,2022-10-02,Email,27.93,Basic,65,UK,1,69.93
C005061,2023-11-09,Social Media,62.75,Premium,58,UK,1,519.87
C005062,2023-03-03,Referral,28.63,Premium,37,France,1,39.99
C005063,2022-11-17,Paid Search,60.8,Premium,47,Germany,1,119.97
C005064,2023-01-09,Email,38.84,Premium,56,Canada,0,799.8
C005065,2022-09-07,Paid Search,104.12,Standard,57,France,1,339.83
C005066,2022-08-12,Affiliate,53.16,Basic,33,Australia,1,9.99
C005067,2023-03-17,Email,47.62,Premium,20,Canada,1,159.96
C005068,2022-01-25,Affiliate,51.62,Basic,21,Canada,0,189.88
C005069,2022-02-02,Email,26.99,Basic,47,UK,0,439.7
C005070,2022-01-09,Organic,19.16,Basic,56,UK,0,9.99
C005071,2023-08-04,Organic,23.94,Basic,65,Germany,1,39.96
C005072,2022-05-26,Email,32.59,Standard,40,Australia,1,119.94
C005073,2023-10-06,Affiliate,20.19,Standard,19,US,1,39.98
C005074,2023-03-08,Paid Search,73.46,Premium,25,Canada,0,39.99
C005075,2022-02-09,Affiliate,25.31,Standard,18,Canada,1,79.96
C005076,2022-12-18,Organic,23.16,Premium,24,Canada,1,39.99
C005077,2022-08-03,Social Media,41.35,Basic,47,France,1,49.95
C005078,2022-09-29,Affiliate,47.47,Standard,32,Germany,1,399.8
C005079,2023-09-28,Social Media,39.4,Standard,64,US,1,359.82
C005080,2022-04-25,Paid Search,66.73,Basic,19,Canada,1,69.93
C005081,2022-06-20,Referral,34.32,Premium,34,UK,1,199.95
C005082,2023-07-19,Referral,53.62,Basic,29,Australia,1,59.94
C005083,2022-12-19,Organic,23.84,Standard,49,UK,1,19.99
C005084,2023-06-26,Paid Search,88.78,Standard,40,Canada,1,239.88
C005085,2022-12-17,Organic,15.19,Standard,20,France,1,279.86
C005086,2023-10-03,Organic,21.69,Basic,23,Germany,1,179.89
C005087,2023-11-13,Social Media,47.2,Basic,61,UK,1,9.99
C005088,2023-04-10,Affiliate,21.25,Standard,26,Germany,0,659.67
C005089,2022-07-10,Email,53.81,Basic,30,UK,1,9.99
C005090,2023-03-29,Social Media,49.26,Premium,26,US,1,679.83
C005091,2023-11-15,Social Media,71.52,Basic,45,Australia,1,9.99
C005092,2022-06-20,Referral,30.29,Basic,45,US,1,49.95
C005093,2023-06-11,Social Media,56.29,Standard,59,Germany,1,79.96
C005094,2023-02-06,Paid Search,50.99,Standard,21,Germany,1,179.91
C005095,2023-08-08,Paid Search,55.87,Standard,33,US,1,359.82
C005096,2022-08-29,Email,43.91,Premium,45,Australia,1,39.99
C005097,2023-05-21,Organic,16.22,Basic,39,Australia,1,9.99
C005098,2023-09-23,Email,41.59,Premium,26,Australia,1,439.89
C005099,2023-03-05,Referral,29.1,Standard,29,UK,0,499.75
C005100,2022-10-15,Paid Search,107.94,Standard,53,France,1,79.96
C005101,2022-02-09,Social Media,55.1,Premium,23,Australia,1,119.97
C005102,2022-10-26,Affiliate,26.09,Basic,56,UK,1,39.96
C005103,2023-02-15,Social Media,48.31,Premium,27,France,1,239.94
C005104,2022-06-29,Affiliate,29.5,Basic,26,Germany,1,19.98
C005105,2023-01-06,Social Media,52.08,Basic,56,France,1,29.97
C005106,2022-03-07,Organic,24.37,Basic,19,Australia,1,9.99
C005107,2022-10-20,Affiliate,30.35,Premium,51,Australia,1,319.92
C005108,2022-07-27,Affiliate,31.97,Basic,57,Canada,1,9.99
C005109,2022-08-19,Organic,27.73,Standard,28,Australia,0,379.81
C005110,2023-08-23,Referral,39.35,Standard,24,Canada,1,19.99
C005111,2022-01-17,Referral,25.88,Standard,61,Germany,1,39.98
C005112,2023-09-12,Paid Search,77.29,Standard,39,US,1,39.98
C005113,2023-04-08,Paid Search,110.01,Standard,45,UK,0,439.78
C005114,2023-09-22,Organic,24.87,Standard,49,UK,0,19.99
C005115,2023-09-26,Paid Search,60.97,Standard,33,Germany,1,19.99
C005116,2023-08-04,Organic,25.74,Basic,61,Germany,0,9.99
C005117,2023-03-22,Referral,24.56,Basic,26,France,1,109.89
C005118,2023-06-11,Affiliate,38.05,Basic,59,Canada,1,9.99
C005119,2022-12-21,Email,49.62,Standard,23,Canada,1,19.99
C005120,2022-07-21,Organic,15.09,Basic,18,UK,0,9.99
C005121,2022-01-07,Paid Search,104.33,Basic,51,UK,1,239.76
C005122,2023-07-28,Referral,42.2,Basic,31,Australia,0,189.88
C005123,2022-11-14,Affiliate,33.85,Basic,56,Canada,1,109.94
C005124,2023-05-31,Referral,38.1,Basic,33,Australia,0,9.99
C005125,2022-02-18,Social Media,30.43,Standard,31,Canada,1,59.97
C005126,2023-02-22,Affiliate,47.59,Standard,37,Australia,0,539.73
C005127,2022-03-12,Email,48.44,Basic,45,France,1,139.86
C005128,2023-06-02,Organic,10.89,Premium,53,Australia,1,159.96
C005129,2022-05-16,Referral,26.9,Basic,38,US,0,239.76
C005130,2022-09-07,Paid Search,69.66,Basic,52,Canada,1,29.97
C005131,2022-06-13,Paid Search,50.2,Basic,60,France,0,9.99
C005132,2022-06-23,Social Media,69.8,Basic,53,Australia,1,29.97
C005133,2022-07-21,Affiliate,49.25,Premium,61,Germany,1,359.91
C005134,2023-06-20,Organic,24.47,Standard,32,Germany,1,99.95
C005135,2022-01-10,Paid Search,87.62,Standard,61,US,1,39.98
C005136,2023-10-27,Affiliate,39.16,Basic,42,France,0,29.97
C005137,2022-01-13,Referral,49.96,Standard,37,Australia,0,539.73
C005138,2023-05-13,Referral,39.29,Basic,19,Canada,1,69.93
C005139,2022-05-13,Organic,15.14,Standard,21,Germany,1,419.79
C005140,2022-01-10,Referral,24.57,Basic,53,Canada,1,9.99
C005141,2022-01-29,Affiliate,46.85,Standard,38,US,1,159.92
C005142,2022-07-04,Paid Search,82.11,Standard,23,US,0,39.98
C005143,2023-08-22,Organic,22.44,Standard,37,Canada,1,219.89
C005144,2022-09-23,Social Media,51.02,Basic,57,Germany,1,39.96
C005145,2022-12-19,Social Media,49.47,Basic,29,Germany,0,289.71
C005146,2023-03-15,Referral,23.13,Basic,64,Australia,1,59.94
C005147,2022-04-30,Affiliate,50.21,Standard,44,UK,1,379.81
C005148,2023-03-12,Paid Search,90.93,Basic,26,Australia,1,19.98
C005149,2023-02-16,Referral,56.95,Basic,32,US,1,19.98
C005150,2023-01-17,Social Media,54.72,Basic,30,France,0,59.94
C005151,2023-06-22,Referral,49.9,Standard,20,UK,1,19.99
C005152,2022-05-24,Paid Search,98.12,Premium,36,Australia,1,79.98
C005153,2023-01-25,Organic,16.04,Standard,42,UK,1,79.96
C005154,2023-05-22,Referral,28.19,Basic,36,Australia,0,19.98
C005155,2022-04-24,Organic,26.11,Basic,24,Australia,0,39.96
C005156,2022-11-02,Paid Search,93.83,Basic,29,Canada,0,379.74
C005157,2023-06-08,Paid Search,57.89,Basic,52,Australia,1,319.82
C005158,2023-03-08,Paid Search,112.1,Basic,48,US,1,19.98
C005159,2022-09-14,Referral,32.53,Standard,54,Germany,1,39.98
C005160,2023-08-31,Email,56.1,Premium,31,Germany,1,319.92
C005161,2023-07-19,Email,51.18,Basic,19,Canada,1,109.89
C005162,2023-07-09,Paid Search,84.05,Standard,59,UK,1,99.95
C005163,2023-02-16,Affiliate,29.08,Standard,40,France,0,539.73
C005164,2022-07-05,Affiliate,58.08,Standard,63,France,1,19.99
C005165,2022-04-27,Affiliate,45.75,Basic,21,Germany,1,39.96
C005166,2022-12-04,Email,28.92,Basic,34,US,1,79.92
C005167,2023-01-22,Affiliate,57.47,Basic,24,US,0,179.84
C005168,2023-07-11,Referral,26.81,Standard,35,Germany,1,19.99
C005169,2022-05-08,Email,27.7,Basic,25,Germany,0,9.99
C005170,2023-08-21,Referral,46.08,Standard,48,Canada,1,59.97
C005171,2023-11-25,Referral,41.03,Standard,64,France,0,19.99
C005172,2023-11-03,Social Media,71.63,Basic,36,France,1,9.99
C005173,2023-09-22,Referral,44.97,Basic,28,UK,1,169.83
C005174,2022-04-20,Referral,24.97,Basic,44,Canada,0,169.83
C005175,2023-03-04,Social Media,55.84,Basic,57,France,1,9.99
C005176,2023-11-10,Organic,29.9,Premium,18,Germany,1,79.98
C005177,2022-03-20,Referral,28.45,Standard,63,Canada,0,359.82
C005178,2023-02-21,Paid Search,56.63,Basic,24,UK,1,9.99
C005179,2023-09-03,Referral,59.24,Basic,40,Germany,1,59.94
C005180,2022-07-02,Affiliate,54.67,Basic,44,France,1,19.98
C005181,2022-11-09,Email,36.42,Basic,53,France,0,529.68
C005182,2022-03-14,Organic,21.48,Premium,51,Australia,0,1239.69
C005183,2023-08-28,Affiliate,43.23,Standard,43,France,1,559.72
C005184,2022-06-20,Affiliate,21.89,Standard,59,US,1,159.92
C005185,2023-05-27,Organic,18.52,Basic,30,Australia,1,29.97
C005186,2022-06-25,Organic,17.78,Standard,62,UK,1,119.94
C005187,2023-03-08,Organic,26.05,Basic,48,France,0,9.99
C005188,2023-06-24,Social Media,43.39,Basic,20,Canada,0,559.71
C005189,2023-09-09,Organic,14.85,Standard,56,Canada,0,239.88
C005190,2022-10-30,Social Media,55.79,Basic,32,Canada,0,629.68
C005191,2023-03-08,Paid Search,97.61,Premium,53,US,0,239.94
C005192,2022-06-06,Referral,54.02,Premium,31,France,0,39.99
C005193,2023-10-10,Paid Search,60.18,Basic,39,US,0,189.81
C005194,2023-03-25,Social Media,33.49,Standard,65,UK,0,199.9
C005195,2022-11-27,Email,55.22,Basic,65,Canada,1,99.9
C005196,2023-05-21,Referral,55.92,Premium,24,Australia,0,999.72
C005197,2022-07-06,Affiliate,27.51,Standard,25,Australia,1,19.99
C005198,2023-07-10,Referral,29.33,Standard,40,Canada,0,119.94
C005199,2022-04-11,Paid Search,100.63,Standard,38,UK,1,319.84
C005200,2022-04-07,Social Media,49.48,Standard,56,UK,0,39.98
C005201,2022-01-09,Referral,43.91,Standard,65,Canada,1,59.97
C005202,2023-09-29,Organic,23.01,Basic,60,Canada,1,9.99
C005203,2023-01-07,Email,41.54,Basic,35,Australia,1,9.99
C005204,2022-02-02,Email,59.41,Standard,29,Australia,1,39.98
C005205,2022-04-21,Referral,39.34,Standard,30,Canada,1,39.98
C005206,2023-10-29,Organic,18.37,Standard,22,UK,1,19.99
C005207,2022-08-09,Email,38.82,Premium,46,US,0,519.87
C005208,2023-05-05,Affiliate,25.44,Basic,32,Australia,0,299.7
C005209,2022-10-28,Organic,24.13,Basic,26,Australia,0,509.72
C005210,2022-06-25,Affiliate,26.83,Premium,35,US,1,39.99
C005211,2023-09-24,Email,55.18,Standard,32,US,1,399.8
C005212,2023-02-26,Affiliate,56.49,Basic,33,Germany,1,79.92
C005213,2022-11-17,Social Media,75.09,Basic,52,US,1,109.89
C005214,2023-10-27,Social Media,44.51,Basic,53,Canada,1,169.9
C005215,2022-06-09,Affiliate,59.41,Basic,62,Canada,0,49.95
C005216,2022-09-08,Social Media,30.37,Standard,46,Germany,0,39.98
C005217,2022-12-26,Affiliate,55.78,Basic,60,Australia,1,9.99
C005218,2023-06-12,Referral,46.29,Premium,44,Canada,1,79.98
C005219,2022-01-09,Email,52.11,Basic,37,Germany,1,39.96
C005220,2022-12-26,Paid Search,93.47,Standard,22,UK,1,39.98
C005221,2023-04-24,Organic,16.4,Standard,26,Canada,1,199.9
C005222,2022-11-29,Organic,23.69,Standard,50,UK,1,19.99
C005223,2023-01-30,Organic,23.35,Standard,22,US,1,79.96
C005224,2023-10-21,Paid Search,72.28,Basic,35,UK,1,49.95
C005225,2023-08-15,Email,59.6,Basic,29,UK,1,289.85
C005226,2023-05-07,Referral,48.44,Basic,60,Germany,1,199.89
C005227,2023-09-07,Paid Search,104.28,Standard,32,UK,0,259.87
C005228,2023-07-05,Referral,23.73,Basic,22,Australia,0,309.69
C005229,2023-07-09,Paid Search,92.62,Basic,57,UK,0,9.99
C005230,2022-11-09,Paid Search,69.63,Standard,27,Canada,1,99.95
C005231,2022-01-03,Referral,36.99,Basic,65,UK,1,99.9
C005232,2022-10-04,Referral,27.65,Standard,61,France,0,59.97
C005233,2023-07-06,Email,29.2,Basic,31,Germany,1,9.99
C005234,2023-01-15,Organic,28.78,Standard,42,Germany,1,159.92
C005235,2023-09-19,Social Media,66.58,Standard,41,Canada,1,259.87
C005236,2022-06-29,Social Media,42.45,Standard,42,France,0,619.69
C005237,2022-05-17,Email,33.19,Basic,35,UK,1,99.9
C005238,2022-12-15,Organic,21.55,Basic,53,Australia,1,259.75
C005239,2023-06-20,Email,59.55,Standard,48,Australia,1,139.93
C005240,2022-01-09,Paid Search,89.85,Standard,56,Germany,1,119.94
C005241,2022-10-18,Social Media,40.48,Standard,48,Germany,1,39.98
C005242,2022-12-03,Organic,15.17,Basic,53,France,1,49.95
C005243,2022-07-26,Organic,10.75,Standard,55,Canada,1,39.98
C005244,2022-10-08,Paid Search,88.53,Premium,31,Canada,1,519.85
C005245,2022-10-19,Affiliate,49.19,Standard,60,Germany,1,39.98
C005246,2023-06-13,Referral,37.19,Standard,57,France,0,19.99
C005247,2022-09-22,Referral,20.66,Standard,47,Australia,1,39.98
C005248,2023-10-20,Organic,27.44,Premium,45,France,1,279.93
C005249,2022-02-22,Organic,26.93,Standard,23,US,1,139.93
C005250,2022-01-27,Paid Search,105.89,Basic,63,Germany,1,9.99
C005251,2022-04-16,Social Media,49.61,Standard,44,Germany,1,139.93
C005252,2022-11-30,Organic,23.05,Basic,64,France,1,99.94
C005253,2023-03-09,Organic,23.72,Basic,60,Canada,0,559.69
C005254,2022-09-25,Email,55.47,Standard,31,Canada,0,599.7
C005255,2022-08-01,Social Media,60.53,Standard,45,France,0,359.82
C005256,2023-06-14,Social Media,30.93,Premium,35,Canada,1,39.99
C005257,2022-01-18,Affiliate,33.4,Basic,63,France,1,79.94
C005258,2022-08-23,Referral,33.73,Basic,63,Australia,1,9.99
C005259,2022-09-28,Paid Search,105.68,Basic,48,Australia,1,9.99
C005260,2023-07-04,Email,26.71,Basic,46,US,0,59.94
C005261,2022-11-04,Organic,26.89,Basic,61,UK,0,239.76
C005262,2023-07-06,Social Media,73.56,Premium,45,Australia,1,479.88
C005263,2022-06-26,Referral,54.98,Basic,22,Australia,1,9.99
C005264,2023-02-26,Paid Search,86.21,Basic,33,Australia,1,9.99
C005265,2023-02-21,Email,54.73,Standard,30,Canada,0,19.99
C005266,2023-06-09,Social Media,41.04,Standard,23,US,1,59.97
C005267,2022-03-23,Paid Search,80.75,Standard,56,Canada,1,19.99
C005268,2022-03-28,Email,45.94,Basic,36,Australia,0,469.68
C005269,2023-05-31,Social Media,37.37,Premium,63,Germany,1,99.96
C005270,2023-04-16,Social Media,56.21,Standard,21,UK,1,59.97
C005271,2023-02-01,Social Media,50.75,Basic,30,Australia,1,9.99
C005272,2023-03-09,Paid Search,67.76,Standard,31,Australia,0,699.65
C005273,2023-09-02,Social Media,50.15,Standard,42,Australia,1,19.99
C005274,2022-09-08,Paid Search,57.35,Basic,27,UK,0,9.99
C005275,2022-08-16,Social Media,51.99,Basic,48,Australia,0,219.78
C005276,2022-02-18,Referral,55.31,Standard,46,Canada,0,239.88
C005277,2022-10-14,Social Media,53.05,Premium,29,Australia,0,39.99
C005278,2023-02-28,Paid Search,77.17,Premium,46,France,1,519.87
C005279,2022-11-17,Affiliate,21.65,Standard,53,France,1,199.9
C005280,2023-05-16,Referral,30.6,Basic,41,France,1,59.94
C005281,2022-10-07,Affiliate,31.47,Basic,36,France,1,69.93
C005282,2022-12-09,Paid Search,91.12,Standard,46,Australia,0,239.88
C005283,2023-04-16,Social Media,73.91,Premium,33,Germany,1,159.96
C005284,2023-02-03,Referral,36.8,Basic,19,Canada,0,519.7
C005285,2022-06-03,Organic,29.17,Basic,47,Canada,1,19.98
C005286,2022-03-24,Social Media,59.84,Basic,37,US,0,19.98
C005287,2022-03-19,Social Media,67.72,Standard,59,UK,0,619.69
C005288,2022-03-02,Email,43.53,Standard,59,Australia,1,19.99
C005289,2022-02-17,Email,54.04,Standard,44,Canada,1,79.96
C005290,2023-02-12,Social Media,66.3,Basic,65,Canada,0,289.71
C005291,2022-09-27,Social Media,42.21,Premium,39,Australia,1,399.85
C005292,2023-11-04,Referral,34.62,Basic,29,UK,1,89.91
C005293,2023-11-25,Paid Search,115.9,Basic,20,Australia,0,69.93
C005294,2023-12-01,Affiliate,50.51,Premium,20,Canada,1,199.95
C005295,2023-04-23,Organic,27.11,Standard,23,US,1,239.88
C005296,2022-03-03,Affiliate,29.82,Basic,60,Canada,1,9.99
C005297,2023-03-08,Organic,11.57,Standard,56,France,0,19.99
C005298,2023-08-05,Email,49.42,Standard,23,US,1,79.96
C005299,2023-07-15,Organic,23.66,Basic,31,Australia,1,29.97
C005300,2023-04-04,Social Media,50.09,Basic,64,Canada,0,189.87
C005301,2023-04-27,Referral,37.0,Basic,59,Australia,1,69.96
C005302,2023-02-23,Email,39.47,Basic,64,Germany,1,119.93
C005303,2023-08-21,Referral,36.0,Standard,42,France,1,239.88
C005304,2022-05-31,Affiliate,44.56,Standard,63,UK,1,299.85
C005305,2023-01-13,Referral,33.72,Standard,41,US,1,99.95
C005306,2023-06-24,Affiliate,44.75,Basic,28,Australia,1,19.98
C005307,2022-08-27,Affiliate,29.26,Standard,54,Australia,0,479.76
C005308,2022-07-10,Referral,36.91,Basic,19,Canada,1,29.97
C005309,2022-10-12,Referral,47.22,Standard,45,UK,1,59.97
C005310,2022-06-09,Organic,15.07,Basic,31,US,0,219.85
C005311,2023-06-29,Referral,35.04,Basic,37,Germany,1,149.85
C005312,2022-09-07,Paid Search,88.62,Standard,34,Germany,0,679.66
C005313,2023-05-28,Social Media,38.38,Basic,37,UK,0,339.82
C005314,2022-01-03,Paid Search,72.91,Basic,24,US,1,9.99
C005315,2023-11-20,Paid Search,114.14,Basic,50,Germany,1,9.99
C005316,2023-10-23,Paid Search,108.68,Premium,52,Australia,1,199.95
C005317,2023-11-30,Affiliate,50.19,Basic,37,Germany,1,39.96
C005318,2023-05-06,Social Media,34.78,Basic,31,Canada,0,319.68
C005319,2022-03-20,Email,46.97,Basic,40,France,1,59.94
C005320,2023-01-18,Paid Search,68.73,Premium,44,Canada,1,39.99
C005321,2023-07-02,Organic,16.99,Premium,51,France,1,519.87
C005322,2023-01-09,Affiliate,26.71,Basic,53,France,0,89.94
C005323,2022-12-02,Social Media,73.84,Standard,21,France,1,219.89
C005324,2023-06-20,Social Media,65.29,Standard,22,UK,1,79.96
C005325,2023-07-22,Referral,33.21,Standard,25,Germany,1,299.85
C005326,2023-04-17,Social Media,67.89,Basic,52,UK,1,49.95
C005327,2022-04-10,Email,28.81,Standard,54,US,1,19.99
C005328,2023-07-15,Affiliate,50.62,Standard,30,France,1,139.93
C005329,2022-03-08,Social Media,73.31,Basic,26,Australia,0,259.74
C005330,2023-09-14,Paid Search,71.82,Basic,62,France,1,59.94
C005331,2023-01-14,Email,38.53,Standard,21,France,0,259.87
C005332,2022-04-15,Paid Search,54.43,Basic,48,UK,1,9.99
C005333,2022-10-30,Organic,29.8,Basic,43,US,0,289.81
C005334,2022-07-21,Paid Search,55.87,Premium,40,Canada,0,1159.71
C005335,2022-07-20,Organic,29.05,Basic,20,UK,1,9.99
C005336,2022-03-02,Social Media,44.84,Basic,52,US,0,309.76
C005337,2023-11-19,Affiliate,23.99,Basic,65,Germany,0,229.77
C005338,2023-01-05,Email,41.96,Standard,38,Canada,0,539.73
C005339,2023-04-13,Referral,49.66,Standard,33,Australia,1,19.99
C005340,2022-11-09,Social Media,79.4,Basic,53,Australia,0,19.98
C005341,2022-07-08,Email,43.64,Basic,57,France,0,339.76
C005342,2022-10-01,Social Media,37.64,Basic,61,US,1,39.97
C005343,2023-09-25,Affiliate,52.15,Basic,24,Australia,0,359.71
C005344,2023-01-27,Affiliate,35.22,Standard,19,US,1,99.95
C005345,2023-06-24,Affiliate,25.3,Standard,26,Australia,1,279.86
C005346,2022-05-07,Referral,41.42,Basic,50,UK,0,269.73
C005347,2022-06-05,Affiliate,23.35,Standard,40,Australia,1,119.94
C005348,2023-02-16,Paid Search,95.53,Basic,57,France,1,19.98
C005349,2023-01-26,Paid Search,52.13,Basic,35,Germany,1,29.97
C005350,2023-08-10,Affiliate,23.45,Basic,40,France,1,29.97
C005351,2022-08-24,Paid Search,96.34,Standard,58,Canada,1,239.88
C005352,2023-05-20,Paid Search,103.2,Standard,47,US,1,19.99
C005353,2022-07-26,Paid Search,60.2,Basic,59,Australia,1,9.99
C005354,2023-04-20,Social Media,57.94,Standard,65,UK,1,99.95
C005355,2022-09-18,Paid Search,88.96,Premium,27,France,0,1199.7
C005356,2022-12-25,Organic,15.9,Basic,63,US,1,19.98
C005357,2022-12-06,Affiliate,59.83,Premium,59,US,0,1159.71
C005358,2022-05-31,Affiliate,57.91,Basic,42,US,0,29.97
C005359,2022-10-22,Email,21.15,Standard,29,Canada,0,39.98
C005360,2022-01-14,Referral,51.33,Standard,48,Canada,0,259.87
C005361,2023-04-07,Referral,47.7,Standard,39,US,1,119.94
C005362,2023-08-17,Organic,15.14,Basic,50,Australia,0,289.71
C005363,2023-08-22,Email,33.22,Basic,62,Canada,0,9.99
C005364,2022-07-29,Organic,11.88,Basic,58,Canada,1,59.94
C005365,2023-03-18,Paid Search,65.44,Standard,51,France,1,59.97
C005366,2023-06-07,Referral,49.12,Basic,45,Australia,0,249.75
C005367,2023-09-21,Email,53.18,Basic,42,Australia,1,49.95
C005368,2022-02-23,Referral,45.89,Premium,26,France,0,279.93
C005369,2022-01-24,Organic,29.85,Standard,30,France,1,119.94
C005370,2023-01-27,Organic,28.44,Basic,55,Canada,1,9.99
C005371,2023-11-13,Referral,56.1,Basic,54,France,1,259.82
C005372,2022-01-16,Paid Search,85.63,Basic,25,Australia,1,9.99
C005373,2022-09-20,Email,43.47,Premium,38,Australia,0,759.81
C005374,2022-09-09,Email,26.74,Standard,36,Canada,1,359.82
C005375,2022-03-17,Email,48.45,Basic,47,France,1,29.98
C005376,2022-02-18,Social Media,41.67,Basic,53,UK,1,89.91
C005377,2023-08-26,Social Media,74.14,Premium,44,Germany,1,79.98
C005378,2022-08-09,Affiliate,22.25,Standard,64,UK,0,599.7
C005379,2022-05-10,Affiliate,49.21,Basic,53,Canada,1,9.99
C005380,2023-06-07,Email,36.16,Standard,65,Germany,1,59.97
C005381,2022-12-06,Referral,47.55,Basic,28,Canada,1,59.95
C005382,2023-11-11,Affiliate,41.39,Basic,28,France,0,39.97
C005383,2022-06-18,Affiliate,41.46,Basic,25,France,1,299.72
C005384,2022-08-12,Paid Search,67.18,Basic,45,France,1,19.98
C005385,2023-06-11,Social Media,51.35,Standard,61,Germany,1,59.97
C005386,2023-05-12,Referral,45.57,Standard,57,Germany,1,59.97
C005387,2022-10-13,Social Media,70.09,Basic,35,Australia,1,49.95
C005388,2022-10-15,Email,33.02,Standard,39,UK,0,619.69
C005389,2022-03-23,Paid Search,75.02,Basic,48,Canada,0,19.98
C005390,2022-12-19,Affiliate,51.49,Basic,58,UK,1,19.98
C005391,2023-05-31,Affiliate,44.91,Basic,63,Germany,1,29.97
C005392,2022-10-11,Organic,29.34,Basic,58,Canada,1,29.97
C005393,2023-06-24,Referral,47.36,Premium,28,Germany,1,679.83
C005394,2023-03-31,Social Media,68.03,Standard,59,US,0,79.96
C005395,2023-09-24,Email,39.72,Basic,32,Canada,1,9.99
C005396,2023-09-20,Referral,34.22,Basic,40,Australia,0,79.92
C005397,2023-03-23,Social Media,74.34,Standard,46,France,1,139.93
C005398,2023-09-06,Referral,29.5,Standard,21,France,0,19.99
C005399,2022-07-31,Social Media,66.82,Standard,21,US,1,179.91
C005400,2023-02-10,Paid Search,108.6,Basic,65,Canada,1,89.91
C005401,2023-08-13,Referral,46.09,Basic,35,UK,0,19.98
C005402,2022-05-10,Email,31.23,Standard,65,UK,0,119.94
C005403,2022-11-09,Affiliate,44.01,Basic,44,France,1,19.98
C005404,2022-02-19,Email,45.14,Standard,45,Australia,0,259.87
C005405,2022-02-20,Organic,26.09,Premium,20,Canada,1,399.9
C005406,2022-01-09,Paid Search,63.76,Basic,18,US,1,9.99
C005407,2022-12-08,Paid Search,80.7,Basic,51,Germany,1,9.99
C005408,2023-02-14,Affiliate,39.44,Premium,38,Canada,1,79.98
C005409,2022-10-07,Referral,55.23,Basic,55,UK,1,29.97
C005410,2023-02-07,Organic,22.3,Basic,35,Australia,0,369.76
C005411,2023-02-17,Affiliate,48.02,Basic,21,Australia,1,39.96
C005412,2022-12-07,Affiliate,28.25,Premium,37,France,1,79.98
C005413,2023-08-11,Organic,12.14,Standard,63,France,1,319.84
C005414,2022-12-24,Referral,37.78,Standard,61,UK,1,19.99
C005415,2023-05-29,Social Media,66.89,Basic,23,Canada,1,9.99
C005416,2022-11-25,Affiliate,55.44,Standard,60,UK,1,39.98
C005417,2023-07-25,Paid Search,110.26,Standard,47,Canada,1,159.92
C005418,2022-11-24,Email,25.55,Premium,42,UK,1,39.99
C005419,2023-03-03,Social Media,40.88,Standard,43,Germany,1,59.97
C005420,2023-10-19,Email,30.68,Standard,18,Germany,1,319.84
C005421,2023-07-29,Email,51.07,Basic,48,Canada,1,9.99
C005422,2022-03-26,Affiliate,51.25,Standard,54,US,1,459.77
C005423,2023-09-14,Email,22.59,Basic,41,US,1,59.96
C005424,2022-06-06,Email,47.1,Basic,24,Canada,0,9.99
C005425,2023-09-11,Paid Search,73.73,Standard,45,Canada,1,19.99
C005426,2023-09-27,Email,27.11,Standard,33,France,0,139.93
C005427,2023-10-22,Social Media,63.15,Basic,46,Germany,1,49.95
C005428,2023-03-21,Social Media,48.96,Basic,20,Germany,0,299.84
C005429,2022-01-20,Social Media,46.31,Standard,34,Australia,1,199.9
C005430,2022-08-04,Affiliate,53.41,Basic,45,France,1,49.95
C005431,2023-04-28,Affiliate,39.71,Basic,44,France,0,159.84
C005432,2022-06-28,Paid Search,100.81,Standard,35,France,1,299.85
C005433,2022-02-25,Referral,36.2,Premium,33,Canada,1,79.98
C005434,2022-04-26,Social Media,40.53,Standard,47,US,0,19.99
C005435,2022-02-22,Affiliate,21.91,Basic,39,Australia,1,39.96
C005436,2022-09-16,Referral,38.19,Basic,36,France,0,19.98
C005437,2022-09-27,Paid Search,96.42,Standard,60,Canada,0,459.77
C005438,2023-07-04,Referral,25.34,Basic,41,Germany,1,9.99
C005439,2023-05-28,Social Media,50.06,Basic,39,Canada,0,9.99
C005440,2023-10-26,Affiliate,45.36,Basic,43,France,1,19.98
C005441,2022-12-03,Affiliate,34.96,Basic,60,Canada,0,19.98
C005442,2022-06-05,Paid Search,110.25,Standard,41,Canada,0,239.88
C005443,2023-07-20,Organic,26.68,Standard,55,Canada,0,79.96
C005444,2023-05-13,Affiliate,43.91,Standard,41,France,1,359.82
C005445,2022-04-11,Affiliate,36.35,Basic,51,Canada,1,9.99
C005446,2023-10-06,Affiliate,24.7,Basic,28,UK,1,0.0
C005447,2022-08-07,Affiliate,49.44,Standard,58,Canada,0,499.75
C005448,2023-03-31,Organic,16.01,Basic,34,Germany,0,79.92
C005449,2023-08-31,Referral,45.34,Basic,64,Germany,1,19.98
C005450,2023-11-17,Email,39.57,Standard,62,UK,0,179.91
C005451,2022-10-25,Organic,21.12,Standard,54,Canada,0,539.73
C005452,2022-02-12,Email,48.51,Basic,36,Canada,0,9.99
C005453,2023-02-17,Organic,12.45,Basic,56,Germany,1,9.99
C005454,2022-04-14,Organic,11.56,Basic,61,US,1,19.98
C005455,2023-11-06,Organic,25.16,Basic,20,Germany,1,9.99
C005456,2023-04-17,Email,51.62,Basic,20,Germany,1,399.76
C005457,2023-07-11,Referral,48.03,Basic,51,Canada,1,139.89
C005458,2022-11-18,Affiliate,23.91,Premium,27,US,0,979.72
C005459,2023-01-09,Email,52.42,Basic,53,France,1,39.96
C005460,2023-03-11,Referral,36.07,Basic,30,Germany,1,279.83
C005461,2023-05-14,Paid Search,75.76,Standard,40,Australia,1,79.96
C005462,2023-06-24,Email,36.3,Basic,47,UK,1,69.93
C005463,2022-05-17,Email,41.53,Basic,23,UK,1,149.92
C005464,2022-08-25,Social Media,71.01,Standard,57,US,1,139.93
C005465,2022-03-18,Social Media,39.48,Standard,37,UK,1,19.99
C005466,2023-05-20,Affiliate,32.39,Standard,45,Germany,1,19.99
C005467,2023-11-20,Paid Search,71.96,Standard,64,France,0,239.88
C005468,2023-02-28,Referral,50.75,Premium,62,Canada,1,319.92
C005469,2023-06-17,Organic,13.92,Standard,60,US,0,379.81
C005470,2023-11-12,Organic,28.28,Standard,32,Canada,1,39.98
C005471,2023-10-06,Referral,53.74,Standard,27,Germany,1,119.94
C005472,2022-01-26,Email,26.96,Standard,29,Australia,1,19.99
C005473,2023-03-02,Paid Search,112.78,Basic,55,Canada,1,9.99
C005474,2022-03-11,Paid Search,112.04,Premium,51,Germany,0,279.93
C005475,2023-03-16,Email,24.15,Standard,61,UK,1,339.83
C005476,2022-07-20,Paid Search,55.29,Standard,28,Canada,1,39.98
C005477,2022-06-12,Referral,23.3,Basic,49,Australia,1,59.94
C005478,2023-07-14,Email,52.24,Basic,39,France,0,139.86
C005479,2022-11-10,Referral,59.07,Standard,46,Canada,1,19.99
C005480,2023-10-07,Affiliate,30.91,Premium,62,UK,0,1359.66
C005481,2022-07-05,Social Media,64.32,Basic,36,US,0,489.74
C005482,2022-04-23,Email,23.9,Standard,52,Australia,1,99.95
C005483,2022-12-17,Organic,14.28,Premium,30,France,1,39.99
C005484,2022-01-19,Affiliate,33.53,Basic,53,Australia,1,19.98
C005485,2023-10-21,Email,24.01,Standard,46,Australia,0,239.88
C005486,2023-03-16,Email,32.04,Basic,35,Germany,1,39.96
C005487,2022-03-24,Social Media,49.1,Basic,19,US,1,9.99
C005488,2022-09-25,Affiliate,40.89,Basic,38,Canada,0,19.98
C005489,2022-03-03,Organic,12.23,Basic,52,UK,1,0.0
C005490,2023-02-03,Organic,13.91,Standard,43,Canada,0,579.71
C005491,2023-04-25,Referral,21.85,Standard,44,Australia,1,139.93
C005492,2023-11-12,Referral,37.42,Premium,33,Germany,1,1039.74
C005493,2023-01-22,Paid Search,101.83,Basic,48,Germany,0,59.94
C005494,2023-11-01,Referral,47.56,Basic,44,UK,1,209.86
C005495,2022-04-07,Referral,25.89,Basic,51,France,1,49.95
C005496,2023-02-09,Email,21.97,Basic,50,Germany,0,139.86
C005497,2023-08-12,Paid Search,53.13,Premium,60,UK,0,619.76
C005498,2023-02-01,Social Media,62.72,Standard,34,France,1,39.98
C005499,2023-03-16,Referral,31.94,Standard,23,Germany,0,499.75
C005500,2022-02-07,Social Media,65.9,Standard,32,France,1,39.98
C005501,2023-11-30,Organic,17.74,Premium,54,US,1,39.99
C005502,2023-08-02,Affiliate,48.39,Basic,18,UK,0,339.66
C005503,2022-11-02,Paid Search,73.54,Standard,25,Australia,1,139.93
C005504,2023-09-03,Referral,47.31,Basic,22,Australia,0,529.65
C005505,2023-01-18,Email,42.95,Basic,52,UK,1,59.94
C005506,2023-08-17,Referral,38.58,Basic,35,UK,1,49.95
C005507,2022-05-01,Social Media,76.11,Basic,33,Australia,1,259.81
C005508,2023-02-12,Affiliate,25.54,Premium,28,Germany,1,559.86
C005509,2022-01-04,Paid Search,62.2,Basic,65,US,1,39.96
C005510,2023-07-18,Affiliate,40.4,Basic,35,France,1,9.99
C005511,2022-01-11,Paid Search,110.54,Premium,32,UK,1,79.98
C005512,2023-01-12,Email,29.23,Standard,37,UK,0,519.74
C005513,2023-11-30,Email,45.55,Basic,41,Germany,1,59.94
C005514,2022-09-03,Social Media,72.56,Basic,39,Canada,1,89.91
C005515,2023-01-22,Email,28.71,Standard,40,US,1,119.94
C005516,2022-01-27,Paid Search,101.41,Basic,23,UK,1,19.98
C005517,2023-07-11,Paid Search,63.26,Standard,41,France,0,239.88
C005518,2023-10-13,Email,48.26,Standard,18,UK,1,39.98
C005519,2022-12-14,Email,38.15,Basic,49,US,0,9.99
C005520,2023-05-13,Affiliate,21.07,Basic,44,France,0,289.71
C005521,2023-04-08,Organic,27.87,Basic,26,Canada,0,9.99
C005522,2023-01-27,Organic,16.6,Premium,34,France,1,39.99
C005523,2022-08-26,Affiliate,45.25,Standard,31,UK,0,319.84
C005524,2023-04-04,Referral,42.34,Basic,53,Germany,1,19.98
C005525,2023-02-18,Referral,38.59,Standard,21,US,1,39.98
C005526,2023-02-02,Social Media,41.22,Basic,59,Australia,1,199.8
C005527,2023-08-25,Affiliate,38.2,Standard,32,US,1,19.99
C005528,2023-10-17,Referral,50.41,Basic,32,UK,1,59.96
C005529,2022-09-28,Email,51.65,Standard,64,Australia,1,79.96
C005530,2023-04-08,Social Media,75.62,Premium,34,Canada,1,39.99
C005531,2022-04-30,Organic,16.04,Basic,52,US,0,19.98
C005532,2023-08-24,Social Media,65.05,Premium,64,UK,1,119.97
C005533,2022-04-30,Email,23.71,Basic,19,Canada,0,239.85
C005534,2022-10-24,Paid Search,83.86,Basic,55,Canada,1,19.98
C005535,2023-08-17,Affiliate,55.59,Standard,44,US,1,79.96
C005536,2022-04-18,Organic,11.02,Premium,54,Germany,1,1159.71
C005537,2023-02-06,Social Media,74.06,Basic,61,Australia,0,9.99
C005538,2022-12-26,Referral,33.66,Basic,54,Germany,1,9.99
C005539,2022-06-05,Paid Search,77.12,Standard,36,France,1,219.89
C005540,2022-12-12,Social Media,77.16,Standard,31,France,1,59.97
C005541,2022-01-11,Email,40.3,Premium,42,France,1,39.99
C005542,2022-12-24,Affiliate,36.67,Standard,42,Australia,0,519.74
C005543,2023-08-28,Affiliate,43.9,Premium,59,Australia,0,519.87
C005544,2023-02-22,Organic,14.37,Basic,44,France,1,49.96
C005545,2023-05-03,Organic,22.5,Premium,46,Germany,1,199.95
C005546,2023-03-26,Email,34.98,Basic,59,UK,1,89.91
C005547,2023-08-07,Email,55.72,Basic,42,UK,1,69.93
C005548,2023-05-24,Referral,43.57,Premium,46,US,1,39.99
C005549,2023-11-18,Organic,11.1,Basic,33,Canada,1,39.96
C005550,2022-05-07,Paid Search,88.77,Basic,29,Australia,0,69.93
C005551,2022-02-03,Referral,41.59,Premium,28,Canada,0,119.97
C005552,2022-07-26,Paid Search,66.23,Standard,33,US,0,659.67
C005553,2022-05-27,Paid Search,93.17,Premium,34,Canada,1,519.87
C005554,2023-01-24,Organic,25.75,Standard,19,Germany,1,39.98
C005555,2023-08-03,Social Media,65.39,Standard,18,Germany,1,39.98
C005556,2023-09-19,Social Media,62.72,Basic,46,France,1,229.85
C005557,2023-02-06,Social Media,68.93,Standard,23,UK,1,59.97
C005558,2023-06-02,Social Media,42.12,Standard,21,US,0,439.78
C005559,2023-01-27,Social Media,42.69,Premium,53,Canada,1,519.87
C005560,2022-10-22,Email,39.16,Premium,33,US,1,79.98
C005561,2022-04-30,Email,45.27,Standard,51,US,1,39.98
C005562,2022-09-20,Paid Search,75.35,Premium,27,France,1,59.98
C005563,2022-01-07,Social Media,42.38,Basic,37,UK,1,19.98
C005564,2023-01-09,Social Media,70.04,Basic,45,France,1,9.99
C005565,2023-06-27,Affiliate,58.42,Standard,19,Australia,1,59.97
C005566,2022-07-04,Organic,14.57,Standard,26,UK,1,119.94
C005567,2022-05-06,Paid Search,112.14,Premium,20,US,1,39.99
C005568,2023-09-29,Affiliate,56.14,Standard,44,UK,1,299.85
C005569,2023-08-30,Email,46.47,Standard,48,France,1,39.98
C005570,2023-06-22,Referral,26.38,Premium,49,UK,0,639.84
C005571,2022-03-20,Social Media,70.07,Standard,54,Canada,0,259.87
C005572,2023-02-23,Paid Search,90.34,Basic,60,France,1,9.99
C005573,2023-02-06,Social Media,45.02,Basic,33,UK,1,9.99
C005574,2022-07-07,Email,42.27,Basic,18,US,1,9.99
C005575,2022-11-28,Organic,24.03,Basic,49,Canada,0,149.85
C005576,2022-12-13,Affiliate,23.17,Premium,27,Australia,1,39.99
C005577,2022-06-13,Affiliate,48.13,Standard,23,Australia,1,139.93
C005578,2023-05-16,Social Media,44.88,Premium,22,Germany,0,119.97
C005579,2022-10-10,Email,39.93,Basic,62,US,0,19.98
C005580,2022-02-26,Social Media,50.29,Basic,47,Canada,1,9.99
C005581,2023-10-28,Affiliate,20.72,Basic,28,Germany,0,9.99
C005582,2023-11-29,Affiliate,42.85,Basic,28,US,1,89.91
C005583,2022-08-24,Affiliate,35.93,Basic,39,Canada,1,229.84
C005584,2023-07-10,Paid Search,64.12,Standard,41,France,0,19.99
C005585,2023-05-21,Paid Search,113.15,Standard,31,Germany,1,39.98
C005586,2023-07-02,Affiliate,45.77,Basic,23,Canada,1,9.99
C005587,2022-12-10,Referral,59.11,Basic,26,Germany,1,9.99
C005588,2023-05-13,Organic,15.36,Standard,39,France,1,19.99
C005589,2022-04-13,Email,45.37,Basic,41,US,1,49.95
C005590,2022-04-20,Email,37.29,Standard,48,Australia,1,139.93
C005591,2022-05-16,Organic,22.35,Basic,54,UK,1,179.82
C005592,2022-02-17,Organic,26.97,Basic,64,Australia,1,9.99
C005593,2022-12-28,Paid Search,66.68,Standard,54,Germany,1,39.98
C005594,2022-01-04,Social Media,58.77,Premium,48,France,1,79.98
C005595,2022-12-15,Email,26.46,Premium,39,France,0,499.86
C005596,2023-10-09,Social Media,75.72,Standard,22,Germany,1,59.97
C005597,2022-08-05,Email,45.84,Basic,56,UK,0,79.92
C005598,2022-01-20,Referral,33.37,Premium,37,Australia,1,79.98
C005599,2022-04-24,Social Media,75.74,Basic,47,UK,1,19.98
C005600,2023-08-20,Referral,26.34,Basic,56,US,0,69.93
C005601,2023-06-14,Email,29.51,Basic,37,Australia,1,69.93
C005602,2023-08-12,Referral,49.1,Basic,59,Germany,1,19.98
C005603,2023-04-18,Referral,26.87,Standard,37,UK,1,59.97
C005604,2023-10-13,Social Media,39.88,Premium,37,France,1,239.94
C005605,2023-04-19,Email,39.82,Standard,42,Canada,0,519.74
C005606,2023-05-03,Organic,16.75,Basic,63,Canada,1,169.9
C005607,2022-08-17,Email,54.66,Standard,28,France,0,279.86
C005608,2023-08-09,Organic,25.26,Basic,52,Australia,0,129.87
C005609,2022-01-20,Affiliate,31.87,Basic,55,Germany,1,49.95
C005610,2022-02-21,Affiliate,21.22,Basic,36,US,1,39.97
C005611,2023-09-08,Organic,18.38,Basic,32,Germany,0,9.99
C005612,2023-03-02,Paid Search,70.16,Basic,42,Australia,1,39.96
C005613,2022-05-22,Paid Search,75.62,Standard,20,UK,0,59.97
C005614,2023-02-27,Email,29.24,Standard,23,Australia,1,239.88
C005615,2022-10-02,Affiliate,58.98,Premium,61,Canada,1,439.89
C005616,2022-06-01,Referral,29.67,Premium,25,Germany,1,39.99
C005617,2022-07-08,Paid Search,77.72,Premium,34,Germany,1,579.83
C005618,2022-12-03,Referral,42.86,Standard,18,Australia,1,59.97
C005619,2022-03-09,Email,30.64,Premium,32,UK,1,279.93
C005620,2022-12-04,Email,41.1,Standard,46,Canada,1,59.97
C005621,2022-06-17,Paid Search,90.26,Standard,59,Canada,1,19.99
C005622,2023-09-24,Referral,47.38,Premium,48,Germany,1,279.93
C005623,2022-03-26,Social Media,42.46,Standard,28,UK,1,159.92
C005624,2023-03-18,Paid Search,101.92,Basic,33,Germany,1,19.98
C005625,2022-11-29,Organic,10.85,Basic,56,France,1,189.84
C005626,2022-01-17,Email,21.52,Premium,21,Germany,1,119.97
C005627,2022-11-04,Referral,36.26,Premium,59,Canada,0,79.98
C005628,2022-11-05,Paid Search,81.61,Basic,65,Australia,1,9.99
C005629,2022-11-29,Social Media,42.99,Premium,63,Canada,1,79.98
C005630,2022-06-30,Affiliate,29.94,Basic,49,France,0,59.94
C005631,2022-05-28,Affiliate,48.21,Basic,45,Germany,0,609.69
C005632,2023-01-08,Social Media,77.3,Basic,30,Canada,1,39.97
C005633,2022-08-25,Affiliate,42.98,Standard,35,Canada,1,39.98
C005634,2022-08-06,Affiliate,51.11,Standard,29,Australia,1,19.99
C005635,2022-12-22,Paid Search,85.94,Standard,32,Canada,1,59.97
C005636,2023-04-13,Paid Search,67.37,Standard,50,US,1,339.83
C005637,2022-08-15,Paid Search,51.38,Basic,35,Canada,1,9.99
C005638,2022-09-12,Affiliate,55.93,Standard,21,UK,1,59.97
C005639,2022-08-24,Referral,32.41,Standard,27,Canada,1,319.84
C005640,2023-05-03,Social Media,31.08,Standard,41,UK,0,359.82
C005641,2023-04-15,Paid Search,53.85,Basic,20,Canada,1,19.98
C005642,2022-03-16,Referral,21.93,Basic,26,Canada,0,29.97
C005643,2022-04-09,Organic,19.75,Basic,40,Canada,1,9.99
C005644,2023-07-02,Referral,22.17,Standard,35,Australia,0,639.68
C005645,2022-02-23,Social Media,37.59,Premium,61,Australia,1,39.99
C005646,2022-11-03,Social Media,49.66,Basic,55,France,0,29.97
C005647,2022-06-10,Social Media,70.65,Premium,26,Canada,1,339.88
C005648,2022-08-27,Email,52.03,Basic,49,France,0,19.98
C005649,2022-03-19,Email,23.65,Basic,64,Canada,1,19.98
C005650,2022-01-22,Social Media,65.77,Basic,62,Canada,1,329.83
C005651,2023-09-18,Social Media,76.58,Premium,57,Australia,1,159.96
C005652,2023-04-27,Organic,16.66,Basic,38,Canada,1,49.95
C005653,2023-05-24,Organic,27.88,Basic,32,UK,1,19.98
C005654,2023-06-12,Affiliate,45.98,Premium,44,UK,0,979.74
C005655,2022-01-18,Referral,24.81,Basic,22,Australia,1,179.85
C005656,2023-11-17,Email,46.29,Premium,63,Germany,1,599.85
C005657,2022-09-01,Social Media,36.57,Premium,18,Germany,1,39.99
C005658,2023-03-23,Organic,16.25,Basic,21,Canada,0,129.88
C005659,2023-09-14,Email,46.38,Standard,40,Australia,1,19.99
C005660,2023-10-30,Referral,43.83,Basic,22,Canada,0,119.88
C005661,2022-07-14,Affiliate,28.63,Premium,19,France,1,199.95
C005662,2022-02-13,Affiliate,50.62,Basic,20,US,1,19.98
C005663,2022-10-19,Referral,49.31,Standard,64,UK,0,219.89
C005664,2023-09-07,Paid Search,83.99,Standard,50,France,0,659.67
C005665,2022-04-11,Email,43.76,Basic,43,Australia,1,49.95
C005666,2022-04-28,Referral,57.53,Standard,25,Germany,0,119.94
C005667,2023-06-05,Referral,48.31,Standard,23,France,1,59.97
C005668,2022-12-28,Referral,57.24,Basic,40,Australia,1,9.99
C005669,2022-02-06,Affiliate,43.65,Basic,43,France,1,29.97
C005670,2023-07-04,Paid Search,76.61,Basic,20,US,1,49.95
C005671,2023-05-06,Paid Search,100.02,Basic,18,Australia,0,19.98
C005672,2023-10-16,Email,24.49,Standard,36,Germany,0,519.74
C005673,2022-06-08,Affiliate,27.73,Basic,44,Canada,1,219.78
C005674,2022-01-19,Referral,40.63,Standard,63,US,1,119.94
C005675,2023-07-01,Paid Search,53.48,Basic,46,France,1,19.98
C005676,2023-09-05,Email,45.15,Standard,24,Australia,1,19.99
C005677,2022-09-19,Social Media,78.85,Standard,31,Germany,1,139.93
C005678,2023-04-18,Organic,15.2,Basic,54,US,1,79.92
C005679,2023-03-22,Referral,41.07,Standard,46,Canada,0,139.93
C005680,2022-03-12,Email,33.51,Basic,24,US,1,49.95
C005681,2023-03-12,Social Media,47.72,Basic,60,France,1,89.91
C005682,2023-01-10,Referral,28.29,Basic,23,France,1,19.98
C005683,2022-02-19,Affiliate,46.23,Basic,27,US,1,29.97
C005684,2022-02-03,Paid Search,74.46,Standard,40,Germany,1,19.99
C005685,2022-12-06,Paid Search,66.82,Basic,48,Germany,1,19.98
C005686,2022-09-05,Organic,23.54,Basic,49,Australia,1,339.81
C005687,2023-07-25,Referral,24.33,Standard,44,US,1,39.98
C005688,2023-01-16,Social Media,57.38,Standard,18,US,1,99.95
C005689,2022-05-28,Social Media,63.24,Basic,41,Canada,1,49.95
C005690,2022-12-12,Social Media,31.19,Basic,39,Canada,1,179.82
C005691,2023-08-28,Organic,20.15,Standard,20,Australia,1,39.98
C005692,2023-08-01,Email,56.74,Standard,54,Germany,1,19.99
C005693,2023-02-16,Affiliate,38.33,Standard,48,UK,1,519.74
C005694,2022-11-14,Referral,23.9,Basic,30,Canada,0,679.64
C005695,2022-09-12,Email,28.79,Standard,19,US,1,99.95
C005696,2023-08-18,Organic,15.82,Basic,57,Canada,1,599.67
C005697,2023-09-26,Paid Search,119.01,Basic,63,Canada,1,129.87
C005698,2022-04-19,Referral,59.66,Standard,59,Germany,1,19.99
C005699,2022-11-18,Social Media,50.67,Basic,50,France,1,9.99
C005700,2023-05-24,Affiliate,27.79,Basic,56,Germany,0,649.67
C005701,2022-06-10,Paid Search,73.58,Basic,38,Australia,0,159.85
C005702,2023-02-18,Organic,10.08,Basic,20,UK,0,9.99
C005703,2022-08-18,Social Media,31.95,Basic,47,Germany,0,269.73
C005704,2022-04-15,Paid Search,75.16,Standard,51,France,1,39.98
C005705,2022-02-14,Social Media,35.11,Standard,58,UK,0,19.99
C005706,2023-06-04,Organic,16.74,Basic,45,US,0,139.88
C005707,2023-07-10,Organic,27.0,Basic,26,Germany,0,119.88
C005708,2023-06-24,Email,31.76,Basic,58,France,0,269.73
C005709,2022-02-04,Email,42.27,Standard,44,US,1,39.98
C005710,2022-12-01,Paid Search,83.15,Standard,53,Canada,0,319.84
C005711,2022-11-07,Social Media,37.76,Basic,34,Australia,1,19.98
C005712,2023-07-23,Paid Search,67.57,Standard,43,UK,1,219.89
C005713,2022-03-14,Paid Search,110.78,Basic,22,Canada,1,39.96
C005714,2023-01-11,Organic,14.53,Basic,25,France,1,19.98
C005715,2022-02-02,Affiliate,26.1,Standard,58,France,1,99.95
C005716,2022-05-05,Social Media,69.4,Standard,33,Australia,1,39.98
C005717,2023-08-11,Referral,20.26,Basic,34,Germany,1,9.99
C005718,2022-04-05,Email,42.71,Standard,24,France,1,119.94
C005719,2023-09-23,Paid Search,101.35,Standard,42,Australia,0,39.98
C005720,2023-11-24,Email,25.72,Basic,49,Germany,1,19.98
C005721,2023-07-28,Email,46.76,Basic,22,US,1,59.94
C005722,2022-08-14,Social Media,33.92,Basic,22,France,1,69.93
C005723,2022-04-17,Organic,28.88,Premium,53,Australia,1,479.88
C005724,2022-04-17,Social Media,30.49,Premium,23,Australia,0,919.77
C005725,2022-08-26,Paid Search,72.04,Basic,55,Australia,1,239.87
C005726,2022-01-03,Social Media,45.59,Basic,41,Germany,1,19.98
C005727,2022-01-02,Email,49.79,Standard,42,Germany,1,79.96
C005728,2022-04-13,Social Media,63.03,Standard,51,UK,0,639.68
C005729,2022-03-12,Organic,13.96,Basic,40,Germany,0,129.87
C005730,2022-10-06,Social Media,53.69,Premium,27,Germany,1,79.98
C005731,2022-12-02,Affiliate,59.07,Standard,21,Germany,1,19.99
C005732,2022-10-02,Organic,14.45,Premium,46,Canada,1,39.99
C005733,2022-09-22,Email,45.1,Standard,51,Germany,0,239.88
C005734,2022-01-04,Email,57.7,Basic,24,Australia,1,29.97
C005735,2022-08-23,Referral,49.91,Premium,36,US,0,1439.64
C005736,2022-07-10,Affiliate,36.18,Basic,18,Germany,0,329.74
C005737,2022-01-18,Paid Search,61.75,Standard,46,Canada,0,19.99
C005738,2022-08-28,Organic,24.06,Standard,40,Germany,0,19.99
C005739,2023-02-11,Paid Search,56.13,Standard,23,US,1,79.96
C005740,2023-07-01,Email,36.24,Basic,44,US,1,139.86
C005741,2022-06-19,Social Media,41.29,Basic,36,US,0,29.97
C005742,2022-03-04,Social Media,52.04,Premium,43,Germany,1,119.97
C005743,2023-09-06,Social Media,73.84,Basic,58,Australia,1,109.89
C005744,2023-08-21,Email,43.64,Standard,51,US,1,139.93
C005745,2023-04-24,Organic,27.96,Basic,24,US,1,19.98
C005746,2022-02-24,Referral,51.92,Basic,22,Germany,1,9.99
C005747,2023-05-13,Paid Search,95.77,Basic,37,France,1,89.91
C005748,2022-07-22,Paid Search,107.11,Premium,46,France,1,199.95
C005749,2022-04-16,Organic,28.63,Basic,24,France,1,29.97
C005750,2023-03-10,Organic,29.85,Basic,19,UK,1,109.89
C005751,2022-04-06,Social Media,44.33,Basic,40,Canada,1,19.98
C005752,2023-08-30,Referral,37.91,Basic,32,Australia,0,359.64
C005753,2023-11-09,Email,32.12,Standard,44,Australia,1,179.91
C005754,2022-12-17,Social Media,77.01,Basic,24,Germany,1,9.99
C005755,2023-11-28,Organic,26.37,Standard,41,UK,1,559.72
C005756,2022-01-02,Organic,16.22,Standard,55,France,1,19.99
C005757,2022-07-04,Referral,45.06,Premium,31,Australia,1,79.98
C005758,2023-01-31,Affiliate,24.47,Standard,48,Australia,1,199.9
C005759,2023-04-13,Paid Search,57.26,Basic,54,Canada,1,19.98
C005760,2023-03-14,Affiliate,56.52,Basic,49,Australia,1,29.97
C005761,2022-06-05,Paid Search,105.49,Standard,40,France,1,79.96
C005762,2023-01-21,Social Media,78.49,Basic,57,UK,1,59.94
C005763,2023-05-06,Affiliate,52.48,Standard,60,US,1,19.99
C005764,2022-09-25,Affiliate,23.13,Premium,33,Canada,0,879.78
C005765,2023-08-14,Paid Search,105.37,Premium,48,France,0,859.76
C005766,2023-02-04,Referral,57.49,Basic,41,Canada,1,9.99
C005767,2023-07-27,Affiliate,24.05,Premium,38,Germany,1,199.95
C005768,2023-09-15,Paid Search,58.29,Standard,42,UK,1,19.99
C005769,2022-12-14,Organic,17.86,Standard,53,France,0,379.81
C005770,2022-07-12,Social Media,67.51,Basic,43,UK,1,49.95
C005771,2023-08-30,Email,47.76,Basic,24,Canada,0,159.84
C005772,2023-11-10,Affiliate,45.84,Basic,18,UK,0,129.92
C005773,2023-09-06,Affiliate,29.49,Standard,48,Australia,1,99.95
C005774,2022-04-12,Affiliate,41.64,Basic,65,France,1,9.99
C005775,2022-06-04,Social Media,46.11,Standard,59,US,1,579.71
C005776,2022-12-04,Organic,22.42,Basic,21,US,1,9.99
C005777,2022-02-19,Affiliate,23.21,Premium,25,Australia,0,919.7
C005778,2022-02-26,Organic,26.36,Basic,44,US,1,69.93
C005779,2023-08-23,Referral,27.7,Basic,34,Australia,1,49.95
C005780,2023-10-01,Affiliate,40.57,Basic,23,UK,1,109.89
C005781,2022-01-02,Organic,23.45,Standard,26,Australia,1,39.98
C005782,2022-07-17,Email,54.15,Standard,42,France,1,19.99
C005783,2023-10-02,Organic,25.28,Standard,63,France,1,59.97
C005784,2023-02-19,Referral,25.11,Standard,31,US,1,199.9
C005785,2022-03-04,Social Media,63.27,Standard,49,Australia,1,239.88
C005786,2023-04-23,Affiliate,29.8,Premium,41,Canada,1,0.0
C005787,2023-03-06,Organic,22.12,Basic,22,France,1,9.99
C005788,2023-07-15,Paid Search,111.52,Basic,31,US,1,99.91
C005789,2023-06-23,Affiliate,59.36,Standard,25,Germany,1,99.95
C005790,2023-01-29,Organic,22.76,Standard,63,UK,1,99.95
C005791,2022-01-30,Paid Search,63.27,Basic,25,Australia,0,259.77
C005792,2023-10-05,Referral,44.3,Basic,30,Canada,1,9.99
C005793,2023-10-03,Email,43.64,Basic,47,Germany,1,79.92
C005794,2022-10-08,Organic,26.73,Basic,54,Australia,1,39.96
C005795,2022-03-11,Affiliate,42.86,Basic,29,Canada,1,9.99
C005796,2022-05-24,Email,25.97,Premium,43,Germany,1,599.85
C005797,2022-04-15,Paid Search,76.64,Standard,47,France,1,99.95
C005798,2022-09-24,Email,53.83,Standard,28,UK,1,279.86
C005799,2022-11-17,Paid Search,113.49,Basic,34,Canada,0,9.99
C005800,2022-11-05,Affiliate,40.81,Standard,33,Australia,1,59.97
C005801,2023-10-07,Referral,50.67,Standard,45,France,1,79.96
C005802,2022-04-26,Organic,11.49,Standard,32,UK,1,59.97
C005803,2022-02-17,Referral,30.3,Standard,51,US,1,0.0
C005804,2022-11-25,Email,39.99,Basic,39,Canada,1,49.96
C005805,2022-12-23,Email,46.99,Standard,21,Australia,1,359.82
C005806,2023-02-02,Affiliate,55.55,Standard,51,Germany,1,59.97
C005807,2023-09-17,Organic,13.43,Basic,24,Australia,0,9.99
C005808,2022-06-05,Organic,24.26,Basic,42,UK,0,279.74
C005809,2023-04-25,Paid Search,58.14,Basic,64,Germany,1,139.86
C005810,2023-02-09,Affiliate,20.9,Basic,38,France,1,9.99
C005811,2022-11-01,Organic,20.7,Basic,57,Canada,1,9.99
C005812,2022-12-19,Affiliate,44.77,Standard,49,Germany,1,39.98
C005813,2022-08-21,Affiliate,38.21,Premium,54,UK,1,119.97
C005814,2023-09-09,Social Media,78.84,Premium,38,Canada,1,539.79
C005815,2022-03-11,Email,58.47,Standard,34,Australia,1,259.87
C005816,2023-04-08,Social Media,64.11,Basic,48,Australia,1,119.88
C005817,2022-08-10,Referral,58.53,Basic,31,Australia,0,39.96
C005818,2023-06-25,Referral,25.94,Basic,59,Germany,0,9.99
C005819,2023-03-18,Organic,12.07,Basic,53,Canada,1,9.99
C005820,2022-06-14,Paid Search,64.56,Standard,52,US,1,219.89
C005821,2023-01-06,Referral,58.25,Basic,50,Australia,1,9.99
C005822,2022-05-30,Email,58.56,Standard,58,France,1,99.95
C005823,2022-05-23,Email,38.65,Premium,28,US,0,279.93
C005824,2022-02-10,Referral,47.32,Standard,30,US,1,19.99
C005825,2022-06-25,Affiliate,37.66,Standard,40,Canada,0,419.79
C005826,2023-07-12,Social Media,37.47,Basic,26,US,1,159.84
C005827,2022-03-07,Email,37.97,Basic,36,UK,1,209.89
C005828,2023-07-12,Referral,30.14,Standard,45,Australia,1,39.98
C005829,2022-06-14,Referral,44.52,Basic,31,Australia,1,39.96
C005830,2023-02-10,Social Media,33.31,Standard,64,Canada,1,299.85
C005831,2022-12-28,Social Media,34.57,Standard,19,Canada,1,219.89
C005832,2022-03-24,Organic,20.27,Standard,62,France,1,619.69
C005833,2022-09-20,Affiliate,25.16,Basic,29,UK,1,79.92
C005834,2022-02-18,Organic,14.2,Basic,46,UK,1,59.94
C005835,2022-05-13,Paid Search,72.56,Basic,59,France,1,29.97
C005836,2022-08-25,Organic,24.11,Basic,35,Australia,1,19.98
C005837,2022-05-26,Affiliate,30.99,Premium,39,UK,1,39.99
C005838,2023-08-12,Organic,29.61,Standard,27,France,0,79.96
C005839,2022-01-31,Email,24.47,Basic,43,UK,0,399.79
C005840,2022-05-07,Referral,53.61,Standard,57,Germany,0,479.76
C005841,2023-07-26,Referral,49.08,Basic,33,UK,0,339.71
C005842,2022-01-02,Social Media,48.69,Premium,22,US,1,159.96
C005843,2023-02-03,Organic,18.72,Basic,47,US,0,559.69
C005844,2022-02-01,Affiliate,41.86,Basic,65,Canada,1,19.98
C005845,2023-07-20,Organic,12.0,Standard,24,Germany,1,39.98
C005846,2023-02-21,Social Media,37.14,Premium,62,UK,1,239.94
C005847,2023-06-13,Organic,21.73,Basic,25,Canada,0,169.83
C005848,2022-01-07,Social Media,70.91,Standard,44,France,0,539.73
C005849,2023-08-10,Affiliate,36.63,Standard,30,US,1,119.94
C005850,2022-12-04,Paid Search,99.58,Basic,62,UK,0,29.97
C005851,2022-06-16,Paid Search,96.25,Premium,21,Canada,1,959.76
C005852,2023-05-31,Email,27.72,Basic,46,Australia,1,9.99
C005853,2022-11-08,Paid Search,74.49,Basic,21,Australia,1,29.97
C005854,2022-11-10,Referral,59.8,Basic,39,Australia,1,69.93
C005855,2023-11-24,Paid Search,91.71,Basic,24,US,1,19.98
C005856,2022-04-29,Social Media,68.81,Standard,38,France,1,19.99
C005857,2023-03-22,Paid Search,82.41,Standard,53,France,1,39.98
C005858,2022-07-01,Referral,21.62,Basic,46,Canada,1,9.99
C005859,2023-06-29,Email,20.75,Basic,34,Canada,1,9.99
C005860,2023-07-01,Email,20.28,Standard,48,US,0,259.87
C005861,2023-07-11,Referral,22.7,Premium,37,UK,1,79.98
C005862,2022-07-02,Email,59.67,Basic,62,Canada,1,29.97
C005863,2022-10-30,Affiliate,49.23,Standard,29,US,1,19.99
C005864,2022-11-30,Affiliate,51.74,Standard,46,Canada,1,59.97
C005865,2023-04-01,Referral,43.98,Premium,23,US,1,319.92
C005866,2023-11-28,Paid Search,104.97,Premium,53,UK,1,119.97
C005867,2022-01-19,Affiliate,32.22,Basic,44,UK,1,109.89
C005868,2023-03-29,Social Media,46.26,Premium,24,US,0,1039.72
C005869,2023-02-03,Organic,20.99,Premium,40,France,0,1159.71
C005870,2023-08-08,Referral,56.46,Basic,24,Canada,0,119.91
C005871,2023-11-07,Paid Search,62.71,Standard,30,Germany,1,239.88
C005872,2023-06-19,Email,51.07,Basic,50,UK,1,9.99
C005873,2022-10-06,Referral,37.3,Standard,26,Australia,0,579.71
C005874,2023-06-04,Affiliate,43.11,Standard,57,Australia,1,399.8
C005875,2022-08-21,Organic,23.74,Premium,35,Germany,1,439.89
C005876,2022-04-19,Affiliate,24.67,Basic,54,France,0,39.97
C005877,2023-10-17,Referral,43.09,Premium,56,UK,1,559.86
C005878,2023-04-23,Organic,22.67,Premium,62,Germany,0,79.98
C005879,2022-02-19,Paid Search,64.79,Standard,65,France,0,719.64
C005880,2023-06-16,Affiliate,34.11,Standard,50,Canada,1,79.96
C005881,2023-10-21,Email,54.43,Standard,50,Australia,0,39.98
C005882,2022-04-18,Email,50.92,Basic,33,France,1,309.8
C005883,2023-04-24,Referral,47.87,Basic,54,US,1,49.95
C005884,2023-10-23,Organic,19.41,Basic,36,France,0,109.89
C005885,2023-08-20,Email,53.99,Premium,59,Canada,0,519.87
C005886,2022-10-11,Social Media,53.13,Premium,60,Canada,1,39.99
C005887,2022-11-14,Social Media,35.52,Premium,46,Germany,0,279.93
C005888,2023-08-19,Paid Search,102.07,Basic,58,Canada,0,49.95
C005889,2022-10-19,Affiliate,29.29,Standard,40,France,1,239.88
C005890,2022-04-22,Affiliate,35.64,Premium,64,Canada,1,639.84
C005891,2022-09-13,Social Media,58.99,Premium,31,France,1,339.85
C005892,2023-06-13,Social Media,77.74,Standard,54,Australia,1,39.98
C005893,2022-02-25,Referral,52.49,Standard,54,Germany,1,159.92
C005894,2023-01-08,Email,54.2,Basic,32,Australia,1,9.99
C005895,2023-05-24,Social Media,50.83,Premium,53,US,1,399.9
C005896,2023-01-23,Referral,41.05,Premium,31,Canada,1,119.97
C005897,2023-11-25,Organic,19.78,Premium,31,US,0,579.77
C005898,2023-03-30,Affiliate,46.8,Standard,47,Germany,1,119.94
C005899,2023-02-02,Organic,27.6,Standard,30,Canada,1,219.89
C005900,2023-11-05,Organic,22.84,Basic,50,France,1,9.99
C005901,2022-08-12,Referral,43.35,Basic,30,Australia,0,109.89
C005902,2023-05-29,Social Media,44.13,Basic,30,Germany,0,139.86
C005903,2023-08-19,Email,44.16,Basic,53,Canada,1,39.96
C005904,2023-11-30,Organic,24.56,Basic,26,Australia,1,9.99
C005905,2023-02-07,Social Media,39.78,Basic,38,Australia,1,9.99
C005906,2023-11-19,Affiliate,33.24,Basic,57,Germany,0,59.94
C005907,2022-06-09,Social Media,59.71,Basic,26,UK,1,9.99
C005908,2022-09-09,Social Media,54.1,Basic,45,France,0,579.69
C005909,2022-12-04,Organic,21.7,Standard,38,Canada,1,639.68
C005910,2022-12-19,Affiliate,38.06,Premium,27,US,1,119.97
C005911,2022-02-11,Referral,24.54,Basic,30,Germany,1,79.92
C005912,2022-11-13,Social Media,76.85,Standard,54,Canada,1,99.95
C005913,2023-04-27,Referral,24.45,Basic,53,France,1,49.95
C005914,2022-09-13,Affiliate,43.88,Premium,27,Germany,0,39.99
C005915,2023-11-25,Affiliate,50.23,Basic,44,Canada,1,209.86
C005916,2022-01-31,Referral,49.4,Basic,27,UK,0,599.69
C005917,2022-06-03,Email,45.96,Standard,58,US,1,119.94
C005918,2023-01-09,Referral,31.84,Basic,62,Canada,1,19.98
C005919,2022-09-12,Affiliate,20.17,Basic,41,Canada,0,69.93
C005920,2022-12-15,Email,33.32,Basic,44,UK,1,9.99
C005921,2022-12-07,Referral,20.26,Basic,52,France,1,19.98
C005922,2023-11-20,Social Media,76.15,Basic,59,UK,0,479.69
C005923,2023-05-15,Referral,54.31,Basic,64,France,1,39.96
C005924,2022-03-05,Social Media,63.92,Basic,19,France,1,29.97
C005925,2022-07-02,Affiliate,49.67,Basic,54,Germany,1,0.0
C005926,2023-11-08,Paid Search,116.36,Basic,54,US,1,39.97
C005927,2022-07-08,Affiliate,27.35,Basic,46,Canada,1,0.0
C005928,2022-12-12,Affiliate,20.93,Basic,56,US,1,9.99
C005929,2023-03-19,Affiliate,57.54,Basic,64,US,1,9.99
C005930,2022-12-15,Affiliate,24.31,Basic,31,France,1,99.9
C005931,2022-08-02,Social Media,45.47,Basic,45,France,0,329.67
C005932,2023-05-03,Paid Search,113.87,Basic,64,US,1,9.99
C005933,2023-07-19,Affiliate,27.75,Basic,61,UK,1,79.92
C005934,2023-08-26,Affiliate,45.41,Standard,65,France,1,79.96
C005935,2022-06-11,Email,56.79,Standard,57,UK,1,39.98
C005936,2022-04-26,Organic,27.0,Basic,48,US,0,499.73
C005937,2022-06-13,Paid Search,114.38,Basic,21,France,1,49.95
C005938,2022-05-09,Paid Search,85.76,Standard,46,Australia,1,39.98
C005939,2022-10-14,Paid Search,81.78,Basic,36,France,1,9.99
C005940,2023-07-28,Social Media,54.55,Standard,46,UK,1,19.99
C005941,2023-07-15,Paid Search,54.35,Basic,28,Australia,1,29.97
C005942,2023-11-08,Email,53.22,Standard,19,US,0,359.82
C005943,2022-06-21,Referral,59.04,Standard,36,Canada,1,99.95
C005944,2023-03-02,Affiliate,36.76,Standard,38,UK,1,19.99
C005945,2022-10-05,Referral,36.33,Standard,44,Australia,0,239.88
C005946,2022-01-20,Affiliate,37.06,Standard,34,Germany,1,79.96
C005947,2022-06-09,Affiliate,45.11,Premium,39,UK,1,159.96
C005948,2023-01-06,Referral,28.7,Standard,62,Canada,1,79.96
C005949,2023-04-26,Referral,41.9,Standard,18,Germany,1,439.78
C005950,2022-01-04,Affiliate,47.96,Basic,38,Germany,1,39.96
C005951,2023-04-25,Referral,51.02,Basic,45,US,0,199.88
C005952,2022-05-26,Email,40.56,Standard,27,France,0,119.94
C005953,2022-11-10,Paid Search,77.92,Basic,56,UK,0,209.88
C005954,2023-06-09,Paid Search,112.55,Standard,22,Australia,1,79.96
C005955,2023-10-22,Referral,30.29,Basic,18,Canada,1,239.83
C005956,2022-07-20,Referral,22.98,Standard,45,US,0,239.88
C005957,2022-12-09,Referral,49.15,Basic,50,US,0,9.99
C005958,2022-07-26,Organic,23.8,Premium,43,Germany,0,659.83
C005959,2022-11-09,Referral,58.78,Standard,41,Australia,1,19.99
C005960,2022-03-07,Paid Search,82.63,Standard,25,UK,1,79.96
C005961,2022-09-26,Paid Search,88.97,Basic,41,Australia,1,49.95
C005962,2022-10-04,Organic,26.77,Standard,23,France,0,539.73
C005963,2023-09-11,Organic,29.54,Standard,34,France,0,199.9
C005964,2022-01-21,Email,37.6,Premium,25,Germany,0,39.99
C005965,2022-01-02,Affiliate,40.58,Standard,43,Germany,0,459.77
C005966,2022-04-16,Social Media,38.53,Basic,59,US,1,19.98
C005967,2022-02-26,Referral,53.08,Basic,32,UK,1,109.94
C005968,2023-03-11,Email,43.16,Standard,56,Germany,1,159.92
C005969,2023-04-09,Affiliate,26.07,Premium,44,US,0,79.98
C005970,2023-11-17,Organic,16.55,Basic,20,France,0,49.97
C005971,2022-01-01,Organic,23.53,Basic,24,Germany,1,9.99
C005972,2023-07-23,Affiliate,34.48,Standard,18,Canada,1,119.94
C005973,2022-02-19,Paid Search,74.36,Basic,48,UK,1,29.97
C005974,2023-10-04,Paid Search,99.23,Standard,20,US,1,199.9
C005975,2022-01-13,Affiliate,26.89,Premium,48,Canada,0,1239.69
C005976,2023-10-02,Email,38.93,Standard,61,Australia,1,319.84
C005977,2023-11-01,Affiliate,54.4,Basic,32,France,1,49.95
C005978,2023-03-09,Social Media,59.75,Standard,46,Australia,1,139.93
C005979,2022-11-13,Social Media,71.57,Basic,27,Germany,1,59.96
C005980,2023-11-11,Affiliate,47.22,Standard,34,Australia,1,19.99
C005981,2023-10-27,Paid Search,53.93,Basic,36,US,1,29.97
C005982,2022-12-24,Affiliate,28.45,Basic,61,Canada,0,219.78
C005983,2022-04-06,Paid Search,66.68,Premium,57,UK,0,199.95
C005984,2023-03-31,Referral,51.85,Basic,54,Australia,1,19.98
C005985,2023-09-15,Referral,35.17,Basic,61,Germany,1,19.98
C005986,2022-01-05,Email,32.81,Basic,23,Germany,0,279.83
C005987,2022-11-05,Email,46.29,Standard,51,Canada,1,39.98
C005988,2023-09-23,Affiliate,35.64,Standard,35,Canada,1,79.96
C005989,2023-08-26,Email,21.39,Basic,39,France,1,79.92
C005990,2023-02-15,Paid Search,69.83,Basic,40,Germany,1,9.99
C005991,2022-09-19,Social Media,46.54,Standard,54,France,0,299.85
C005992,2023-03-24,Paid Search,62.79,Basic,33,Canada,1,9.99
C005993,2022-05-29,Referral,49.47,Basic,25,US,1,9.99
C005994,2022-02-28,Affiliate,40.72,Standard,22,France,1,19.99
C005995,2022-09-14,Referral,47.1,Premium,57,France,1,319.92
C005996,2023-11-16,Affiliate,32.86,Basic,28,US,1,39.96
C005997,2022-09-06,Social Media,71.34,Basic,50,Australia,1,9.99
C005998,2022-08-03,Organic,26.37,Basic,62,UK,1,189.87
C005999,2023-10-29,Social Media,64.66,Premium,18,US,1,279.93
C006000,2022-06-09,Paid Search,95.96,Basic,27,Canada,1,299.83
C006001,2023-09-23,Referral,46.51,Basic,39,Canada,1,9.99
C006002,2022-10-31,Email,53.05,Standard,51,Germany,1,59.97
C006003,2023-07-16,Organic,24.37,Basic,22,Canada,0,349.81
C006004,2023-04-27,Affiliate,30.22,Standard,35,Germany,1,39.98
C006005,2022-11-09,Referral,20.2,Basic,33,Germany,0,59.94
C006006,2022-04-17,Referral,48.84,Premium,61,Germany,0,159.96
C006007,2022-07-04,Organic,15.25,Basic,29,Germany,1,9.99
C006008,2022-12-11,Email,21.9,Basic,27,France,1,59.94
C006009,2022-07-05,Referral,37.84,Premium,45,France,1,39.99
C006010,2023-05-31,Email,45.96,Basic,52,France,1,79.92
C006011,2023-04-18,Referral,33.23,Basic,50,Canada,1,79.92
C006012,2023-04-08,Social Media,78.32,Basic,18,US,0,269.73
C006013,2023-09-18,Paid Search,100.54,Standard,62,UK,1,39.98
C006014,2023-03-02,Organic,23.83,Premium,45,UK,1,199.95
C006015,2023-04-10,Social Media,63.17,Basic,62,France,1,59.94
C006016,2022-08-02,Social Media,48.84,Basic,56,US,1,9.99
C006017,2022-04-24,Paid Search,108.82,Standard,51,Canada,1,239.88
C006018,2022-10-29,Referral,44.16,Basic,60,Canada,1,19.98
C006019,2023-02-21,Organic,28.42,Basic,41,Germany,1,59.94
C006020,2023-07-22,Referral,25.44,Basic,33,US,1,269.83
C006021,2023-04-22,Organic,23.14,Basic,34,France,0,139.86
C006022,2022-01-31,Social Media,78.39,Basic,20,UK,0,199.8
C006023,2022-05-14,Referral,45.43,Basic,33,US,1,49.97
C006024,2022-08-07,Referral,58.41,Basic,59,Australia,1,29.97
C006025,2023-05-19,Organic,20.74,Standard,28,Canada,1,19.99
C006026,2022-11-02,Referral,54.89,Basic,30,US,1,19.98
C006027,2022-04-18,Paid Search,93.79,Basic,62,US,1,9.99
C006028,2023-05-19,Email,53.9,Standard,49,France,1,299.85
C006029,2022-02-18,Referral,36.65,Basic,37,Canada,0,449.75
C006030,2023-09-30,Email,33.25,Basic,32,Canada,1,9.99
C006031,2023-03-20,Social Media,65.43,Basic,51,US,1,19.98
C006032,2022-06-19,Affiliate,54.18,Standard,29,Canada,1,59.97
C006033,2022-05-23,Organic,28.76,Premium,51,Australia,1,39.99
C006034,2023-07-08,Referral,37.31,Basic,38,France,1,39.96
C006035,2022-10-07,Referral,43.57,Standard,51,Canada,1,59.97
C006036,2022-06-29,Email,40.06,Basic,62,France,1,29.97
C006037,2022-10-21,Referral,55.34,Basic,20,UK,0,9.99
C006038,2022-03-23,Affiliate,28.81,Standard,57,France,0,19.99
C006039,2023-07-23,Referral,23.65,Standard,28,UK,1,179.91
C006040,2022-06-13,Organic,14.16,Basic,42,France,0,209.79
C006041,2023-03-23,Social Media,36.34,Basic,65,Germany,1,19.98
C006042,2023-07-13,Referral,25.45,Premium,62,Australia,1,39.99
C006043,2022-12-13,Paid Search,82.98,Standard,65,Germany,1,19.99
C006044,2022-01-30,Affiliate,29.73,Basic,48,Germany,1,19.98
C006045,2023-07-29,Paid Search,108.18,Basic,23,Australia,1,9.99
C006046,2022-01-08,Referral,27.28,Standard,32,Canada,1,139.93
C006047,2023-10-16,Affiliate,33.88,Premium,58,Australia,1,39.99
C006048,2023-01-13,Referral,29.71,Premium,29,UK,0,759.69
C006049,2023-10-28,Paid Search,110.11,Premium,46,Germany,0,159.96
C006050,2023-10-22,Affiliate,50.68,Basic,39,UK,1,209.85
C006051,2022-12-14,Email,34.26,Standard,31,US,1,119.94
C006052,2022-05-09,Referral,28.83,Standard,26,UK,1,19.99
C006053,2023-07-18,Social Media,70.79,Standard,19,Canada,1,79.96
C006054,2022-06-17,Social Media,32.09,Standard,27,Canada,1,39.98
C006055,2022-12-17,Social Media,44.52,Basic,56,Australia,1,9.99
C006056,2023-12-02,Paid Search,118.68,Standard,47,Australia,1,119.94
C006057,2022-02-09,Social Media,35.21,Basic,53,France,0,359.76
C006058,2022-03-12,Social Media,69.44,Basic,36,Germany,1,99.9
C006059,2023-10-23,Referral,29.31,Basic,39,Germany,0,569.68
C006060,2023-09-16,Organic,15.94,Premium,50,Australia,1,199.95
C006061,2022-09-28,Affiliate,46.85,Basic,32,UK,1,19.98
C006062,2022-07-11,Affiliate,27.13,Standard,62,UK,1,659.67
C006063,2022-10-18,Email,44.09,Basic,47,Australia,1,19.98
C006064,2023-03-25,Organic,10.21,Standard,28,UK,1,59.97
C006065,2023-11-25,Email,30.47,Basic,55,Australia,1,29.97
C006066,2022-10-13,Paid Search,79.52,Basic,44,US,1,9.99
C006067,2023-10-14,Email,43.79,Basic,23,UK,1,59.94
C006068,2022-02-18,Paid Search,110.16,Basic,50,US,1,49.97
C006069,2022-05-01,Paid Search,100.49,Standard,23,Germany,1,299.85
C006070,2022-05-28,Email,28.95,Basic,53,France,1,9.99
C006071,2022-02-24,Social Media,74.55,Standard,22,US,1,39.98
C006072,2023-07-08,Affiliate,20.68,Basic,31,UK,1,29.97
C006073,2023-04-14,Social Media,71.89,Basic,43,Germany,1,39.96
C006074,2022-01-22,Paid Search,94.51,Basic,28,France,0,169.83
C006075,2023-04-17,Organic,29.96,Premium,41,France,1,39.99
C006076,2023-03-18,Affiliate,44.84,Basic,55,Australia,1,89.91
C006077,2022-10-30,Social Media,78.04,Basic,39,France,0,49.95
C006078,2023-08-07,Social Media,78.81,Basic,39,Canada,0,329.8
C006079,2023-10-27,Paid Search,98.18,Basic,54,Australia,1,39.96
C006080,2023-10-09,Organic,18.86,Basic,41,Canada,1,9.99
C006081,2022-03-18,Email,28.97,Basic,28,Australia,1,9.99
C006082,2022-11-17,Paid Search,101.73,Standard,41,UK,1,19.99
C006083,2022-03-05,Referral,55.77,Standard,59,France,1,139.93
C006084,2022-06-17,Organic,17.89,Basic,22,France,1,49.95
C006085,2023-10-07,Affiliate,27.4,Basic,41,Germany,1,59.94
C006086,2022-10-30,Affiliate,31.83,Basic,31,US,1,19.98
C006087,2023-11-12,Paid Search,83.15,Basic,57,Canada,0,389.71
C006088,2023-04-20,Paid Search,51.8,Standard,53,UK,0,419.79
C006089,2022-11-04,Organic,13.77,Standard,61,UK,0,599.7
C006090,2022-06-26,Affiliate,57.49,Standard,65,Canada,1,59.97
C006091,2022-10-20,Organic,24.74,Basic,30,Germany,1,19.98
C006092,2022-08-28,Social Media,62.2,Standard,19,France,1,39.98
C006093,2022-09-14,Organic,13.52,Standard,53,US,1,199.9
C006094,2023-01-06,Affiliate,53.22,Basic,48,France,1,9.99
C006095,2022-11-21,Email,42.73,Standard,36,Germany,1,19.99
C006096,2023-09-15,Social Media,34.43,Standard,59,UK,0,719.64
C006097,2022-06-07,Social Media,45.12,Basic,53,France,1,29.98
C006098,2022-03-31,Organic,14.08,Basic,64,UK,0,9.99
C006099,2022-09-26,Email,48.4,Basic,30,UK,1,39.96
C006100,2023-09-08,Affiliate,44.94,Standard,47,Germany,1,19.99
C006101,2023-07-14,Referral,23.49,Basic,36,UK,1,99.9
C006102,2022-04-29,Organic,13.01,Standard,57,US,1,79.96
C006103,2022-07-28,Email,23.34,Basic,23,Canada,0,49.95
C006104,2023-08-30,Social Media,58.02,Basic,51,France,1,9.99
C006105,2022-02-21,Email,41.8,Standard,22,France,0,139.93
C006106,2023-01-24,Affiliate,36.49,Standard,28,UK,1,319.84
C006107,2022-04-30,Email,24.31,Standard,55,US,1,159.92
C006108,2023-06-10,Paid Search,54.91,Basic,38,Germany,0,269.73
C006109,2023-07-30,Affiliate,52.67,Basic,46,UK,1,9.99
C006110,2022-08-28,Referral,55.24,Standard,49,US,1,19.99
C006111,2022-11-04,Affiliate,55.2,Premium,48,US,1,39.99
C006112,2022-01-12,Affiliate,28.71,Standard,54,US,0,39.98
C006113,2023-09-26,Organic,27.76,Standard,48,Canada,1,219.89
C006114,2022-02-06,Social Media,70.66,Basic,33,Australia,1,9.99
C006115,2022-07-30,Paid Search,51.6,Premium,33,Canada,1,119.97
C006116,2022-09-27,Email,34.72,Basic,49,US,0,359.76
C006117,2022-09-20,Email,38.99,Basic,21,Australia,1,9.99
C006118,2023-05-23,Referral,33.87,Standard,40,Australia,1,39.98
C006119,2023-10-31,Referral,26.08,Basic,42,Australia,1,29.97
C006120,2022-08-02,Organic,17.89,Standard,60,Germany,0,199.9
C006121,2023-10-20,Email,49.12,Basic,60,Australia,1,19.98
C006122,2022-02-26,Social Media,68.53,Standard,46,US,1,119.94
C006123,2022-07-12,Email,44.48,Premium,31,US,0,719.82
C006124,2023-03-11,Referral,54.79,Basic,40,France,1,9.99
C006125,2023-09-15,Social Media,50.13,Standard,43,Germany,1,19.99
C006126,2023-09-12,Paid Search,110.29,Basic,33,UK,1,59.94
C006127,2023-04-18,Organic,10.59,Basic,61,Canada,0,299.7
C006128,2023-06-20,Organic,25.63,Standard,22,Canada,1,59.97
C006129,2023-11-03,Organic,21.19,Basic,29,UK,1,19.98
C006130,2022-11-02,Paid Search,109.11,Standard,43,Canada,1,539.73
C006131,2023-07-02,Referral,31.73,Premium,52,Australia,1,119.97
C006132,2023-06-23,Email,27.71,Premium,28,UK,1,279.93
C006133,2023-04-25,Social Media,59.99,Basic,54,Germany,1,279.79
C006134,2022-07-10,Paid Search,86.72,Premium,52,Australia,0,279.93
C006135,2022-05-25,Affiliate,34.95,Premium,65,Canada,1,119.97
C006136,2022-12-31,Social Media,79.95,Basic,57,US,1,59.94
C006137,2023-08-13,Referral,51.27,Premium,37,France,0,959.76
C006138,2022-06-19,Paid Search,79.99,Standard,31,France,1,19.99
C006139,2023-05-16,Paid Search,77.75,Standard,58,UK,1,39.98
C006140,2022-05-29,Paid Search,87.23,Basic,62,UK,1,9.99
C006141,2023-02-26,Social Media,51.95,Standard,44,Germany,1,39.98
C006142,2022-10-08,Email,37.23,Basic,63,Canada,0,109.93
C006143,2022-04-11,Referral,29.24,Standard,26,US,0,59.97
C006144,2023-02-14,Paid Search,57.4,Basic,28,France,1,9.99
C006145,2023-03-29,Referral,35.99,Basic,40,France,1,19.98
C006146,2022-11-06,Organic,20.26,Basic,35,Canada,1,89.91
C006147,2022-03-23,Social Media,51.97,Standard,63,Canada,1,19.99
C006148,2022-08-08,Affiliate,35.17,Basic,44,France,1,9.99
C006149,2023-01-26,Organic,12.04,Basic,19,UK,1,39.97
C006150,2023-01-20,Organic,11.79,Standard,43,Australia,1,79.96
C006151,2022-01-23,Social Media,47.08,Standard,35,Germany,1,39.98
C006152,2022-12-26,Social Media,38.77,Basic,33,Germany,1,9.99
C006153,2023-06-03,Social Media,76.24,Premium,32,Germany,1,39.99
C006154,2023-04-08,Organic,29.77,Standard,30,Canada,1,19.99
C006155,2023-11-24,Social Media,61.59,Basic,39,France,1,179.82
C006156,2022-12-29,Affiliate,36.41,Basic,18,UK,1,289.71
C006157,2022-01-08,Organic,11.85,Premium,59,UK,1,39.99
C006158,2022-06-05,Referral,51.02,Premium,51,Germany,1,279.93
C006159,2023-08-25,Referral,56.28,Standard,62,US,1,19.99
C006160,2023-10-30,Affiliate,58.64,Basic,31,Germany,0,149.85
C006161,2023-06-28,Paid Search,87.46,Standard,21,France,1,99.95
C006162,2022-11-29,Affiliate,45.24,Basic,55,UK,1,79.92
C006163,2022-09-22,Organic,25.62,Standard,23,Germany,1,279.86
C006164,2023-12-01,Social Media,31.66,Basic,30,Germany,1,0.0
C006165,2022-09-23,Organic,14.81,Standard,58,Canada,1,39.98
C006166,2023-07-30,Social Media,39.44,Standard,48,Germany,0,199.9
C006167,2022-02-04,Organic,23.82,Basic,49,France,1,19.98
C006168,2022-12-05,Affiliate,46.43,Basic,63,US,1,9.99
C006169,2022-11-09,Paid Search,91.57,Basic,36,France,1,29.97
C006170,2023-02-01,Referral,43.04,Basic,23,Australia,1,9.99
C006171,2023-05-03,Affiliate,47.93,Basic,45,UK,1,79.92
C006172,2023-05-02,Social Media,38.43,Basic,18,US,1,49.95
C006173,2023-03-01,Affiliate,55.56,Premium,63,US,1,999.75
C006174,2023-10-26,Referral,28.19,Basic,55,Australia,0,19.98
C006175,2022-10-19,Affiliate,50.05,Standard,32,Canada,1,19.99
C006176,2023-11-22,Organic,26.32,Standard,53,UK,0,659.67
C006177,2022-06-16,Referral,31.14,Standard,56,Germany,1,279.86
C006178,2022-04-04,Affiliate,58.22,Premium,21,US,1,239.94
C006179,2023-04-01,Organic,19.3,Premium,24,UK,0,119.97
C006180,2023-12-01,Affiliate,44.92,Standard,39,Germany,1,159.92
C006181,2023-02-19,Organic,24.75,Basic,35,France,1,9.99
C006182,2022-11-05,Email,31.27,Standard,36,UK,1,239.88
C006183,2023-10-03,Affiliate,55.64,Standard,33,Canada,0,159.92
C006184,2022-12-26,Paid Search,105.1,Premium,52,UK,1,119.97
C006185,2023-10-18,Paid Search,83.84,Standard,48,Australia,1,259.87
C006186,2023-01-03,Referral,46.34,Standard,53,US,1,99.95
C006187,2023-11-07,Paid Search,53.38,Basic,38,Germany,0,19.98
C006188,2022-10-08,Affiliate,38.25,Standard,24,US,1,19.99
C006189,2022-12-16,Email,42.41,Premium,64,US,1,199.95
C006190,2023-06-22,Referral,58.39,Standard,51,France,1,39.98
C006191,2022-10-12,Organic,28.65,Premium,49,Australia,1,79.98
C006192,2023-08-14,Organic,12.32,Basic,22,Canada,0,19.98
C006193,2023-02-15,Social Media,42.73,Standard,23,US,1,39.98
C006194,2023-08-20,Email,29.64,Standard,47,Canada,1,679.66
C006195,2022-11-07,Paid Search,101.2,Basic,49,UK,1,49.95
C006196,2023-11-18,Email,56.69,Premium,39,Australia,1,219.92
C006197,2022-07-09,Paid Search,84.79,Standard,48,Canada,1,39.98
C006198,2023-07-27,Affiliate,53.55,Standard,47,US,1,39.98
C006199,2022-02-27,Referral,42.41,Premium,58,UK,0,319.92
C006200,2022-12-15,Paid Search,62.08,Premium,28,US,1,239.94
C006201,2023-10-28,Affiliate,50.84,Standard,53,UK,0,19.99
C006202,2022-06-19,Referral,39.32,Premium,21,France,1,39.99
C006203,2023-02-23,Affiliate,36.23,Standard,27,France,1,79.96
C006204,2023-03-17,Social Media,75.53,Standard,53,UK,1,39.98
C006205,2023-08-08,Affiliate,59.9,Basic,44,Canada,0,519.69
C006206,2023-02-17,Affiliate,41.18,Premium,63,US,0,39.99
C006207,2022-01-15,Paid Search,97.8,Standard,18,Australia,1,299.85
C006208,2023-08-31,Organic,18.94,Standard,49,France,1,179.91
C006209,2022-03-04,Email,45.26,Standard,44,Australia,1,19.99
C006210,2023-03-22,Email,28.99,Basic,63,US,1,9.99
C006211,2023-08-08,Email,29.38,Standard,56,UK,1,19.99
C006212,2023-11-20,Affiliate,47.66,Basic,37,France,1,59.94
C006213,2023-03-27,Referral,57.35,Basic,44,Canada,0,669.66
C006214,2022-03-02,Referral,51.94,Standard,35,Canada,1,139.93
C006215,2023-02-09,Social Media,52.08,Basic,43,Canada,0,169.91
C006216,2023-11-25,Social Media,34.49,Standard,28,France,1,79.96
C006217,2022-04-16,Referral,59.92,Basic,48,France,1,19.98
C006218,2022-12-25,Organic,27.18,Standard,30,Canada,1,399.8
C006219,2022-12-08,Paid Search,102.84,Basic,45,UK,1,9.99
C006220,2023-02-11,Email,59.67,Basic,31,UK,1,9.99
C006221,2023-02-03,Affiliate,58.08,Basic,28,Canada,1,259.83
C006222,2023-03-30,Paid Search,66.91,Standard,63,US,1,39.98
C006223,2023-04-18,Social Media,68.78,Basic,42,UK,1,229.79
C006224,2022-12-10,Organic,18.65,Basic,59,UK,1,19.98
C006225,2022-10-06,Referral,35.99,Basic,25,UK,1,19.98
C006226,2022-12-17,Affiliate,42.32,Basic,58,France,1,249.75
C006227,2023-08-31,Organic,11.24,Standard,31,Germany,1,59.97
C006228,2023-02-22,Email,57.23,Basic,49,Germany,1,19.98
C006229,2022-08-25,Paid Search,119.5,Basic,52,Canada,1,39.96
C006230,2023-02-14,Paid Search,104.13,Standard,32,Germany,1,19.99
C006231,2022-05-24,Paid Search,84.81,Basic,39,France,1,9.99
C006232,2022-08-01,Organic,10.71,Standard,63,Germany,0,239.88
C006233,2022-02-24,Organic,20.86,Standard,27,Australia,0,399.8
C006234,2022-08-01,Social Media,76.78,Basic,65,Germany,1,19.98
C006235,2022-01-12,Social Media,39.88,Basic,30,Australia,0,269.73
C006236,2022-05-07,Affiliate,45.07,Premium,50,UK,1,0.0
C006237,2023-07-01,Social Media,48.36,Standard,23,UK,1,199.9
C006238,2023-01-04,Affiliate,39.47,Standard,18,Canada,0,599.7
C006239,2023-04-21,Paid Search,80.79,Standard,63,Australia,1,119.94
C006240,2023-10-04,Social Media,67.64,Standard,25,Germany,1,19.99
C006241,2023-03-08,Email,46.35,Standard,59,Australia,1,419.79
C006242,2023-01-31,Social Media,48.48,Standard,37,Canada,1,19.99
C006243,2022-05-28,Organic,17.35,Standard,52,UK,1,59.97
C006244,2023-04-20,Email,46.75,Basic,19,Canada,1,279.74
C006245,2022-07-31,Affiliate,25.82,Standard,30,Australia,1,19.99
C006246,2023-09-09,Referral,40.9,Basic,31,Canada,1,39.96
C006247,2022-05-16,Email,59.68,Basic,54,US,1,19.98
C006248,2022-08-15,Email,38.27,Premium,47,Australia,1,39.99
C006249,2023-11-20,Email,54.5,Standard,23,Australia,1,59.97
C006250,2023-01-17,Organic,14.76,Basic,50,Canada,1,19.98
C006251,2023-08-19,Affiliate,36.82,Basic,41,US,1,59.94
C006252,2023-11-29,Affiliate,49.1,Basic,18,Germany,1,39.96
C006253,2023-03-23,Referral,55.08,Standard,51,Germany,1,539.73
C006254,2023-10-16,Affiliate,50.7,Basic,47,UK,0,9.99
C006255,2022-11-01,Referral,36.7,Basic,37,France,1,179.85
C006256,2023-08-14,Affiliate,41.28,Basic,53,France,1,199.82
C006257,2023-01-02,Affiliate,44.63,Premium,18,UK,1,119.97
C006258,2023-06-25,Social Media,39.26,Basic,48,Germany,1,69.93
C006259,2022-06-22,Paid Search,57.22,Basic,43,UK,1,9.99
C006260,2023-11-25,Referral,31.8,Standard,44,UK,0,139.93
C006261,2023-09-03,Email,30.29,Basic,56,Canada,1,9.99
C006262,2022-01-08,Paid Search,88.94,Basic,65,Canada,1,169.86
C006263,2023-03-01,Social Media,51.77,Standard,41,UK,1,19.99
C006264,2022-03-18,Referral,22.33,Basic,20,US,1,19.98
C006265,2022-06-03,Affiliate,54.09,Basic,27,Australia,1,9.99
C006266,2023-04-24,Paid Search,76.61,Basic,61,Australia,0,29.97
C006267,2022-06-21,Social Media,66.79,Standard,47,UK,0,39.98
C006268,2022-07-10,Paid Search,116.3,Basic,50,Germany,1,39.96
C006269,2022-10-02,Email,28.55,Premium,45,Australia,1,199.95
C006270,2023-02-05,Organic,25.94,Standard,20,France,1,39.98
C006271,2022-01-11,Social Media,57.44,Basic,64,Australia,1,9.99
C006272,2022-01-24,Affiliate,37.69,Premium,65,UK,1,39.99
C006273,2023-02-28,Social Media,45.21,Standard,53,France,1,159.92
C006274,2023-10-06,Affiliate,27.91,Basic,40,France,1,179.82
C006275,2023-01-07,Affiliate,57.58,Basic,45,US,0,509.71
C006276,2023-09-24,Affiliate,20.93,Basic,24,Germany,1,9.99
C006277,2022-10-27,Affiliate,46.28,Basic,53,US,1,9.99
C006278,2022-01-15,Social Media,47.5,Basic,33,Australia,1,9.99
C006279,2022-10-06,Referral,37.41,Standard,37,Canada,1,199.9
C006280,2023-05-21,Paid Search,98.21,Premium,52,Germany,1,39.99
C006281,2023-07-17,Organic,24.88,Standard,63,Canada,1,59.97
C006282,2022-05-14,Email,57.74,Basic,39,Germany,1,79.92
C006283,2023-03-24,Social Media,75.92,Basic,30,Germany,0,179.82
C006284,2023-07-10,Social Media,67.01,Basic,55,France,1,29.97
C006285,2023-07-07,Email,29.46,Basic,33,Canada,1,39.96
C006286,2022-12-30,Organic,22.12,Basic,38,France,1,79.92
C006287,2022-08-08,Email,21.62,Basic,38,US,1,39.96
C006288,2022-06-03,Paid Search,53.16,Premium,59,France,0,699.81
C006289,2023-11-21,Referral,31.22,Standard,58,UK,1,99.95
C006290,2022-09-29,Paid Search,70.87,Premium,40,Canada,1,79.98
C006291,2023-06-26,Referral,43.79,Basic,25,UK,1,9.99
C006292,2022-04-15,Affiliate,34.23,Basic,33,France,0,159.84
C006293,2023-04-08,Organic,10.1,Standard,31,Canada,1,119.94
C006294,2022-11-14,Referral,44.88,Basic,18,Canada,1,9.99
C006295,2023-08-25,Organic,14.24,Basic,46,Canada,1,9.99
C006296,2023-04-16,Referral,49.39,Standard,60,Australia,1,19.99
C006297,2022-03-25,Referral,23.24,Basic,39,US,1,39.96
C006298,2022-09-01,Affiliate,42.98,Standard,62,Canada,0,659.67
C006299,2022-12-26,Email,51.55,Standard,63,Australia,1,119.94
C006300,2022-03-13,Affiliate,42.52,Standard,20,Canada,1,459.77
C006301,2022-05-06,Social Media,56.06,Basic,31,Canada,1,19.98
C006302,2022-05-15,Email,36.64,Standard,43,US,1,319.84
C006303,2022-04-13,Paid Search,86.09,Basic,18,US,1,9.99
C006304,2022-06-21,Email,33.55,Premium,30,France,0,779.71
C006305,2022-01-12,Organic,29.83,Premium,22,UK,0,119.97
C006306,2022-10-29,Social Media,72.81,Basic,52,US,1,39.96
C006307,2023-01-19,Email,22.19,Standard,59,US,1,19.99
C006308,2023-09-05,Social Media,60.38,Standard,25,UK,1,179.91
C006309,2023-02-15,Affiliate,51.38,Basic,40,Canada,1,179.82
C006310,2022-05-04,Email,23.8,Standard,55,UK,1,239.88
C006311,2023-08-14,Referral,41.29,Basic,45,Australia,1,9.99
C006312,2023-05-20,Organic,19.66,Standard,59,Canada,1,19.99
C006313,2023-09-17,Paid Search,91.82,Basic,28,France,1,99.91
C006314,2023-01-10,Organic,19.81,Premium,24,France,1,479.88
C006315,2023-03-09,Organic,13.07,Standard,31,UK,0,179.91
C006316,2022-03-18,Paid Search,69.56,Basic,26,US,1,109.89
C006317,2023-07-31,Social Media,32.07,Basic,31,Germany,1,49.95
C006318,2023-11-24,Organic,28.71,Basic,41,France,1,19.98
C006319,2023-07-24,Social Media,49.27,Standard,34,France,1,139.93
C006320,2022-01-08,Referral,35.98,Basic,29,Germany,0,59.94
C006321,2022-05-15,Affiliate,21.31,Basic,21,Germany,0,149.85
C006322,2023-08-30,Social Media,77.16,Basic,49,Australia,0,229.77
C006323,2022-04-06,Paid Search,57.71,Standard,21,Australia,0,59.97
C006324,2022-03-06,Email,23.27,Basic,64,UK,1,39.96
C006325,2023-11-16,Affiliate,45.8,Basic,61,France,0,339.74
C006326,2023-09-16,Paid Search,63.7,Basic,40,France,1,19.98
C006327,2023-06-05,Referral,43.23,Premium,21,Germany,1,39.99
C006328,2022-06-04,Paid Search,58.05,Basic,60,Canada,0,9.99
C006329,2023-09-07,Referral,42.2,Standard,62,France,1,19.99
C006330,2022-04-18,Organic,27.63,Standard,58,US,1,19.99
C006331,2023-08-08,Referral,54.41,Basic,36,Canada,1,339.82
C006332,2022-02-01,Social Media,38.16,Basic,21,UK,1,29.97
C006333,2023-03-09,Organic,20.38,Basic,35,US,1,9.99
C006334,2023-07-25,Organic,15.06,Standard,44,US,0,279.86
C006335,2023-07-09,Affiliate,23.02,Standard,24,Canada,1,79.96
C006336,2022-02-09,Email,53.63,Basic,54,Canada,0,9.99
C006337,2022-09-27,Social Media,58.3,Basic,43,US,0,419.7
C006338,2023-08-28,Affiliate,52.46,Standard,50,US,1,19.99
C006339,2023-02-28,Paid Search,98.46,Basic,39,Germany,1,9.99
C006340,2023-03-19,Email,42.3,Standard,58,France,0,119.94
C006341,2022-12-23,Email,46.15,Basic,27,France,1,9.99
C006342,2022-10-08,Organic,16.1,Standard,60,US,1,99.95
C006343,2022-10-25,Email,34.36,Premium,59,Germany,0,119.97
C006344,2023-03-18,Paid Search,72.13,Basic,58,France,1,69.93
C006345,2022-10-22,Referral,36.25,Basic,23,France,1,29.97
C006346,2022-12-20,Paid Search,53.14,Basic,36,Germany,1,89.91
C006347,2022-05-23,Email,59.22,Basic,48,Canada,1,19.98
C006348,2023-11-20,Affiliate,35.01,Standard,55,US,1,19.99
C006349,2022-05-18,Affiliate,35.5,Standard,46,Germany,1,399.8
C006350,2022-03-28,Organic,25.17,Basic,64,France,1,19.98
C006351,2023-02-13,Referral,20.32,Basic,56,France,0,319.68
C006352,2022-05-11,Social Media,70.4,Basic,53,France,1,189.86
C006353,2023-10-09,Affiliate,36.52,Standard,25,Germany,1,79.96
C006354,2023-01-14,Referral,26.3,Basic,49,Australia,0,429.77
C006355,2022-10-30,Organic,13.16,Premium,49,UK,1,159.96
C006356,2022-07-31,Organic,24.34,Basic,27,Canada,1,69.93
C006357,2022-07-03,Paid Search,73.81,Basic,65,Germany,1,19.98
C006358,2022-02-04,Organic,20.42,Standard,51,France,1,59.97
C006359,2022-11-13,Email,35.62,Basic,29,US,0,349.79
C006360,2023-01-06,Organic,16.79,Basic,58,Canada,0,19.98
C006361,2022-08-22,Social Media,39.96,Basic,64,US,1,139.87
C006362,2023-06-12,Social Media,48.57,Basic,39,France,1,19.98
C006363,2023-10-01,Paid Search,70.17,Basic,27,UK,1,9.99
C006364,2022-05-07,Organic,22.09,Premium,55,Canada,1,39.99
C006365,2022-09-22,Affiliate,29.05,Basic,35,Australia,1,149.85
C006366,2023-10-19,Organic,15.62,Basic,52,Germany,1,39.96
C006367,2023-06-09,Paid Search,68.57,Premium,30,Australia,1,159.96
C006368,2023-10-13,Referral,55.04,Basic,52,UK,1,69.93
C006369,2022-11-08,Organic,25.13,Basic,25,Germany,0,39.96
C006370,2023-06-28,Paid Search,65.97,Basic,57,France,1,239.83
C006371,2023-11-29,Affiliate,40.68,Standard,59,US,1,59.97
C006372,2022-02-13,Affiliate,42.67,Basic,37,UK,1,69.93
C006373,2023-02-23,Social Media,79.67,Standard,57,Germany,0,419.79
C006374,2022-08-11,Affiliate,33.3,Standard,46,Canada,1,279.86
C006375,2022-12-22,Paid Search,79.19,Standard,37,France,0,299.85
C006376,2023-06-20,Email,25.75,Standard,49,Australia,0,439.78
C006377,2022-06-02,Social Media,45.54,Standard,26,Australia,0,199.9
C006378,2022-11-26,Paid Search,72.89,Basic,47,France,1,9.99
C006379,2023-11-27,Email,50.29,Standard,39,US,1,19.99
C006380,2022-09-13,Social Media,46.82,Basic,65,France,1,9.99
C006381,2022-07-11,Email,58.49,Basic,34,Germany,1,29.97
C006382,2023-02-11,Referral,37.41,Premium,63,US,0,199.95
C006383,2023-06-30,Paid Search,87.82,Premium,37,Canada,1,159.96
C006384,2023-05-28,Referral,23.16,Standard,21,Australia,1,39.98
C006385,2023-04-29,Social Media,40.38,Standard,31,Australia,1,379.81
C006386,2023-02-04,Email,34.4,Basic,41,Australia,0,309.76
C006387,2022-05-20,Referral,25.14,Standard,20,Germany,1,319.84
C006388,2022-10-30,Affiliate,55.94,Basic,34,UK,1,139.89
C006389,2022-01-04,Affiliate,52.76,Basic,42,US,0,9.99
C006390,2022-10-12,Social Media,47.77,Standard,56,Germany,1,39.98
C006391,2022-11-10,Social Media,65.39,Basic,31,UK,1,9.99
C006392,2022-03-12,Email,51.83,Premium,24,US,1,319.92
C006393,2023-12-01,Social Media,41.34,Standard,35,France,1,39.98
C006394,2023-04-07,Paid Search,93.56,Standard,47,US,0,479.76
C006395,2022-04-05,Organic,25.0,Standard,58,Canada,1,19.99
C006396,2022-08-20,Social Media,45.08,Standard,41,Australia,1,19.99
C006397,2023-07-10,Affiliate,34.24,Standard,44,Australia,0,639.68
C006398,2022-03-12,Affiliate,41.23,Standard,48,France,1,199.9
C006399,2023-02-18,Organic,28.96,Premium,26,US,1,39.99
C006400,2023-01-11,Email,43.63,Basic,34,UK,1,59.94
C006401,2023-04-13,Referral,59.11,Basic,26,Germany,0,429.76
C006402,2022-10-23,Email,54.7,Premium,31,UK,1,39.99
C006403,2022-05-01,Paid Search,61.72,Basic,56,Canada,1,69.93
C006404,2022-09-28,Email,21.64,Premium,18,Canada,1,39.99
C006405,2023-04-07,Paid Search,98.0,Premium,64,Australia,0,1399.65
C006406,2023-06-22,Paid Search,105.83,Standard,37,Germany,1,99.95
C006407,2023-04-28,Affiliate,54.34,Basic,47,US,1,129.87
C006408,2022-08-15,Referral,35.4,Premium,40,Germany,1,79.98
C006409,2022-01-13,Organic,23.44,Basic,63,UK,1,19.98
C006410,2022-06-15,Email,54.1,Basic,29,Australia,1,9.99
C006411,2023-10-23,Email,25.08,Standard,31,France,1,79.96
C006412,2023-03-02,Email,26.6,Standard,34,Germany,1,19.99
C006413,2022-05-17,Referral,30.46,Standard,56,UK,0,559.72
C006414,2022-07-22,Organic,28.13,Standard,41,Australia,0,139.93
C006415,2023-08-24,Referral,42.8,Standard,20,Germany,1,99.95
C006416,2023-02-15,Affiliate,58.66,Basic,35,France,1,79.93
C006417,2022-12-27,Paid Search,56.62,Basic,59,Canada,0,299.7
C006418,2022-07-30,Social Media,56.05,Standard,55,France,0,339.83
C006419,2022-04-04,Organic,29.33,Standard,45,Canada,1,19.99
C006420,2022-04-11,Paid Search,117.68,Basic,19,Germany,1,129.87
C006421,2022-08-29,Referral,42.29,Basic,63,US,1,89.91
C006422,2022-11-11,Email,48.41,Premium,42,Canada,1,499.84
C006423,2023-10-03,Email,23.79,Standard,64,Canada,1,39.98
C006424,2023-08-17,Social Media,76.29,Standard,53,Australia,1,279.86
C006425,2023-01-17,Email,57.28,Basic,57,UK,0,9.99
C006426,2023-05-27,Email,50.19,Premium,31,Germany,1,0.0
C006427,2022-07-18,Affiliate,35.76,Standard,29,Germany,0,439.78
C006428,2023-02-14,Referral,37.11,Basic,49,Canada,0,529.69
C006429,2023-08-05,Paid Search,75.26,Standard,22,UK,1,19.99
C006430,2022-11-13,Organic,19.71,Premium,22,France,0,1099.72
C006431,2022-12-21,Paid Search,104.21,Premium,19,France,1,359.91
C006432,2023-10-31,Email,51.98,Basic,49,UK,1,9.99
C006433,2022-07-16,Paid Search,92.55,Basic,49,Germany,1,69.94
C006434,2022-04-28,Social Media,73.29,Basic,22,US,1,29.97
C006435,2022-08-18,Email,24.25,Basic,18,Canada,1,9.99
C006436,2022-10-17,Paid Search,102.46,Basic,34,Germany,1,9.99
C006437,2023-09-26,Paid Search,103.07,Basic,55,France,0,469.76
C006438,2022-01-14,Organic,10.05,Standard,43,US,1,19.99
C006439,2023-01-29,Social Media,71.28,Standard,19,Canada,0,119.94
C006440,2023-10-06,Affiliate,44.11,Premium,39,Germany,1,159.96
C006441,2022-08-18,Email,46.46,Basic,47,France,1,9.99
C006442,2023-08-10,Referral,38.47,Basic,46,UK,1,39.96
C006443,2022-02-07,Email,47.02,Basic,29,UK,0,289.71
C006444,2023-04-15,Paid Search,80.26,Basic,29,US,1,9.99
C006445,2023-01-08,Email,51.94,Standard,46,UK,1,39.98
C006446,2022-10-01,Social Media,61.02,Basic,60,Australia,1,19.98
C006447,2023-01-08,Social Media,75.75,Basic,30,UK,0,119.88
C006448,2023-05-16,Referral,20.28,Basic,39,Canada,1,19.98
C006449,2023-11-26,Email,23.83,Premium,61,Germany,1,79.98
C006450,2022-07-30,Affiliate,52.33,Standard,44,US,1,39.98
C006451,2023-08-24,Referral,40.32,Basic,53,Australia,0,269.73
C006452,2023-07-03,Affiliate,47.47,Basic,22,US,1,19.98
C006453,2023-06-21,Social Media,63.68,Basic,40,France,1,39.96
C006454,2023-01-23,Referral,54.48,Standard,55,Canada,0,579.71
C006455,2022-08-06,Affiliate,56.63,Premium,44,Canada,1,399.9
C006456,2022-10-06,Referral,22.04,Basic,27,Germany,1,19.98
C006457,2023-02-10,Referral,46.31,Premium,40,France,0,1279.68
C006458,2023-02-08,Social Media,66.77,Standard,59,Australia,1,199.9
C006459,2023-02-01,Referral,44.76,Standard,58,Canada,0,519.74
C006460,2023-03-30,Affiliate,23.13,Basic,58,Australia,0,109.89
C006461,2022-09-02,Social Media,72.68,Premium,38,Australia,1,119.97
C006462,2022-02-06,Affiliate,45.54,Basic,41,UK,1,299.72
C006463,2023-03-30,Referral,26.79,Standard,53,Australia,1,79.96
C006464,2022-10-07,Affiliate,53.27,Standard,43,Canada,1,19.99
C006465,2022-08-21,Affiliate,44.95,Basic,19,UK,1,159.84
C006466,2023-03-28,Social Media,43.98,Premium,20,Germany,1,479.88
C006467,2023-06-22,Organic,17.49,Standard,30,Australia,1,39.98
C006468,2023-07-01,Social Media,76.25,Standard,29,Australia,0,119.94
C006469,2023-09-14,Organic,14.95,Standard,37,Australia,0,79.96
C006470,2023-06-22,Organic,23.93,Basic,19,Germany,1,9.99
C006471,2022-08-15,Referral,28.36,Premium,35,US,1,799.8
C006472,2022-12-27,Organic,24.43,Basic,29,Australia,1,59.96
C006473,2022-09-21,Organic,16.28,Basic,65,UK,1,129.87
C006474,2023-02-22,Social Media,55.83,Premium,46,Australia,1,599.85
C006475,2023-08-19,Referral,28.24,Premium,43,Germany,1,159.96
C006476,2022-10-15,Affiliate,37.08,Standard,43,Germany,1,159.92
C006477,2022-02-08,Paid Search,65.29,Premium,26,Germany,1,79.98
C006478,2022-07-21,Email,44.77,Basic,39,France,1,59.94
C006479,2022-05-31,Organic,24.17,Standard,36,US,1,339.83
C006480,2022-02-24,Organic,10.42,Standard,45,US,1,59.97
C006481,2023-05-10,Email,24.41,Premium,38,US,1,159.96
C006482,2023-02-06,Social Media,78.84,Basic,47,Germany,1,19.98
C006483,2023-08-03,Affiliate,38.77,Standard,33,US,1,119.94
C006484,2023-03-14,Organic,15.27,Basic,38,Germany,1,19.98
C006485,2023-11-03,Social Media,43.48,Premium,51,France,0,1319.67
C006486,2022-08-04,Social Media,31.15,Standard,40,Australia,0,299.85
C006487,2023-10-19,Affiliate,27.34,Basic,47,US,0,169.83
C006488,2023-02-18,Email,38.81,Basic,48,US,1,9.99
C006489,2023-05-08,Organic,22.73,Premium,52,Australia,1,39.99
C006490,2022-05-03,Paid Search,91.98,Basic,64,Germany,1,179.82
C006491,2022-04-08,Paid Search,89.9,Basic,49,Germany,1,19.98
C006492,2022-09-17,Social Media,59.91,Standard,37,Australia,1,99.95
C006493,2022-04-15,Affiliate,49.46,Basic,33,Germany,1,19.98
C006494,2023-02-26,Email,37.84,Basic,62,France,1,149.85
C006495,2022-01-12,Referral,43.15,Standard,58,Germany,0,379.81
C006496,2023-10-19,Social Media,35.96,Basic,45,Canada,1,39.96
C006497,2022-02-11,Referral,21.43,Basic,31,France,1,9.99
C006498,2023-11-29,Affiliate,32.06,Standard,35,France,1,99.95
C006499,2022-07-20,Organic,14.56,Standard,40,Germany,1,159.92
C006500,2022-08-07,Referral,57.19,Basic,36,Australia,1,49.95
C006501,2023-11-26,Organic,27.36,Premium,57,UK,1,119.97
C006502,2023-05-06,Paid Search,85.99,Standard,30,US,1,19.99
C006503,2023-04-08,Email,54.77,Standard,60,Germany,0,479.76
C006504,2022-09-20,Paid Search,101.75,Basic,49,Australia,1,0.0
C006505,2023-06-16,Social Media,67.31,Standard,35,Canada,1,199.9
C006506,2022-10-01,Organic,21.02,Standard,38,Australia,0,379.81
C006507,2023-08-25,Paid Search,51.68,Premium,58,US,0,159.94
C006508,2023-04-18,Affiliate,55.5,Basic,63,Canada,1,19.98
C006509,2022-06-08,Referral,44.77,Standard,25,Australia,0,19.99
C006510,2023-01-06,Paid Search,64.47,Premium,20,UK,1,79.98
C006511,2023-09-14,Email,46.34,Basic,30,UK,1,79.92
C006512,2022-01-22,Email,52.9,Basic,33,Canada,1,9.99
C006513,2023-02-14,Social Media,43.24,Basic,33,US,1,39.96
C006514,2023-03-27,Email,45.71,Basic,40,Canada,1,99.92
C006515,2022-03-03,Paid Search,97.78,Basic,28,US,1,29.97
C006516,2022-05-01,Paid Search,110.65,Standard,40,UK,0,39.98
C006517,2022-04-06,Email,59.06,Basic,19,Canada,1,229.77
C006518,2022-05-12,Paid Search,55.49,Premium,26,Australia,1,39.99
C006519,2022-02-09,Affiliate,54.17,Premium,26,US,1,319.92
C006520,2022-11-05,Email,54.98,Standard,20,France,1,99.95
C006521,2022-09-01,Organic,28.19,Basic,51,Canada,1,9.99
C006522,2023-04-05,Paid Search,114.07,Basic,49,France,1,109.89
C006523,2023-04-03,Paid Search,91.08,Standard,65,UK,1,39.98
C006524,2022-10-05,Affiliate,33.18,Standard,33,France,1,39.98
C006525,2022-04-18,Social Media,72.9,Standard,49,UK,1,19.99
C006526,2023-11-26,Paid Search,103.53,Premium,45,Canada,0,239.94
C006527,2022-05-15,Email,34.2,Premium,50,Canada,0,519.87
C006528,2022-07-09,Social Media,48.26,Basic,44,France,1,49.95
C006529,2023-06-23,Affiliate,48.95,Basic,39,France,0,159.85
C006530,2022-02-12,Paid Search,53.75,Standard,54,Germany,0,239.88
C006531,2023-09-28,Social Media,72.25,Basic,50,Germany,0,119.88
C006532,2023-02-01,Organic,23.5,Basic,63,Canada,1,59.94
C006533,2023-06-09,Email,31.27,Standard,63,Canada,1,79.96
C006534,2022-02-01,Email,42.88,Standard,36,Germany,0,399.8
C006535,2022-10-25,Organic,14.75,Basic,46,Germany,1,139.86
C006536,2023-09-02,Social Media,47.33,Basic,62,UK,1,139.87
C006537,2023-01-13,Social Media,55.42,Basic,21,France,1,9.99
C006538,2022-05-18,Affiliate,26.1,Basic,39,Canada,1,79.92
C006539,2023-04-03,Referral,45.1,Premium,35,Canada,1,779.7
C006540,2023-08-12,Paid Search,75.9,Premium,25,UK,1,39.99
C006541,2022-08-11,Email,37.9,Premium,65,France,1,919.77
C006542,2022-09-12,Referral,43.85,Standard,19,Germany,1,199.9
C006543,2022-03-05,Affiliate,31.4,Basic,41,France,1,79.92
C006544,2022-10-19,Email,53.29,Standard,65,Germany,1,119.94
C006545,2023-04-18,Social Media,76.1,Standard,24,Germany,0,599.7
C006546,2023-03-13,Paid Search,63.82,Standard,44,Australia,1,59.97
C006547,2023-05-16,Organic,13.08,Basic,32,Canada,1,49.95
C006548,2022-01-31,Paid Search,104.36,Basic,34,France,1,9.99
C006549,2022-01-22,Referral,32.05,Standard,27,Germany,1,99.95
C006550,2022-06-01,Affiliate,39.31,Basic,22,Canada,1,9.99
C006551,2023-01-12,Organic,23.87,Basic,24,Germany,0,279.72
C006552,2023-10-15,Organic,11.12,Basic,41,Canada,0,19.98
C006553,2023-07-24,Paid Search,105.32,Basic,57,Canada,1,19.98
C006554,2023-01-08,Referral,52.06,Premium,45,France,1,39.99
C006555,2023-11-11,Paid Search,64.25,Standard,60,Germany,1,59.97
C006556,2023-03-01,Referral,40.36,Standard,57,Canada,1,119.94
C006557,2022-01-08,Social Media,79.43,Standard,23,US,1,139.93
C006558,2023-05-30,Referral,50.37,Basic,30,US,0,629.66
C006559,2023-05-01,Organic,17.41,Basic,48,France,1,69.93
C006560,2022-11-25,Paid Search,56.54,Standard,47,France,1,239.88
C006561,2022-08-26,Paid Search,77.37,Basic,20,France,1,29.97
C006562,2023-11-30,Paid Search,110.92,Standard,44,US,1,159.92
C006563,2023-06-21,Email,58.23,Premium,50,France,1,119.97
C006564,2022-12-25,Affiliate,47.17,Premium,20,Canada,1,639.84
C006565,2023-01-16,Email,27.88,Basic,24,Canada,1,9.99
C006566,2022-07-29,Paid Search,53.06,Basic,21,US,1,119.88
C006567,2023-09-18,Affiliate,27.59,Standard,33,Australia,1,159.92
C006568,2022-08-11,Email,37.34,Basic,20,UK,0,139.86
C006569,2022-01-03,Affiliate,46.76,Basic,53,Australia,1,29.97
C006570,2023-04-04,Email,26.78,Standard,22,France,1,19.99
C006571,2023-06-30,Email,28.45,Basic,46,France,1,159.86
C006572,2022-04-12,Referral,50.92,Basic,33,Australia,1,9.99
C006573,2022-10-07,Paid Search,101.74,Standard,37,France,0,659.67
C006574,2022-04-05,Paid Search,70.58,Standard,43,Germany,1,39.98
C006575,2022-10-27,Referral,31.12,Standard,44,Canada,1,59.97
C006576,2022-10-09,Organic,15.15,Standard,30,Australia,1,39.98
C006577,2022-06-20,Referral,43.97,Basic,33,Germany,1,539.66
C006578,2023-09-01,Affiliate,33.09,Basic,62,France,0,329.81
C006579,2023-05-01,Referral,52.99,Basic,57,France,0,9.99
C006580,2022-06-22,Social Media,49.41,Basic,23,Canada,1,39.96
C006581,2022-09-21,Referral,52.62,Basic,54,France,0,19.98
C006582,2022-12-09,Paid Search,56.43,Basic,45,Germany,1,29.97
C006583,2022-11-15,Affiliate,25.77,Standard,18,UK,1,19.99
C006584,2023-10-04,Referral,51.69,Standard,18,France,1,59.97
C006585,2023-08-02,Referral,30.73,Premium,42,Germany,1,79.98
C006586,2023-03-05,Affiliate,59.84,Standard,25,Australia,1,299.85
C006587,2023-07-05,Paid Search,108.78,Standard,27,UK,1,39.98
C006588,2023-11-12,Affiliate,45.21,Premium,26,Canada,1,39.99
C006589,2023-01-28,Email,39.63,Basic,21,UK,1,29.97
C006590,2023-04-24,Paid Search,66.13,Standard,35,US,1,619.69
C006591,2023-02-01,Affiliate,48.49,Basic,44,Germany,1,19.98
C006592,2022-11-05,Affiliate,55.33,Standard,38,Germany,1,279.86
C006593,2023-05-29,Paid Search,53.6,Basic,39,Canada,1,109.89
C006594,2023-08-22,Referral,47.46,Premium,38,Australia,1,559.86
C006595,2023-04-06,Affiliate,35.98,Standard,41,Germany,1,39.98
C006596,2023-05-30,Referral,42.46,Basic,40,Canada,1,19.98
C006597,2022-03-10,Affiliate,25.27,Basic,65,Germany,1,119.88
C006598,2023-10-30,Referral,30.45,Basic,56,Canada,1,49.95
C006599,2022-08-08,Referral,56.62,Basic,20,Canada,1,69.93
C006600,2023-02-25,Organic,15.11,Basic,30,Canada,1,9.99
C006601,2022-09-17,Paid Search,52.96,Basic,23,Australia,1,9.99
C006602,2023-06-07,Referral,37.72,Basic,24,Canada,0,19.98
C006603,2022-05-21,Organic,14.99,Basic,54,US,0,9.99
C006604,2023-08-09,Email,33.9,Premium,19,Canada,1,39.99
C006605,2023-02-23,Social Media,61.37,Basic,38,France,0,459.76
C006606,2022-11-24,Organic,20.87,Standard,30,UK,1,39.98
C006607,2022-07-10,Affiliate,42.51,Premium,48,Germany,0,959.76
C006608,2023-02-25,Affiliate,59.8,Basic,49,Australia,1,59.95
C006609,2023-08-29,Affiliate,48.67,Standard,26,UK,1,39.98
C006610,2022-07-29,Email,23.83,Basic,65,France,1,9.99
C006611,2023-09-23,Organic,24.73,Basic,20,Canada,1,9.99
C006612,2022-06-04,Paid Search,92.22,Standard,40,Germany,1,59.97
C006613,2023-11-02,Social Media,59.02,Standard,41,France,1,179.91
C006614,2023-09-05,Organic,16.68,Basic,19,Australia,1,9.99
C006615,2022-07-04,Social Media,60.82,Basic,25,Canada,1,59.94
C006616,2022-08-09,Social Media,75.18,Standard,30,US,1,19.99
C006617,2022-11-16,Organic,22.55,Basic,65,Australia,0,449.71
C006618,2023-01-11,Organic,14.42,Basic,18,France,1,9.99
C006619,2022-06-06,Paid Search,57.61,Standard,47,Canada,1,79.96
C006620,2022-12-14,Paid Search,107.62,Basic,46,UK,1,99.91
C006621,2022-06-08,Organic,15.67,Basic,26,Germany,0,239.76
C006622,2022-10-16,Paid Search,105.99,Basic,45,Germany,1,109.89
C006623,2022-12-26,Referral,54.24,Basic,30,Germany,1,9.99
C006624,2022-03-30,Referral,58.72,Basic,19,Germany,0,269.78
C006625,2022-05-30,Social Media,52.68,Basic,27,Germany,1,9.99
C006626,2023-04-13,Paid Search,112.6,Standard,43,Australia,1,0.0
C006627,2023-04-30,Affiliate,22.3,Basic,38,US,1,39.96
C006628,2022-01-08,Organic,27.79,Basic,65,Australia,1,39.96
C006629,2023-03-24,Email,39.5,Basic,18,Canada,1,0.0
C006630,2023-04-19,Organic,25.45,Premium,23,Australia,1,359.91
C006631,2023-06-20,Organic,26.99,Basic,62,France,1,109.89
C006632,2022-07-27,Paid Search,118.03,Basic,30,France,1,9.99
C006633,2022-08-24,Affiliate,56.76,Basic,41,Canada,1,19.98
C006634,2023-06-27,Social Media,66.7,Standard,23,Germany,0,699.65
C006635,2022-12-05,Referral,52.71,Premium,55,Canada,1,199.95
C006636,2022-07-12,Paid Search,110.25,Standard,32,US,0,479.76
C006637,2022-06-01,Social Media,38.83,Standard,44,Australia,1,139.93
C006638,2023-06-26,Social Media,61.4,Standard,65,US,1,19.99
C006639,2023-08-11,Organic,12.85,Basic,22,Australia,1,19.98
C006640,2022-03-08,Social Media,65.5,Standard,20,Canada,1,239.88
C006641,2022-04-11,Organic,22.14,Basic,43,Canada,1,69.94
C006642,2022-09-11,Paid Search,118.64,Basic,33,US,1,9.99
C006643,2022-11-20,Referral,48.35,Basic,37,UK,1,29.97
C006644,2023-04-22,Affiliate,54.82,Basic,52,Canada,0,69.93
C006645,2022-05-03,Referral,50.84,Basic,46,Germany,0,99.9
C006646,2022-02-03,Affiliate,45.87,Basic,47,US,1,289.71
C006647,2022-10-04,Referral,22.46,Standard,39,Australia,1,19.99
C006648,2023-09-30,Paid Search,88.63,Standard,32,UK,0,59.97
C006649,2023-10-05,Email,49.79,Basic,59,France,1,39.96
C006650,2023-01-19,Referral,41.17,Basic,56,Germany,1,19.98
C006651,2023-01-19,Organic,17.09,Basic,65,UK,1,9.99
C006652,2023-07-31,Paid Search,52.14,Standard,21,Australia,1,599.7
C006653,2022-12-22,Affiliate,34.52,Standard,23,Germany,1,99.95
C006654,2023-09-14,Email,27.57,Standard,22,Germany,1,19.99
C006655,2023-08-26,Paid Search,119.65,Basic,59,Germany,1,239.83
C006656,2022-01-29,Email,44.09,Standard,64,Canada,0,499.75
C006657,2022-02-14,Referral,34.02,Standard,58,Canada,1,39.98
C006658,2022-12-30,Paid Search,118.54,Basic,30,Canada,1,109.89
C006659,2023-04-24,Organic,23.28,Premium,42,Canada,0,999.75
C006660,2022-01-07,Email,30.44,Basic,18,Germany,1,29.97
C006661,2023-07-05,Affiliate,32.81,Basic,64,UK,1,459.65
C006662,2023-04-06,Organic,21.62,Standard,44,US,1,19.99
C006663,2022-05-12,Affiliate,46.31,Standard,22,US,0,639.68
C006664,2023-07-29,Referral,40.5,Premium,65,US,0,39.99
C006665,2022-01-28,Email,55.45,Standard,45,US,0,219.89
C006666,2023-08-25,Affiliate,22.72,Basic,54,US,1,49.95
C006667,2023-07-24,Organic,23.07,Basic,30,UK,1,59.94
C006668,2023-05-27,Affiliate,36.25,Basic,19,Canada,1,149.9
C006669,2023-11-16,Affiliate,47.61,Basic,49,Germany,1,9.99
C006670,2022-02-20,Organic,15.55,Standard,26,Australia,1,19.99
C006671,2023-01-30,Email,25.18,Premium,24,France,1,79.98
C006672,2022-12-10,Referral,45.9,Standard,56,Germany,1,19.99
C006673,2022-11-10,Referral,21.13,Basic,30,Australia,1,129.93
C006674,2022-11-22,Email,34.48,Standard,54,Australia,1,99.95
C006675,2022-04-25,Email,52.7,Basic,40,US,1,69.93
C006676,2022-07-29,Social Media,50.06,Premium,64,France,1,39.99
C006677,2023-11-10,Referral,51.88,Standard,60,France,0,379.81
C006678,2022-06-28,Social Media,32.24,Basic,24,Germany,1,229.77
C006679,2023-04-24,Affiliate,30.63,Standard,51,Germany,0,79.96
C006680,2023-10-17,Referral,27.57,Standard,53,UK,0,219.89
C006681,2022-04-26,Referral,49.08,Basic,46,Canada,1,129.87
C006682,2023-05-27,Referral,44.29,Basic,57,France,1,0.0
C006683,2023-11-14,Affiliate,57.8,Standard,37,UK,0,279.86
C006684,2023-07-04,Paid Search,76.1,Standard,55,Germany,1,19.99
C006685,2022-05-08,Paid Search,74.55,Standard,23,France,0,619.69
C006686,2022-07-24,Organic,23.94,Premium,45,Australia,1,79.98
C006687,2023-08-15,Organic,12.97,Standard,25,France,1,19.99
C006688,2022-04-02,Email,36.81,Standard,30,UK,0,319.84
C006689,2023-01-14,Paid Search,97.48,Basic,22,UK,1,69.93
C006690,2023-07-23,Referral,42.27,Basic,59,Germany,1,39.96
C006691,2023-06-28,Paid Search,86.09,Standard,48,Canada,1,159.92
C006692,2022-08-26,Paid Search,73.06,Basic,45,Australia,0,129.87
C006693,2022-06-25,Organic,12.72,Standard,53,Germany,1,19.99
C006694,2022-09-17,Referral,40.17,Basic,53,UK,1,119.9
C006695,2023-02-17,Email,54.18,Standard,36,Australia,1,159.92
C006696,2023-01-13,Organic,19.04,Standard,28,UK,0,79.96
C006697,2022-05-21,Email,28.84,Basic,47,France,1,189.81
C006698,2023-03-18,Social Media,75.28,Basic,33,France,1,49.95
C006699,2023-10-29,Social Media,64.28,Standard,46,Canada,0,379.81
C006700,2023-10-22,Affiliate,22.22,Basic,48,Australia,1,59.94
C006701,2023-11-08,Referral,48.99,Standard,54,US,0,79.96
C006702,2023-04-15,Social Media,40.19,Premium,60,Canada,1,79.98
C006703,2022-08-05,Social Media,62.04,Basic,33,France,1,29.97
C006704,2022-03-20,Organic,23.8,Basic,20,France,1,29.97
C006705,2022-05-25,Referral,26.32,Standard,50,US,1,39.98
C006706,2022-07-12,Referral,43.66,Premium,46,Australia,1,0.0
C006707,2022-12-27,Referral,27.46,Standard,30,UK,1,39.98
C006708,2023-08-14,Organic,18.14,Basic,47,US,1,129.87
C006709,2023-06-18,Email,32.62,Basic,54,Canada,1,9.99
C006710,2022-08-22,Email,45.73,Basic,24,US,1,79.92
C006711,2022-03-11,Organic,16.0,Premium,65,France,1,79.98
C006712,2023-05-01,Social Media,61.11,Basic,55,UK,1,19.98
C006713,2022-04-28,Organic,12.14,Standard,22,France,1,59.97
C006714,2023-07-13,Affiliate,44.6,Standard,57,Australia,1,59.97
C006715,2022-04-27,Paid Search,117.16,Standard,58,France,1,79.96
C006716,2022-09-09,Social Media,52.41,Premium,31,France,1,159.96
C006717,2022-11-11,Email,55.51,Basic,23,Canada,0,9.99
C006718,2023-05-27,Organic,27.1,Basic,41,Germany,0,99.9
C006719,2022-02-24,Affiliate,23.7,Premium,44,Canada,1,39.99
C006720,2022-06-15,Referral,27.5,Standard,39,Canada,1,39.98
C006721,2022-10-18,Referral,59.57,Basic,29,US,1,9.99
C006722,2022-08-25,Social Media,65.45,Standard,57,Australia,1,19.99
C006723,2022-06-23,Paid Search,96.45,Standard,18,Germany,0,239.88
C006724,2022-03-27,Referral,29.84,Basic,35,Germany,1,29.97
C006725,2023-01-28,Organic,28.37,Standard,39,Canada,1,19.99
C006726,2023-04-29,Affiliate,21.98,Standard,44,US,1,39.98
C006727,2022-09-13,Email,41.02,Premium,21,Germany,1,119.95
C006728,2023-08-15,Social Media,35.42,Basic,26,US,1,19.98
C006729,2022-09-23,Affiliate,50.5,Basic,29,US,1,29.97
C006730,2022-06-24,Paid Search,70.37,Basic,39,Germany,1,89.91
C006731,2022-03-10,Referral,40.58,Premium,39,Germany,1,39.99
C006732,2022-09-17,Affiliate,53.2,Standard,39,Canada,0,579.71
C006733,2022-05-05,Paid Search,65.28,Basic,43,Canada,1,19.98
C006734,2022-01-13,Paid Search,86.25,Premium,56,US,1,279.93
C006735,2022-12-03,Referral,47.87,Premium,53,US,1,239.94
C006736,2023-03-26,Affiliate,44.5,Standard,64,Germany,1,139.93
C006737,2023-07-16,Paid Search,89.61,Standard,29,Australia,1,39.98
C006738,2022-11-08,Email,27.13,Basic,55,US,1,19.98
C006739,2023-10-21,Affiliate,24.11,Basic,54,France,1,29.97
C006740,2023-09-15,Social Media,55.19,Basic,36,US,0,129.93
C006741,2022-03-28,Paid Search,107.09,Premium,62,Australia,1,199.95
C006742,2023-02-11,Email,43.24,Standard,36,UK,0,339.83
C006743,2023-02-27,Social Media,37.69,Premium,28,Australia,1,79.98
C006744,2022-02-01,Organic,19.0,Premium,27,US,0,1099.72
C006745,2023-09-27,Email,45.86,Standard,45,France,1,159.92
C006746,2023-05-31,Email,58.41,Basic,41,France,1,249.75
C006747,2022-11-01,Email,22.96,Standard,47,UK,0,279.86
C006748,2023-09-07,Organic,14.95,Basic,60,Canada,1,239.85
C006749,2023-09-14,Organic,28.26,Basic,35,Australia,0,489.69
C006750,2023-10-17,Email,24.95,Premium,38,UK,1,239.94
C006751,2022-06-03,Affiliate,24.55,Standard,24,US,0,519.74
C006752,2022-07-15,Organic,20.35,Premium,31,US,1,119.97
C006753,2023-01-03,Referral,53.15,Standard,28,UK,1,39.98
C006754,2022-10-24,Paid Search,88.02,Premium,18,Australia,1,759.81
C006755,2022-05-09,Paid Search,111.7,Premium,34,Germany,1,79.98
C006756,2022-06-28,Referral,39.06,Basic,33,UK,1,39.96
C006757,2022-01-11,Paid Search,71.92,Premium,34,UK,1,119.97
C006758,2022-09-05,Email,36.96,Standard,46,Germany,0,479.76
C006759,2023-01-30,Organic,16.22,Basic,64,UK,0,219.87
C006760,2023-10-30,Affiliate,57.35,Standard,52,Germany,1,159.92
C006761,2023-10-18,Affiliate,56.4,Basic,43,Germany,1,19.98
C006762,2022-11-06,Organic,29.43,Standard,49,Germany,1,259.87
C006763,2022-05-18,Organic,10.79,Standard,29,Canada,1,59.97
C006764,2022-02-23,Organic,14.82,Basic,20,Canada,1,19.98
C006765,2022-03-16,Organic,23.76,Standard,56,Australia,1,79.96
C006766,2023-05-20,Paid Search,69.86,Basic,26,Canada,1,9.99
C006767,2022-10-11,Paid Search,80.26,Basic,22,Germany,0,149.85
C006768,2023-11-14,Email,43.7,Basic,29,Germany,1,39.96
C006769,2023-03-21,Affiliate,58.14,Standard,32,France,0,479.76
C006770,2023-07-19,Social Media,64.97,Basic,60,US,0,309.69
C006771,2023-07-19,Paid Search,105.65,Standard,30,Germany,1,39.98
C006772,2023-10-26,Paid Search,117.92,Standard,47,France,1,19.99
C006773,2023-10-29,Referral,40.64,Basic,65,US,1,9.99
C006774,2022-10-08,Paid Search,95.55,Basic,47,Australia,1,59.94
C006775,2022-08-25,Organic,20.42,Standard,55,UK,1,79.96
C006776,2022-03-14,Organic,24.51,Standard,55,UK,1,19.99
C006777,2023-11-22,Organic,23.02,Basic,37,Australia,1,19.98
C006778,2023-04-24,Affiliate,22.28,Basic,48,Australia,0,119.88
C006779,2022-01-04,Referral,39.18,Basic,53,France,1,69.93
C006780,2022-11-01,Email,31.3,Standard,57,Germany,1,19.99
C006781,2022-07-22,Social Media,52.8,Standard,63,Germany,1,19.99
C006782,2022-05-09,Organic,14.75,Premium,38,France,1,159.96
C006783,2023-01-03,Organic,22.22,Standard,53,Canada,1,59.97
C006784,2023-01-03,Social Media,67.41,Basic,41,France,1,29.97
C006785,2022-12-07,Social Media,35.04,Standard,30,Australia,1,179.91
C006786,2022-02-05,Affiliate,33.1,Basic,36,US,0,299.8
C006787,2023-08-19,Referral,28.33,Standard,25,Australia,1,339.83
C006788,2022-04-12,Organic,21.93,Basic,39,US,0,49.95
C006789,2023-11-20,Paid Search,118.41,Standard,45,UK,1,119.94
C006790,2023-02-16,Social Media,66.71,Basic,39,Australia,1,59.94
C006791,2022-02-01,Social Media,33.24,Basic,27,UK,1,9.99
C006792,2022-08-31,Social Media,36.72,Premium,49,France,1,39.99
C006793,2023-04-23,Organic,29.86,Basic,61,UK,1,19.98
C006794,2022-08-10,Affiliate,53.02,Basic,51,US,1,49.95
C006795,2023-03-28,Organic,27.74,Premium,57,Australia,1,119.97
C006796,2023-08-07,Paid Search,74.73,Premium,61,Germany,1,39.99
C006797,2023-11-30,Affiliate,32.81,Basic,25,US,1,9.99
C006798,2022-06-15,Referral,49.97,Premium,45,UK,1,639.84
C006799,2023-05-25,Paid Search,54.92,Basic,31,UK,1,19.98
C006800,2022-04-18,Organic,29.93,Standard,28,UK,0,239.88
C006801,2022-02-25,Referral,49.28,Basic,55,Canada,1,19.98
C006802,2023-11-21,Organic,10.54,Standard,52,US,0,339.83
C006803,2023-06-06,Organic,14.87,Basic,53,Canada,0,39.96
C006804,2022-04-05,Affiliate,21.5,Basic,22,France,0,9.99
C006805,2022-06-06,Social Media,33.79,Basic,52,US,0,509.67
C006806,2023-04-04,Organic,12.69,Basic,45,US,0,609.66
C006807,2023-03-11,Affiliate,42.01,Standard,59,Australia,1,19.99
C006808,2022-07-16,Paid Search,103.16,Basic,56,France,0,309.79
C006809,2023-05-05,Organic,14.19,Basic,19,Canada,1,9.99
C006810,2022-07-12,Affiliate,32.46,Basic,31,Australia,1,19.98
C006811,2022-07-29,Social Media,45.27,Basic,44,Canada,1,219.86
C006812,2022-03-09,Organic,26.1,Basic,43,US,1,9.99
C006813,2022-03-09,Organic,22.58,Basic,25,UK,1,49.95
C006814,2022-12-11,Social Media,46.7,Standard,54,Canada,1,79.96
C006815,2022-05-17,Organic,24.42,Standard,27,Australia,1,59.97
C006816,2023-11-29,Paid Search,97.53,Standard,40,Germany,1,39.98
C006817,2023-04-21,Paid Search,95.99,Basic,22,Australia,1,19.98
C006818,2023-06-20,Email,55.65,Standard,55,France,1,99.95
C006819,2023-05-24,Affiliate,42.15,Standard,47,Germany,1,39.98
C006820,2023-03-10,Referral,49.42,Premium,22,UK,1,119.97
C006821,2023-05-28,Referral,38.59,Basic,31,France,1,9.99
C006822,2023-07-04,Organic,20.66,Standard,57,Germany,0,19.99
C006823,2023-10-21,Affiliate,52.0,Basic,50,Germany,1,29.97
C006824,2022-08-19,Organic,15.5,Basic,34,Canada,1,19.98
C006825,2022-12-16,Affiliate,40.05,Premium,23,Australia,1,39.99
C006826,2023-04-13,Affiliate,28.93,Basic,53,Australia,1,19.98
C006827,2022-02-01,Referral,58.47,Standard,43,Canada,1,259.87
C006828,2023-11-25,Organic,14.96,Standard,24,Canada,1,559.72
C006829,2023-05-12,Social Media,55.5,Standard,54,US,1,99.95
C006830,2023-07-07,Affiliate,33.01,Standard,64,UK,1,19.99
C006831,2022-02-03,Social Media,75.03,Standard,56,UK,1,359.82
C006832,2022-08-30,Email,27.31,Basic,54,Canada,0,69.93
C006833,2022-09-15,Organic,28.86,Basic,38,Germany,1,29.97
C006834,2023-04-13,Organic,12.81,Basic,47,Australia,0,9.99
C006835,2022-03-18,Social Media,39.86,Standard,35,UK,1,59.97
C006836,2022-02-26,Affiliate,55.81,Basic,59,Canada,1,29.97
C006837,2022-12-11,Paid Search,97.16,Basic,20,Germany,0,219.82
C006838,2023-06-13,Affiliate,43.74,Basic,47,Australia,1,9.99
C006839,2023-05-31,Email,41.52,Standard,28,Australia,0,399.8
C006840,2022-05-19,Organic,25.25,Basic,20,Germany,0,519.67
C006841,2022-05-24,Affiliate,46.64,Premium,19,France,1,319.92
C006842,2022-11-14,Referral,50.39,Basic,25,UK,1,129.93
C006843,2022-10-30,Referral,24.23,Basic,60,Germany,0,19.98
C006844,2023-07-05,Affiliate,20.62,Premium,24,US,1,159.96
C006845,2022-11-15,Email,37.1,Basic,51,Germany,1,9.99
C006846,2022-09-21,Social Media,37.45,Basic,36,Canada,1,39.96
C006847,2023-05-25,Organic,23.91,Standard,44,Germany,1,79.96
C006848,2022-03-26,Organic,26.1,Premium,50,Germany,0,119.97
C006849,2023-04-23,Organic,14.62,Basic,47,US,1,19.98
C006850,2022-10-20,Affiliate,31.75,Standard,19,Germany,0,139.93
C006851,2022-09-08,Paid Search,71.56,Basic,45,France,1,39.96
C006852,2023-08-03,Email,54.99,Standard,34,France,1,379.81
C006853,2023-11-27,Organic,25.1,Standard,21,Canada,1,119.94
C006854,2022-08-22,Email,59.3,Standard,46,France,1,19.99
C006855,2023-09-02,Affiliate,40.01,Standard,27,Canada,1,79.96
C006856,2023-02-18,Email,26.43,Basic,36,France,1,59.94
C006857,2022-05-05,Organic,28.58,Standard,21,US,1,39.98
C006858,2023-06-08,Referral,50.71,Basic,26,UK,1,99.92
C006859,2022-03-27,Social Media,76.12,Standard,41,US,1,79.96
C006860,2023-06-07,Organic,13.32,Basic,23,Germany,1,39.96
C006861,2022-02-28,Organic,14.91,Basic,47,Canada,0,19.98
C006862,2022-07-22,Affiliate,53.72,Basic,42,Australia,1,469.75
C006863,2023-04-26,Social Media,31.42,Standard,62,Canada,1,179.91
C006864,2022-08-04,Referral,25.52,Basic,59,Australia,1,139.86
C006865,2022-06-08,Paid Search,58.64,Standard,34,US,1,79.96
C006866,2023-10-15,Organic,12.27,Standard,19,Australia,1,299.85
C006867,2022-05-21,Organic,17.58,Basic,33,Australia,1,9.99
C006868,2023-02-16,Affiliate,43.32,Basic,20,Canada,0,149.87
C006869,2022-05-12,Paid Search,55.28,Standard,34,UK,1,59.97
C006870,2023-10-25,Referral,51.37,Basic,33,Australia,0,49.97
C006871,2023-01-10,Paid Search,89.24,Standard,38,Germany,0,119.94
C006872,2022-05-03,Organic,26.65,Basic,61,Canada,1,29.97
C006873,2023-11-16,Email,42.84,Standard,35,Australia,1,19.99
C006874,2022-05-26,Referral,51.68,Basic,35,Canada,1,69.95
C006875,2022-11-19,Paid Search,80.7,Standard,38,France,0,19.99
C006876,2022-06-07,Referral,41.2,Standard,57,Canada,1,199.9
C006877,2022-03-03,Email,24.26,Premium,55,Australia,1,39.99
C006878,2022-11-15,Organic,13.66,Basic,30,Canada,0,549.7
C006879,2023-07-23,Social Media,59.66,Standard,50,US,1,399.8
C006880,2022-07-31,Affiliate,49.47,Standard,59,UK,0,59.97
C006881,2023-06-05,Email,21.21,Basic,49,Canada,1,9.99
C006882,2022-02-16,Referral,48.64,Standard,55,Australia,0,239.88
C006883,2023-10-08,Referral,52.33,Basic,36,UK,0,269.73
C006884,2023-01-02,Paid Search,69.63,Standard,49,Germany,1,19.99
C006885,2023-05-10,Social Media,44.26,Premium,54,Germany,1,159.96
C006886,2022-09-28,Email,29.81,Basic,36,US,0,579.7
C006887,2022-02-19,Referral,20.35,Standard,50,UK,1,39.98
C006888,2023-02-04,Social Media,57.32,Basic,65,Australia,0,119.88
C006889,2023-04-14,Social Media,70.31,Standard,49,Germany,1,99.95
C006890,2023-08-31,Paid Search,104.96,Standard,53,Canada,1,79.96
C006891,2023-10-30,Social Media,62.66,Basic,55,US,1,19.98
C006892,2022-05-24,Organic,10.44,Standard,19,Germany,0,279.86
C006893,2022-06-10,Social Media,42.66,Premium,64,UK,1,119.97
C006894,2023-09-10,Referral,21.74,Standard,21,France,0,579.71
C006895,2023-09-22,Paid Search,59.89,Standard,34,Germany,1,79.96
C006896,2022-02-01,Referral,42.55,Basic,26,Canada,0,129.87
C006897,2023-11-16,Organic,24.13,Basic,25,Australia,1,59.94
C006898,2023-02-08,Organic,14.35,Basic,59,UK,0,299.82
C006899,2023-11-28,Affiliate,51.08,Basic,61,Australia,1,9.99
C006900,2023-09-04,Email,57.38,Basic,35,UK,1,19.98
C006901,2023-04-16,Email,42.93,Basic,33,Germany,1,89.91
C006902,2022-04-03,Referral,43.66,Basic,44,Australia,1,19.98
C006903,2022-09-26,Social Media,76.32,Basic,62,Australia,0,309.69
C006904,2022-12-29,Affiliate,44.93,Standard,64,France,1,39.98
C006905,2022-04-29,Paid Search,81.4,Basic,24,Germany,1,69.93
C006906,2022-10-22,Affiliate,49.12,Standard,27,Germany,1,139.93
C006907,2022-04-20,Email,29.14,Premium,61,Canada,1,39.99
C006908,2022-01-25,Paid Search,64.93,Premium,43,Australia,1,159.96
C006909,2022-05-13,Referral,35.5,Basic,35,Australia,1,19.98
C006910,2022-02-01,Affiliate,31.07,Basic,64,Germany,1,39.97
C006911,2022-12-11,Affiliate,34.66,Basic,53,Germany,1,69.94
C006912,2022-08-25,Email,23.18,Basic,19,Canada,1,9.99
C006913,2022-01-07,Paid Search,99.51,Standard,52,Australia,0,439.78
C006914,2023-09-10,Paid Search,52.65,Standard,36,Australia,1,179.91
C006915,2023-10-14,Social Media,59.38,Basic,51,Australia,1,0.0
C006916,2022-05-19,Referral,51.19,Premium,49,Germany,1,719.82
C006917,2022-10-07,Paid Search,64.44,Basic,62,Canada,1,69.93
C006918,2022-08-11,Paid Search,107.39,Premium,47,UK,1,39.99
C006919,2022-05-17,Affiliate,37.62,Premium,56,Germany,1,79.98
C006920,2023-08-16,Paid Search,55.59,Premium,25,US,0,799.8
C006921,2022-01-13,Paid Search,76.55,Basic,28,US,0,439.68
C006922,2022-09-21,Paid Search,112.58,Standard,62,France,1,239.88
C006923,2023-01-30,Email,46.66,Basic,39,UK,1,49.95
C006924,2023-05-24,Organic,17.22,Basic,33,US,0,439.66
C006925,2022-01-27,Social Media,39.08,Standard,53,UK,0,19.99
C006926,2022-03-09,Email,38.13,Basic,54,Canada,1,49.95
C006927,2022-02-22,Referral,44.91,Standard,47,Germany,1,19.99
C006928,2022-08-22,Organic,29.65,Standard,30,Canada,1,59.97
C006929,2022-03-29,Affiliate,32.45,Basic,28,Australia,0,169.83
C006930,2023-04-10,Affiliate,56.5,Basic,58,Australia,1,69.93
C006931,2022-01-28,Email,25.98,Standard,19,US,1,19.99
C006932,2023-09-15,Organic,19.44,Basic,53,Australia,1,59.94
C006933,2023-10-06,Referral,23.42,Basic,25,France,1,9.99
C006934,2023-08-22,Social Media,47.36,Basic,59,Australia,1,29.97
C006935,2022-11-28,Email,36.54,Basic,33,UK,1,9.99
C006936,2022-03-19,Social Media,70.53,Premium,57,France,1,119.97
C006937,2023-04-21,Social Media,35.75,Basic,57,US,1,149.85
C006938,2022-07-22,Paid Search,63.76,Standard,53,France,0,19.99
C006939,2023-07-06,Organic,25.89,Premium,56,Canada,0,699.77
C006940,2022-03-10,Referral,33.45,Basic,64,Canada,0,299.7
C006941,2022-05-05,Paid Search,115.29,Basic,50,Australia,1,119.88
C006942,2023-07-14,Referral,39.74,Basic,62,Germany,1,9.99
C006943,2022-11-29,Social Media,64.14,Basic,18,France,1,0.0
C006944,2022-12-13,Email,50.12,Basic,20,Canada,1,109.89
C006945,2023-09-26,Referral,27.04,Basic,44,France,1,9.99
C006946,2022-10-26,Affiliate,35.73,Basic,50,Germany,1,119.88
C006947,2022-12-14,Organic,20.8,Basic,62,UK,1,9.99
C006948,2022-02-10,Social Media,69.66,Premium,59,France,1,119.97
C006949,2022-10-04,Affiliate,32.96,Basic,62,Canada,1,249.86
C006950,2023-02-15,Paid Search,57.42,Premium,34,Australia,1,399.9
C006951,2022-07-18,Social Media,60.24,Basic,54,Canada,0,109.89
C006952,2022-04-20,Referral,51.36,Premium,63,Germany,1,839.79
C006953,2023-04-05,Social Media,78.43,Basic,61,France,0,269.73
C006954,2023-11-20,Affiliate,36.78,Standard,62,Canada,1,59.97
C006955,2023-06-30,Social Media,52.33,Standard,23,US,1,59.97
C006956,2023-02-09,Affiliate,52.44,Basic,59,UK,0,169.83
C006957,2023-03-16,Social Media,77.48,Standard,57,UK,1,99.95
C006958,2023-10-31,Email,38.0,Standard,38,UK,1,59.97
C006959,2023-04-11,Referral,22.1,Premium,35,France,0,1119.72
C006960,2022-08-06,Organic,18.62,Basic,61,Australia,0,39.96
C006961,2023-09-04,Email,59.93,Premium,34,UK,1,39.99
C006962,2023-03-26,Email,20.58,Basic,36,US,0,129.87
C006963,2023-05-10,Affiliate,43.57,Basic,22,France,1,9.99
C006964,2023-04-03,Social Media,49.7,Standard,45,Australia,0,679.66
C006965,2023-08-27,Paid Search,102.98,Standard,32,Australia,0,459.77
C006966,2022-06-12,Referral,58.11,Premium,49,US,1,239.94
C006967,2022-05-25,Social Media,49.47,Basic,29,US,1,309.72
C006968,2022-06-08,Paid Search,50.34,Standard,39,Germany,1,99.95
C006969,2023-11-07,Email,54.5,Basic,55,US,1,9.99
C006970,2023-01-12,Paid Search,59.93,Basic,39,Germany,0,19.98
C006971,2023-01-25,Organic,10.14,Standard,64,US,0,159.92
C006972,2022-12-08,Referral,52.45,Basic,59,France,1,19.98
C006973,2022-02-17,Affiliate,58.15,Basic,35,US,1,29.97
C006974,2022-09-09,Affiliate,36.23,Standard,26,France,0,59.97
C006975,2023-06-12,Social Media,51.68,Premium,35,France,1,119.97
C006976,2023-11-27,Email,59.92,Basic,64,Germany,0,669.65
C006977,2022-01-29,Affiliate,39.93,Basic,20,US,1,109.89
C006978,2023-05-26,Social Media,76.93,Basic,35,UK,1,189.87
C006979,2022-09-11,Referral,21.26,Basic,35,Australia,1,29.97
C006980,2023-08-29,Organic,24.59,Standard,37,Canada,1,239.88
C006981,2022-07-21,Referral,42.39,Basic,64,Australia,1,59.94
C006982,2023-01-26,Paid Search,85.26,Standard,45,UK,0,199.9
C006983,2022-03-23,Social Media,74.6,Standard,37,US,1,19.99
C006984,2022-11-29,Social Media,78.61,Standard,45,Germany,1,19.99
C006985,2022-05-05,Email,25.97,Standard,64,Germany,1,19.99
C006986,2022-11-11,Organic,15.48,Basic,41,UK,1,229.8
C006987,2023-10-05,Organic,15.01,Standard,56,France,1,19.99
C006988,2023-05-28,Referral,26.92,Basic,34,Australia,1,19.98
C006989,2023-08-09,Paid Search,55.75,Basic,31,Australia,0,469.75
C006990,2022-08-13,Email,54.78,Standard,51,UK,0,59.97
C006991,2022-05-06,Social Media,58.16,Basic,47,Australia,0,129.87
C006992,2022-05-06,Paid Search,110.28,Basic,62,US,1,9.99
C006993,2022-10-24,Affiliate,30.92,Standard,40,Germany,1,199.9
C006994,2023-04-10,Referral,22.84,Standard,60,Canada,1,279.86
C006995,2022-04-24,Affiliate,58.02,Standard,42,Germany,1,519.74
C006996,2022-01-08,Social Media,45.78,Standard,32,France,1,339.83
C006997,2022-03-28,Organic,18.04,Standard,37,Canada,1,19.99
C006998,2023-03-27,Affiliate,36.03,Premium,60,Germany,0,1239.69
C006999,2023-02-14,Social Media,70.82,Standard,42,Germany,1,239.88
C007000,2022-09-15,Referral,58.91,Basic,40,UK,1,39.96
C007001,2022-01-09,Email,46.85,Premium,59,UK,0,1119.72
C007002,2023-08-24,Referral,32.43,Premium,29,US,1,39.99
C007003,2023-05-18,Social Media,33.1,Standard,52,France,1,59.97
C007004,2023-05-22,Email,25.37,Standard,49,UK,1,159.92
C007005,2023-04-25,Social Media,44.95,Basic,28,US,1,49.95
C007006,2023-03-18,Organic,23.74,Standard,62,US,1,19.99
C007007,2023-03-01,Email,26.81,Standard,47,Australia,0,259.87
C007008,2022-08-26,Affiliate,41.05,Standard,35,US,0,19.99
C007009,2022-03-05,Referral,52.02,Basic,44,Germany,1,19.98
C007010,2022-07-27,Email,21.5,Basic,23,Canada,1,29.97
C007011,2022-09-11,Organic,13.88,Standard,30,France,1,39.98
C007012,2022-09-02,Paid Search,107.46,Premium,24,US,1,119.97
C007013,2023-06-05,Social Media,63.43,Basic,34,France,0,9.99
C007014,2023-06-29,Social Media,47.16,Basic,41,UK,1,9.99
C007015,2022-10-24,Social Media,37.67,Basic,39,US,1,9.99
C007016,2022-10-11,Paid Search,78.84,Basic,34,Canada,1,69.93
C007017,2023-04-11,Affiliate,58.15,Basic,22,Germany,1,19.98
C007018,2023-08-09,Email,27.99,Standard,63,US,1,139.93
C007019,2023-11-04,Paid Search,72.97,Premium,45,France,1,79.98
C007020,2023-03-19,Paid Search,95.99,Basic,52,Australia,1,9.99
C007021,2023-08-12,Social Media,65.53,Standard,45,Australia,1,19.99
C007022,2022-09-14,Organic,19.28,Standard,27,Canada,1,39.98
C007023,2023-11-30,Referral,56.16,Standard,56,France,1,219.89
C007024,2023-08-21,Organic,25.5,Premium,45,UK,1,799.76
C007025,2022-09-28,Referral,57.37,Basic,48,Germany,0,9.99
C007026,2022-06-22,Email,27.84,Standard,61,France,1,39.98
C007027,2022-10-18,Paid Search,80.21,Premium,25,Germany,0,639.71
C007028,2023-08-28,Referral,27.65,Basic,64,France,1,69.93
C007029,2022-02-19,Organic,26.25,Basic,59,Germany,1,29.97
C007030,2022-03-20,Email,50.36,Standard,57,Canada,1,19.99
C007031,2023-11-24,Paid Search,108.57,Basic,60,Germany,1,29.97
C007032,2022-06-12,Organic,28.3,Basic,41,Australia,1,109.89
C007033,2022-03-19,Email,21.66,Basic,40,Australia,1,39.96
C007034,2023-01-27,Paid Search,107.84,Standard,64,Canada,1,59.97
C007035,2023-03-04,Affiliate,27.31,Basic,43,Canada,0,509.72
C007036,2023-03-12,Referral,28.68,Standard,56,UK,1,319.84
C007037,2023-11-26,Social Media,31.82,Basic,30,Australia,1,9.99
C007038,2022-05-15,Referral,25.13,Basic,52,US,1,79.92
C007039,2022-10-11,Organic,14.7,Standard,38,Canada,0,39.98
C007040,2023-09-02,Email,53.53,Basic,35,UK,1,139.86
C007041,2022-03-04,Paid Search,111.89,Standard,30,Canada,1,79.96
C007042,2022-02-20,Referral,31.2,Basic,65,France,1,279.85
C007043,2022-08-06,Affiliate,54.68,Premium,50,US,1,79.98
C007044,2023-08-22,Affiliate,57.61,Standard,47,US,1,19.99
C007045,2022-05-24,Social Media,43.49,Basic,30,US,1,179.82
C007046,2022-01-25,Email,20.48,Basic,60,France,0,209.88
C007047,2022-06-28,Paid Search,97.44,Standard,33,UK,1,139.93
C007048,2023-05-16,Referral,45.18,Basic,45,Canada,0,119.92
C007049,2022-12-18,Social Media,52.04,Basic,26,Germany,1,19.98
C007050,2023-01-01,Referral,57.88,Basic,37,France,1,149.85
C007051,2022-04-20,Social Media,53.41,Basic,42,Germany,1,9.99
C007052,2023-03-15,Organic,16.79,Standard,55,UK,1,559.72
C007053,2023-08-14,Affiliate,54.8,Standard,29,Germany,1,359.82
C007054,2022-02-22,Paid Search,117.32,Basic,59,US,1,0.0
C007055,2022-08-01,Social Media,71.53,Basic,33,France,1,39.96
C007056,2022-02-21,Referral,26.3,Standard,65,France,1,39.98
C007057,2023-09-20,Affiliate,55.41,Standard,36,Germany,1,139.93
C007058,2023-04-30,Paid Search,65.07,Premium,54,US,1,39.99
C007059,2022-05-15,Email,54.59,Premium,32,Germany,1,919.77
C007060,2022-04-25,Affiliate,44.02,Basic,46,Canada,1,19.98
C007061,2023-09-06,Paid Search,89.72,Standard,38,Germany,1,59.97
C007062,2023-11-15,Organic,28.98,Standard,23,Australia,1,39.98
C007063,2022-04-02,Referral,57.62,Basic,29,US,1,49.95
C007064,2023-02-05,Affiliate,48.87,Basic,23,US,1,9.99
C007065,2022-01-04,Affiliate,31.04,Basic,43,Canada,1,19.98
C007066,2022-08-09,Referral,30.68,Basic,28,Australia,1,59.94
C007067,2023-07-31,Referral,43.53,Basic,28,Australia,0,9.99
C007068,2022-01-08,Affiliate,22.25,Standard,28,Germany,0,59.97
C007069,2023-02-12,Affiliate,40.01,Basic,47,France,1,99.9
C007070,2022-02-18,Affiliate,40.29,Premium,46,France,1,39.99
C007071,2022-11-24,Affiliate,39.3,Basic,31,UK,0,19.98
C007072,2023-07-08,Social Media,40.9,Basic,55,US,1,19.98
C007073,2022-03-03,Affiliate,36.92,Standard,26,Canada,1,39.98
C007074,2023-06-11,Affiliate,54.42,Standard,48,Germany,1,19.99
C007075,2022-12-05,Social Media,50.12,Standard,25,Germany,1,19.99
C007076,2022-06-19,Email,46.32,Premium,59,US,1,39.99
C007077,2022-09-05,Social Media,43.71,Basic,31,UK,1,9.99
C007078,2022-07-08,Affiliate,31.48,Basic,59,Australia,1,39.96
C007079,2023-02-28,Email,31.4,Standard,22,Canada,1,19.99
C007080,2022-10-31,Affiliate,36.43,Basic,25,Germany,0,59.94
C007081,2022-11-17,Referral,28.16,Premium,22,France,1,439.89
C007082,2023-01-11,Organic,25.75,Standard,49,Germany,1,19.99
C007083,2023-08-06,Affiliate,35.46,Standard,54,Canada,1,19.99
C007084,2023-08-17,Referral,33.09,Basic,20,Australia,1,109.89
C007085,2022-08-23,Affiliate,28.76,Standard,27,UK,1,239.88
C007086,2023-08-07,Referral,49.47,Standard,58,UK,0,319.84
C007087,2022-04-01,Organic,21.28,Basic,26,Canada,1,199.87
C007088,2022-04-05,Affiliate,30.62,Basic,55,Australia,1,69.93
C007089,2023-01-13,Affiliate,27.92,Standard,32,Germany,1,39.98
C007090,2023-02-11,Referral,21.8,Basic,27,Germany,1,29.97
C007091,2022-11-11,Paid Search,54.02,Standard,48,US,1,119.94
C007092,2023-07-13,Organic,14.41,Basic,29,France,1,0.0
C007093,2023-07-27,Paid Search,58.53,Standard,30,Canada,1,139.93
C007094,2023-10-16,Paid Search,71.8,Premium,30,France,1,79.98
C007095,2022-06-06,Paid Search,92.51,Basic,23,Australia,1,19.98
C007096,2023-11-21,Affiliate,57.77,Basic,43,UK,1,209.88
C007097,2023-07-25,Social Media,31.28,Standard,61,Australia,1,139.93
C007098,2023-11-15,Email,52.4,Basic,21,France,1,9.99
C007099,2023-04-25,Email,57.35,Standard,60,Canada,1,179.91
C007100,2023-05-26,Referral,38.32,Standard,21,Germany,1,19.99
C007101,2023-06-02,Paid Search,71.75,Basic,43,Germany,1,49.95
C007102,2023-09-15,Social Media,64.39,Basic,61,US,0,289.81
C007103,2023-11-28,Email,45.35,Basic,44,France,0,79.92
C007104,2022-06-12,Affiliate,49.74,Premium,19,France,0,879.78
C007105,2022-12-01,Social Media,58.96,Basic,58,Germany,1,19.98
C007106,2022-06-19,Email,39.07,Basic,42,France,1,69.93
C007107,2022-05-30,Paid Search,106.5,Standard,38,Germany,1,99.95
C007108,2022-06-12,Referral,29.8,Premium,63,Germany,1,1079.73
C007109,2023-07-08,Affiliate,44.23,Basic,21,Australia,0,149.85
C007110,2023-11-30,Social Media,53.38,Basic,61,Australia,1,49.95
C007111,2022-09-04,Social Media,61.9,Premium,45,Germany,1,79.98
C007112,2023-02-12,Organic,10.92,Basic,37,France,1,59.94
C007113,2023-01-31,Organic,20.94,Premium,50,Germany,1,399.9
C007114,2022-06-22,Email,52.55,Basic,65,Australia,1,9.99
C007115,2023-06-17,Affiliate,40.87,Basic,57,UK,1,9.99
C007116,2022-10-06,Social Media,60.2,Premium,19,UK,0,319.92
C007117,2023-11-28,Affiliate,47.03,Standard,23,France,0,99.95
C007118,2023-03-14,Email,48.29,Basic,23,UK,1,9.99
C007119,2023-11-15,Social Media,43.65,Premium,52,UK,0,639.84
C007120,2023-11-03,Paid Search,110.82,Standard,52,US,0,619.69
C007121,2022-05-05,Referral,43.17,Basic,48,Germany,0,9.99
C007122,2023-08-23,Organic,26.09,Standard,31,Germany,0,479.76
C007123,2023-05-21,Email,58.78,Basic,57,France,1,9.99
C007124,2022-01-03,Organic,25.52,Premium,28,US,1,279.93
C007125,2022-03-20,Referral,28.6,Standard,41,UK,1,39.98
C007126,2022-02-01,Organic,22.54,Basic,24,Canada,1,19.98
C007127,2022-06-05,Paid Search,55.12,Basic,43,Australia,1,99.94
C007128,2022-08-11,Affiliate,22.66,Standard,55,France,1,79.96
C007129,2022-07-01,Organic,13.36,Basic,33,US,1,19.98
C007130,2023-07-17,Email,56.61,Basic,20,US,0,209.79
C007131,2022-07-07,Email,33.91,Basic,33,US,1,9.99
C007132,2023-11-11,Referral,39.44,Basic,54,Australia,0,119.88
C007133,2022-01-15,Organic,23.98,Standard,59,France,1,199.9
C007134,2023-10-17,Affiliate,23.17,Basic,39,UK,1,209.79
C007135,2022-06-28,Social Media,72.5,Standard,34,UK,1,19.99
C007136,2023-06-07,Referral,24.55,Premium,38,Canada,1,519.87
C007137,2023-05-20,Social Media,51.77,Basic,47,Australia,1,19.98
C007138,2022-03-01,Affiliate,47.6,Basic,26,Germany,0,139.86
C007139,2022-05-25,Email,58.69,Premium,34,US,1,359.91
C007140,2022-02-17,Email,29.5,Premium,64,France,1,159.96
C007141,2022-01-10,Email,57.32,Basic,58,Australia,1,219.78
C007142,2023-08-05,Affiliate,24.56,Standard,28,US,0,639.68
C007143,2023-01-25,Affiliate,47.25,Basic,56,Australia,0,59.94
C007144,2022-08-08,Paid Search,68.57,Basic,32,UK,1,39.96
C007145,2023-12-01,Affiliate,50.17,Basic,46,Germany,1,179.87
C007146,2022-06-14,Social Media,37.38,Premium,28,US,1,759.81
C007147,2022-08-14,Organic,11.97,Basic,40,Australia,1,19.98
C007148,2022-10-25,Paid Search,87.04,Premium,31,UK,1,359.91
C007149,2023-01-31,Referral,47.19,Basic,23,Germany,1,29.97
C007150,2023-04-02,Email,24.43,Standard,47,Australia,0,479.76
C007151,2023-07-04,Referral,49.47,Premium,18,UK,1,279.89
C007152,2022-11-24,Organic,16.66,Standard,34,UK,0,719.64
C007153,2023-03-19,Referral,29.35,Basic,28,US,1,39.96
C007154,2023-09-22,Email,31.95,Basic,39,UK,0,89.91
C007155,2023-10-19,Organic,15.66,Standard,41,UK,0,479.76
C007156,2022-03-21,Email,40.88,Standard,21,Australia,1,19.99
C007157,2022-12-17,Organic,18.95,Standard,18,France,1,19.99
C007158,2022-09-23,Email,32.8,Standard,44,Germany,1,179.91
C007159,2023-04-03,Organic,14.65,Basic,34,Germany,1,39.96
C007160,2023-04-08,Email,39.69,Standard,53,Australia,1,99.95
C007161,2022-08-21,Organic,23.01,Basic,60,Canada,1,199.86
C007162,2022-02-11,Social Media,76.69,Basic,38,Australia,1,69.93
C007163,2022-01-08,Organic,19.95,Basic,28,Germany,0,19.98
C007164,2023-10-19,Email,59.28,Basic,64,UK,1,29.97
C007165,2023-07-16,Paid Search,89.53,Basic,62,France,0,149.88
C007166,2022-08-30,Paid Search,50.76,Basic,28,US,1,19.98
C007167,2022-07-17,Social Media,31.38,Premium,42,France,1,359.91
C007168,2022-02-01,Organic,27.72,Standard,41,US,1,19.99
C007169,2022-07-03,Social Media,32.07,Basic,22,Australia,1,9.99
C007170,2023-04-26,Affiliate,48.53,Basic,48,US,1,59.94
C007171,2022-04-01,Referral,21.96,Basic,52,Canada,1,29.97
C007172,2023-03-27,Email,37.43,Standard,43,UK,0,699.65
C007173,2023-10-08,Affiliate,23.58,Premium,34,US,0,79.98
C007174,2023-04-04,Affiliate,46.41,Basic,58,Canada,1,39.96
C007175,2023-07-11,Affiliate,23.21,Basic,60,France,1,19.98
C007176,2022-05-04,Email,22.5,Basic,35,Canada,1,79.92
C007177,2023-02-21,Referral,51.83,Basic,46,Germany,1,19.98
C007178,2022-03-14,Email,54.42,Basic,54,Germany,0,29.97
C007179,2022-01-30,Organic,19.68,Standard,24,Germany,1,279.86
C007180,2023-03-09,Social Media,46.56,Premium,48,Germany,1,879.78
C007181,2022-02-11,Paid Search,111.9,Standard,53,US,0,559.72
C007182,2022-09-15,Affiliate,59.41,Premium,37,Germany,1,39.99
C007183,2023-06-01,Paid Search,80.83,Standard,38,UK,1,239.88
C007184,2022-06-02,Organic,22.35,Basic,55,Australia,1,59.94
C007185,2022-07-06,Email,30.71,Standard,48,UK,1,379.81
C007186,2023-01-05,Affiliate,40.08,Basic,47,UK,1,89.93
C007187,2023-09-27,Email,55.06,Basic,58,Australia,1,29.97
C007188,2022-12-14,Affiliate,38.9,Standard,19,UK,1,19.99
C007189,2022-09-19,Organic,27.89,Standard,54,France,1,79.96
C007190,2023-02-15,Affiliate,36.95,Standard,51,Canada,1,19.99
C007191,2023-01-29,Social Media,56.69,Basic,61,Germany,0,159.84
C007192,2022-09-12,Email,42.29,Basic,43,Australia,1,19.98
C007193,2022-12-22,Paid Search,99.71,Standard,53,Australia,0,619.69
C007194,2023-07-21,Referral,46.46,Basic,27,Germany,1,9.99
C007195,2022-09-12,Social Media,78.67,Premium,33,Canada,1,39.99
C007196,2022-01-04,Referral,45.23,Basic,24,Germany,1,29.97
C007197,2023-03-11,Paid Search,67.21,Standard,25,Canada,1,99.95
C007198,2022-05-17,Organic,17.49,Standard,34,Australia,1,19.99
C007199,2022-12-18,Paid Search,118.06,Basic,43,UK,1,49.95
C007200,2023-06-25,Email,36.78,Premium,30,Canada,1,959.76
C007201,2023-04-16,Organic,15.67,Basic,41,Australia,1,49.95
C007202,2022-05-01,Affiliate,56.31,Standard,37,UK,1,439.78
C007203,2022-10-05,Social Media,76.7,Basic,24,Germany,1,9.99
C007204,2022-12-14,Social Media,74.47,Basic,54,Canada,1,149.86
C007205,2023-05-05,Affiliate,31.55,Standard,23,Australia,1,179.91
C007206,2023-07-22,Email,48.74,Basic,58,Canada,0,9.99
C007207,2023-01-23,Paid Search,85.4,Premium,22,UK,1,39.99
C007208,2023-10-02,Organic,12.46,Premium,35,Germany,1,559.86
C007209,2023-10-20,Email,26.95,Basic,42,Canada,1,59.94
C007210,2022-07-02,Email,43.85,Standard,46,UK,1,19.99
C007211,2022-09-17,Referral,49.14,Basic,59,France,0,319.83
C007212,2023-09-26,Email,55.29,Basic,59,France,1,39.96
C007213,2022-05-02,Social Media,41.99,Basic,47,Canada,1,69.93
C007214,2022-05-03,Social Media,48.43,Premium,22,France,0,719.68
C007215,2022-08-14,Social Media,54.01,Standard,61,UK,0,319.84
C007216,2022-02-19,Social Media,77.89,Standard,53,UK,0,39.98
C007217,2022-09-24,Social Media,67.01,Premium,19,Australia,0,779.75
C007218,2023-05-31,Organic,12.81,Basic,37,UK,1,9.99
C007219,2023-05-05,Email,45.6,Standard,42,UK,1,59.97
C007220,2022-11-12,Paid Search,102.13,Premium,58,US,0,199.95
C007221,2022-10-03,Affiliate,36.63,Basic,65,Australia,1,39.98
C007222,2023-08-28,Referral,24.57,Basic,56,Australia,0,59.94
C007223,2023-02-28,Paid Search,102.5,Premium,56,US,1,39.99
C007224,2022-05-31,Organic,20.38,Basic,62,Australia,0,259.76
C007225,2022-02-07,Referral,33.53,Basic,35,Germany,1,29.97
C007226,2022-03-27,Social Media,59.07,Basic,28,Canada,1,19.98
C007227,2022-01-03,Paid Search,100.9,Basic,44,US,0,19.98
C007228,2022-01-02,Social Media,68.08,Basic,48,UK,0,99.9
C007229,2023-07-26,Email,41.65,Standard,50,UK,1,419.79
C007230,2023-10-17,Paid Search,57.9,Basic,53,Germany,1,29.97
C007231,2022-03-23,Social Media,67.38,Standard,36,UK,1,239.88
C007232,2023-01-16,Organic,27.01,Standard,42,France,0,119.94
C007233,2023-09-12,Affiliate,50.1,Basic,34,UK,1,59.94
C007234,2022-02-03,Organic,22.95,Basic,35,Canada,0,29.98
C007235,2022-05-20,Social Media,49.61,Standard,32,Germany,1,119.94
C007236,2022-06-23,Paid Search,99.39,Standard,45,US,1,279.86
C007237,2022-12-29,Email,34.73,Standard,38,Australia,0,559.72
C007238,2023-09-06,Affiliate,54.69,Basic,38,Australia,1,59.94
C007239,2023-04-27,Affiliate,37.47,Premium,49,Australia,0,39.99
C007240,2023-09-16,Email,26.82,Basic,39,Canada,0,19.98
C007241,2023-05-26,Referral,42.99,Standard,56,Australia,0,439.78
C007242,2023-07-02,Paid Search,77.3,Basic,48,Canada,0,179.82
C007243,2023-10-03,Organic,10.81,Standard,56,Canada,1,199.9
C007244,2023-11-20,Email,24.14,Basic,35,UK,1,229.77
C007245,2023-08-07,Organic,29.5,Basic,45,Australia,1,19.98
C007246,2022-01-27,Paid Search,87.15,Standard,58,Germany,1,39.98
C007247,2023-09-26,Affiliate,58.55,Basic,18,France,1,29.97
C007248,2023-03-06,Paid Search,75.01,Standard,43,US,1,39.98
C007249,2023-05-13,Social Media,72.26,Standard,23,US,1,219.89
C007250,2022-04-01,Email,31.64,Basic,60,UK,0,359.64
C007251,2023-01-24,Social Media,71.92,Basic,24,France,1,9.99
C007252,2022-01-24,Paid Search,109.82,Basic,36,US,1,9.99
C007253,2023-05-29,Social Media,79.13,Standard,32,Canada,1,99.95
C007254,2023-02-20,Social Media,42.02,Basic,35,Australia,1,19.98
C007255,2022-09-08,Referral,50.92,Standard,55,Canada,1,79.96
C007256,2022-02-08,Referral,48.91,Basic,61,Canada,0,179.88
C007257,2022-11-27,Referral,55.84,Basic,34,France,1,149.85
C007258,2022-12-28,Affiliate,56.82,Basic,22,UK,0,539.71
C007259,2022-06-24,Social Media,76.91,Standard,36,Germany,0,279.86
C007260,2023-04-14,Email,53.83,Basic,60,Germany,1,9.99
C007261,2022-11-29,Paid Search,109.65,Premium,55,Australia,0,199.95
C007262,2022-06-29,Email,30.95,Standard,45,Canada,0,419.79
C007263,2022-06-15,Paid Search,105.06,Basic,34,Australia,1,69.93
C007264,2023-08-22,Email,44.66,Basic,32,Australia,1,49.95
C007265,2023-06-14,Social Media,43.46,Basic,21,France,0,9.99
C007266,2022-09-26,Organic,16.85,Standard,26,Canada,1,19.99
C007267,2022-05-27,Referral,42.57,Basic,38,UK,0,149.85
C007268,2023-07-11,Social Media,33.46,Premium,61,France,0,119.97
C007269,2023-05-09,Referral,48.22,Basic,57,Canada,1,9.99
C007270,2023-03-04,Organic,16.25,Standard,65,UK,0,239.88
C007271,2022-01-23,Social Media,32.98,Basic,19,Germany,0,139.86
C007272,2022-09-09,Paid Search,68.44,Basic,22,France,1,39.96
C007273,2023-09-06,Referral,41.02,Basic,27,France,1,39.96
C007274,2022-07-03,Affiliate,35.3,Basic,56,UK,1,69.93
C007275,2023-11-06,Paid Search,98.41,Basic,24,Australia,1,9.99
C007276,2023-09-20,Organic,19.62,Standard,42,US,1,79.96
C007277,2022-09-09,Paid Search,118.98,Standard,61,UK,1,19.99
C007278,2022-03-04,Email,52.61,Basic,23,France,1,9.99
C007279,2023-10-28,Social Media,42.49,Standard,45,US,1,399.8
C007280,2023-11-12,Paid Search,97.39,Standard,30,US,1,19.99
C007281,2022-08-16,Referral,56.42,Standard,64,UK,1,59.97
C007282,2023-12-02,Organic,10.63,Basic,44,Germany,1,29.97
C007283,2023-02-28,Referral,57.58,Standard,47,UK,1,59.97
C007284,2023-03-03,Social Media,68.26,Basic,37,Canada,1,49.95
C007285,2022-12-23,Social Media,46.54,Premium,31,Canada,1,79.98
C007286,2023-06-01,Organic,22.27,Standard,62,Canada,1,19.99
C007287,2022-07-26,Social Media,68.58,Standard,24,US,0,99.95
C007288,2022-05-24,Referral,44.97,Standard,41,UK,1,39.98
C007289,2022-08-29,Organic,20.75,Standard,26,UK,1,19.99
C007290,2022-09-13,Paid Search,95.7,Premium,31,Canada,0,79.98
C007291,2023-11-27,Affiliate,59.34,Basic,59,France,1,49.95
C007292,2022-11-19,Social Media,67.34,Basic,19,UK,1,279.8
C007293,2023-01-21,Social Media,30.87,Basic,45,US,0,199.85
C007294,2023-01-30,Referral,31.26,Basic,58,US,1,69.93
C007295,2022-11-01,Social Media,70.75,Basic,28,US,0,239.76
C007296,2023-03-07,Social Media,58.12,Basic,34,Australia,1,189.9
C007297,2022-05-20,Referral,47.89,Standard,55,Germany,1,439.78
C007298,2022-09-13,Organic,13.49,Basic,45,France,1,69.93
C007299,2022-12-02,Referral,56.73,Basic,60,US,1,49.95
C007300,2022-06-11,Paid Search,101.84,Standard,41,France,1,59.97
C007301,2023-09-27,Paid Search,81.78,Standard,28,Canada,0,179.91
C007302,2023-07-14,Paid Search,87.59,Standard,53,France,1,19.99
C007303,2022-03-28,Email,46.8,Standard,55,Canada,1,159.92
C007304,2023-09-10,Social Media,77.58,Basic,64,Canada,1,9.99
C007305,2023-10-02,Email,22.69,Standard,55,Canada,1,39.98
C007306,2022-11-18,Referral,46.27,Basic,37,Germany,1,39.96
C007307,2022-09-15,Social Media,37.22,Standard,18,US,0,579.71
C007308,2022-09-22,Organic,29.37,Basic,27,Australia,0,19.98
C007309,2023-06-23,Referral,39.82,Basic,34,Germany,0,9.99
C007310,2022-01-10,Organic,20.04,Basic,49,France,1,9.99
C007311,2022-12-21,Organic,12.5,Standard,42,Germany,1,39.98
C007312,2022-02-14,Affiliate,57.33,Standard,32,Germany,1,239.88
C007313,2023-05-17,Paid Search,103.11,Premium,20,Australia,0,479.88
C007314,2022-05-12,Email,47.91,Basic,62,Canada,1,19.98
C007315,2023-11-14,Organic,19.23,Premium,20,Australia,0,1159.71
C007316,2023-05-23,Paid Search,68.89,Premium,20,Australia,1,79.98
C007317,2022-09-12,Organic,18.27,Basic,37,US,0,109.89
C007318,2023-05-15,Email,44.72,Standard,65,US,0,119.94
C007319,2023-01-30,Social Media,47.5,Basic,29,Germany,0,9.99
C007320,2022-12-20,Social Media,62.38,Standard,63,Australia,1,19.99
C007321,2022-07-26,Paid Search,103.22,Standard,49,Australia,1,179.91
C007322,2023-05-30,Social Media,76.02,Premium,61,US,1,719.82
C007323,2023-03-10,Referral,40.84,Standard,40,Canada,1,19.99
C007324,2023-04-25,Organic,23.85,Basic,44,Australia,1,9.99
C007325,2023-03-03,Organic,27.19,Basic,55,Canada,1,549.72
C007326,2022-02-14,Email,29.58,Premium,33,Germany,1,39.99
C007327,2022-09-14,Referral,45.57,Basic,41,Canada,1,39.97
C007328,2022-05-03,Affiliate,36.53,Premium,22,UK,1,119.97
C007329,2022-08-01,Email,33.37,Premium,29,UK,0,479.88
C007330,2022-09-25,Social Media,76.56,Standard,41,Germany,1,79.96
C007331,2023-09-14,Referral,22.7,Basic,27,Australia,0,59.94
C007332,2023-03-16,Email,38.04,Standard,37,France,1,199.9
C007333,2023-02-02,Email,39.44,Basic,48,France,1,79.92
C007334,2023-06-04,Affiliate,44.26,Basic,30,US,0,209.85
C007335,2023-08-09,Referral,57.19,Basic,28,Germany,0,289.71
C007336,2023-10-05,Organic,15.2,Basic,54,UK,1,9.99
C007337,2022-07-04,Social Media,70.69,Standard,45,Canada,1,279.86
C007338,2022-05-17,Paid Search,50.3,Basic,48,Canada,1,29.97
C007339,2023-02-20,Email,56.67,Standard,25,Germany,1,179.91
C007340,2023-02-04,Paid Search,118.11,Standard,23,France,1,19.99
C007341,2023-05-30,Referral,29.75,Premium,59,US,1,599.85
C007342,2023-06-21,Social Media,63.37,Basic,42,US,1,249.75
C007343,2023-03-07,Paid Search,62.16,Basic,30,Canada,1,109.94
C007344,2023-03-04,Referral,28.24,Standard,49,Germany,1,399.8
C007345,2023-01-18,Referral,44.81,Basic,56,France,1,99.9
C007346,2022-11-13,Organic,10.04,Basic,18,Australia,0,9.99
C007347,2022-02-06,Paid Search,109.86,Basic,31,US,1,129.88
C007348,2022-08-12,Paid Search,71.6,Standard,63,Germany,0,59.97
C007349,2022-11-08,Affiliate,59.48,Basic,38,UK,0,129.87
C007350,2023-12-01,Affiliate,29.17,Basic,44,US,1,179.89
C007351,2022-04-29,Email,40.59,Standard,18,UK,1,19.99
C007352,2023-07-08,Organic,23.73,Basic,61,Australia,0,339.82
C007353,2023-08-20,Social Media,55.28,Premium,26,Australia,1,159.96
C007354,2022-03-10,Email,33.39,Premium,60,US,1,39.99
C007355,2022-04-16,Organic,23.12,Basic,23,Germany,1,9.99
C007356,2023-05-12,Email,21.2,Premium,58,Germany,0,1039.74
C007357,2023-03-11,Referral,35.73,Basic,64,France,1,9.99
C007358,2022-11-08,Referral,27.01,Basic,33,UK,1,79.92
C007359,2023-03-01,Social Media,59.08,Basic,18,UK,1,29.97
C007360,2022-07-25,Affiliate,39.65,Basic,29,Australia,1,19.98
C007361,2023-11-11,Email,31.12,Premium,32,Germany,0,1159.71
C007362,2023-01-05,Paid Search,74.15,Standard,60,Australia,1,59.97
C007363,2022-04-21,Affiliate,28.03,Standard,65,Canada,1,79.96
C007364,2022-05-10,Affiliate,37.93,Standard,44,Germany,1,59.97
C007365,2022-04-11,Email,45.25,Basic,64,UK,0,209.79
C007366,2022-02-25,Social Media,50.14,Basic,21,Germany,1,9.99
C007367,2022-03-10,Paid Search,99.07,Standard,39,UK,0,359.82
C007368,2022-10-18,Email,31.68,Standard,22,France,0,19.99
C007369,2022-12-31,Paid Search,105.95,Standard,50,UK,1,79.96
C007370,2023-06-04,Email,55.98,Premium,63,US,1,39.99
C007371,2022-12-02,Organic,15.53,Basic,49,Germany,1,39.96
C007372,2022-10-02,Email,23.57,Basic,23,Germany,1,19.98
C007373,2022-12-27,Referral,36.56,Basic,50,UK,1,29.97
C007374,2022-05-18,Affiliate,57.87,Standard,24,France,1,0.0
C007375,2023-11-03,Social Media,62.83,Standard,54,Australia,1,199.9
C007376,2022-01-25,Paid Search,89.39,Standard,34,France,1,119.94
C007377,2022-10-31,Paid Search,96.96,Standard,34,Australia,0,559.72
C007378,2022-11-24,Referral,39.21,Standard,44,Germany,0,19.99
C007379,2022-03-20,Affiliate,55.26,Premium,52,Germany,0,359.91
C007380,2022-12-18,Affiliate,33.6,Standard,20,Australia,0,659.67
C007381,2023-08-20,Organic,23.95,Standard,64,Germany,1,19.99
C007382,2023-03-31,Email,27.5,Premium,54,Australia,0,1119.72
C007383,2023-10-29,Affiliate,51.37,Basic,55,UK,0,19.98
C007384,2023-01-28,Organic,28.47,Standard,36,US,1,19.99
C007385,2022-06-07,Affiliate,38.39,Basic,24,France,0,69.93
C007386,2022-12-02,Affiliate,29.19,Basic,51,Germany,0,499.65
C007387,2023-07-02,Organic,29.9,Basic,18,Australia,1,119.88
C007388,2022-05-24,Organic,28.05,Premium,58,Australia,0,399.9
C007389,2022-08-08,Email,57.59,Basic,22,UK,0,129.87
C007390,2022-01-12,Email,44.71,Basic,48,Germany,1,119.88
C007391,2022-08-14,Referral,26.56,Basic,59,Germany,1,89.91
C007392,2022-08-17,Social Media,68.72,Standard,42,Canada,0,39.98
C007393,2023-03-07,Referral,20.04,Standard,55,Australia,1,19.99
C007394,2022-01-03,Social Media,50.28,Premium,49,Canada,1,359.91
C007395,2022-07-18,Email,36.32,Basic,38,Canada,1,9.99
C007396,2023-02-05,Referral,28.05,Basic,43,Canada,1,29.97
C007397,2023-09-04,Organic,21.81,Standard,39,Canada,1,19.99
C007398,2023-03-12,Email,46.15,Basic,33,Australia,0,169.83
C007399,2023-11-08,Organic,25.1,Standard,50,Germany,1,239.88
C007400,2023-07-01,Organic,11.16,Basic,31,US,1,9.99
C007401,2022-05-20,Email,52.03,Basic,44,UK,1,9.99
C007402,2022-11-20,Social Media,79.22,Standard,21,Australia,0,119.94
C007403,2022-02-03,Email,33.11,Basic,18,US,1,9.99
C007404,2022-10-28,Referral,24.89,Basic,47,Australia,0,39.96
C007405,2022-01-14,Organic,10.51,Premium,60,US,1,39.99
C007406,2022-02-05,Referral,28.39,Standard,38,Canada,1,19.99
C007407,2023-02-06,Referral,56.71,Standard,58,Canada,0,639.68
C007408,2023-05-24,Social Media,42.2,Basic,54,UK,1,159.84
C007409,2023-08-11,Affiliate,58.78,Standard,35,US,1,59.97
C007410,2022-08-04,Organic,21.49,Basic,54,Germany,0,29.97
C007411,2023-05-25,Organic,20.47,Basic,30,US,1,19.98
C007412,2022-12-25,Social Media,36.29,Standard,58,Canada,1,279.86
C007413,2023-11-02,Affiliate,27.01,Standard,24,US,1,199.9
C007414,2023-08-20,Affiliate,21.67,Standard,56,Canada,1,99.95
C007415,2022-01-15,Email,31.75,Standard,36,US,1,59.97
C007416,2022-07-05,Social Media,58.24,Standard,65,France,1,239.88
C007417,2022-02-07,Affiliate,47.33,Standard,26,UK,0,599.7
C007418,2023-07-26,Email,48.39,Standard,47,Germany,1,59.97
C007419,2023-03-17,Organic,29.87,Basic,28,Australia,0,399.72
C007420,2023-06-21,Email,57.52,Premium,22,UK,1,559.86
C007421,2022-11-14,Organic,22.95,Standard,48,France,1,19.99
C007422,2022-08-12,Email,38.45,Basic,62,Australia,1,169.84
C007423,2022-07-19,Organic,20.56,Standard,44,UK,1,119.94
C007424,2022-06-14,Affiliate,50.25,Standard,58,France,1,19.99
C007425,2023-12-02,Referral,48.23,Basic,42,UK,1,129.9
C007426,2023-06-07,Paid Search,111.42,Basic,40,Canada,1,9.99
C007427,2023-07-27,Organic,21.02,Basic,32,US,1,9.99
C007428,2022-03-21,Referral,40.37,Basic,46,Germany,1,9.99
C007429,2023-02-20,Referral,39.73,Standard,63,Australia,0,519.74
C007430,2023-07-27,Email,44.27,Standard,32,US,0,0.0
C007431,2022-06-09,Email,58.8,Premium,38,Germany,0,679.83
C007432,2022-10-04,Organic,17.15,Standard,29,UK,1,39.98
C007433,2023-11-27,Organic,14.18,Basic,46,Germany,0,69.93
C007434,2023-06-27,Referral,24.43,Premium,28,Canada,1,359.91
C007435,2023-09-04,Referral,46.5,Basic,38,Canada,1,0.0
C007436,2023-04-22,Organic,13.79,Basic,54,Germany,1,9.99
C007437,2023-05-04,Social Media,64.9,Basic,65,Canada,1,129.88
C007438,2022-11-20,Paid Search,81.68,Standard,40,Germany,1,179.91
C007439,2022-11-04,Social Media,63.9,Premium,51,France,1,119.97
C007440,2022-05-30,Social Media,36.97,Basic,56,France,0,349.68
C007441,2022-02-19,Affiliate,24.5,Standard,24,US,1,59.97
C007442,2022-04-25,Social Media,66.79,Basic,33,UK,0,179.88
C007443,2023-07-11,Social Media,33.73,Basic,36,Australia,0,349.65
C007444,2023-03-07,Referral,59.73,Standard,21,Australia,1,559.72
C007445,2023-02-28,Email,20.37,Standard,30,France,1,679.66
C007446,2022-08-03,Organic,27.19,Basic,45,Canada,1,49.95
C007447,2022-03-03,Paid Search,103.16,Basic,45,US,1,159.86
C007448,2022-09-12,Affiliate,31.97,Standard,40,Germany,1,199.9
C007449,2022-07-27,Affiliate,29.64,Basic,52,France,1,49.95
C007450,2022-06-04,Paid Search,71.05,Premium,41,UK,1,219.93
C007451,2022-10-13,Social Media,52.6,Basic,38,Canada,0,19.98
C007452,2023-04-27,Email,57.54,Standard,43,UK,1,19.99
C007453,2023-07-03,Email,20.3,Standard,28,Canada,1,19.99
C007454,2023-11-25,Affiliate,54.95,Basic,23,Germany,1,0.0
C007455,2022-04-23,Affiliate,41.01,Standard,28,Australia,1,159.92
C007456,2023-06-08,Affiliate,35.11,Premium,65,Canada,0,239.94
C007457,2023-05-08,Referral,48.93,Basic,31,Australia,0,39.96
C007458,2023-04-26,Organic,14.18,Standard,59,Canada,1,39.98
C007459,2023-04-26,Email,50.3,Standard,62,UK,1,19.99
C007460,2023-02-28,Email,23.84,Premium,30,US,0,999.75
C007461,2023-09-18,Paid Search,62.52,Standard,35,US,1,79.96
C007462,2022-06-29,Affiliate,28.92,Standard,62,US,1,219.89
C007463,2023-02-06,Paid Search,74.4,Standard,34,Australia,1,19.99
C007464,2022-04-08,Email,34.42,Basic,35,US,1,9.99
C007465,2023-07-07,Email,26.57,Standard,51,UK,1,79.96
C007466,2022-03-29,Social Media,68.29,Basic,32,Canada,0,359.77
C007467,2023-02-16,Paid Search,51.96,Premium,28,France,0,39.99
C007468,2022-06-04,Referral,38.99,Basic,37,France,1,29.97
C007469,2022-01-10,Social Media,79.19,Standard,52,Germany,0,39.98
C007470,2023-01-04,Referral,24.01,Standard,50,France,0,499.75
C007471,2023-03-24,Affiliate,25.57,Basic,65,Canada,1,19.98
C007472,2022-03-03,Email,36.71,Premium,44,France,0,479.88
C007473,2022-11-18,Referral,31.69,Standard,37,Germany,1,19.99
C007474,2023-01-31,Organic,23.7,Standard,52,UK,1,19.99
C007475,2022-08-04,Organic,21.53,Premium,52,Germany,1,359.91
C007476,2022-07-01,Email,43.92,Standard,36,Germany,1,79.96
C007477,2023-04-24,Affiliate,28.54,Basic,43,UK,0,319.68
C007478,2022-09-07,Organic,27.04,Basic,20,US,1,89.91
C007479,2023-04-26,Paid Search,102.1,Premium,27,France,0,199.95
C007480,2022-01-15,Paid Search,116.13,Standard,43,Canada,1,79.96
C007481,2023-09-16,Organic,20.31,Standard,60,Germany,0,519.74
C007482,2022-10-16,Email,23.23,Basic,33,Canada,0,249.75
C007483,2023-10-30,Affiliate,28.9,Premium,20,UK,0,679.68
C007484,2022-04-08,Organic,24.27,Standard,42,Germany,1,119.94
C007485,2022-08-29,Referral,37.26,Premium,27,France,1,199.95
C007486,2022-10-08,Social Media,71.85,Basic,36,US,1,49.96
C007487,2023-07-01,Affiliate,33.25,Standard,42,UK,1,19.99
C007488,2022-06-16,Email,34.08,Standard,24,Australia,1,79.96
C007489,2022-01-02,Email,32.49,Basic,20,Germany,1,39.98
C007490,2023-03-01,Affiliate,21.75,Standard,21,UK,1,379.81
C007491,2023-02-03,Organic,15.92,Standard,58,US,1,119.94
C007492,2023-03-29,Social Media,60.62,Basic,50,Australia,0,109.89
C007493,2023-10-02,Organic,28.18,Standard,26,Canada,1,59.97
C007494,2022-10-12,Organic,29.29,Basic,58,Germany,1,19.98
C007495,2023-07-13,Email,31.52,Premium,32,UK,1,79.98
C007496,2022-03-19,Referral,33.97,Premium,61,Canada,1,39.99
C007497,2022-06-06,Paid Search,104.19,Standard,40,Canada,1,299.85
C007498,2022-09-18,Organic,19.22,Standard,59,US,1,39.98
C007499,2023-04-21,Paid Search,93.16,Basic,28,UK,1,9.99
C007500,2023-11-09,Affiliate,21.02,Basic,65,US,1,29.98
C007501,2023-03-12,Referral,37.78,Basic,39,UK,1,49.95
C007502,2022-08-16,Affiliate,27.97,Basic,23,Canada,0,669.64
C007503,2023-04-12,Email,50.41,Basic,65,US,1,19.98
C007504,2022-06-24,Email,56.76,Premium,62,UK,1,39.99
C007505,2022-10-27,Email,27.11,Basic,29,France,1,39.97
C007506,2023-11-19,Email,22.89,Standard,29,US,1,19.99
C007507,2023-06-06,Email,54.38,Standard,26,US,0,599.7
C007508,2023-03-28,Referral,41.9,Basic,28,Germany,1,139.86
C007509,2023-09-14,Referral,26.65,Premium,38,US,1,39.99
C007510,2023-05-04,Affiliate,29.12,Standard,35,Australia,1,19.99
C007511,2023-09-07,Organic,14.63,Standard,33,US,1,39.98
C007512,2022-09-10,Affiliate,50.02,Basic,65,UK,1,19.98
C007513,2023-05-14,Social Media,60.02,Standard,33,France,1,99.95
C007514,2022-08-24,Email,58.41,Basic,61,UK,0,199.8
C007515,2023-05-09,Affiliate,35.72,Basic,56,France,1,249.87
C007516,2023-08-30,Social Media,37.72,Standard,40,Australia,1,119.94
C007517,2023-06-22,Organic,13.82,Premium,51,Germany,1,39.99
C007518,2023-10-18,Social Media,71.06,Basic,44,Australia,1,69.93
C007519,2022-09-09,Paid Search,91.35,Basic,38,US,1,9.99
C007520,2022-12-07,Organic,25.08,Basic,60,France,1,369.78
C007521,2023-05-23,Affiliate,24.23,Standard,38,US,1,19.99
C007522,2023-07-25,Paid Search,113.79,Basic,28,US,1,9.99
C007523,2022-03-02,Email,22.08,Basic,34,Germany,0,249.75
C007524,2023-08-10,Affiliate,29.26,Basic,22,Germany,1,9.99
C007525,2022-05-08,Referral,57.59,Premium,18,US,1,39.99
C007526,2022-07-25,Affiliate,30.25,Basic,61,France,0,519.71
C007527,2022-10-11,Email,35.85,Standard,49,UK,0,499.75
C007528,2023-05-06,Social Media,69.04,Standard,43,Germany,1,19.99
C007529,2022-01-06,Referral,25.4,Basic,64,US,1,199.8
C007530,2022-10-27,Referral,30.53,Basic,53,US,0,319.69
C007531,2023-07-11,Organic,13.86,Standard,31,France,0,459.77
C007532,2023-10-17,Paid Search,74.89,Premium,52,Australia,1,159.96
C007533,2023-08-23,Affiliate,31.28,Basic,55,UK,1,79.92
C007534,2023-01-09,Organic,18.04,Basic,56,Australia,1,339.8
C007535,2022-12-03,Referral,58.97,Basic,62,Germany,1,0.0
C007536,2023-03-05,Email,31.59,Standard,21,UK,1,79.96
C007537,2023-11-14,Affiliate,23.95,Basic,48,France,1,529.71
C007538,2022-03-13,Referral,32.6,Basic,59,France,1,39.96
C007539,2022-03-10,Paid Search,73.68,Basic,35,UK,1,9.99
C007540,2023-09-17,Email,29.2,Standard,18,UK,0,239.88
C007541,2023-10-02,Social Media,42.02,Basic,65,Australia,1,29.97
C007542,2023-02-11,Organic,20.44,Standard,40,UK,1,39.98
C007543,2022-07-05,Email,52.23,Standard,33,Canada,0,479.76
C007544,2022-01-31,Organic,11.68,Standard,56,Germany,1,19.99
C007545,2022-11-08,Referral,59.13,Basic,49,UK,1,9.99
C007546,2023-11-20,Affiliate,37.98,Basic,35,France,0,269.73
C007547,2023-09-23,Organic,21.52,Basic,52,US,0,159.84
C007548,2023-09-10,Social Media,48.23,Standard,39,France,1,39.98
C007549,2023-05-06,Referral,29.32,Basic,20,Australia,1,79.92
C007550,2022-07-25,Affiliate,30.03,Basic,31,Germany,0,269.73
C007551,2023-07-09,Affiliate,43.22,Premium,51,Australia,1,39.99
C007552,2022-01-21,Social Media,70.52,Standard,49,Canada,1,19.99
C007553,2023-03-16,Email,45.57,Premium,20,Germany,1,199.95
C007554,2022-06-15,Organic,27.96,Standard,50,Germany,1,339.83
C007555,2023-11-09,Referral,52.08,Standard,45,France,1,19.99
C007556,2023-08-26,Organic,17.74,Standard,29,UK,1,79.96
C007557,2023-02-25,Paid Search,71.57,Basic,20,Canada,0,89.91
C007558,2023-07-05,Social Media,51.98,Standard,63,Germany,1,19.99
C007559,2023-04-06,Organic,28.82,Basic,48,Australia,1,29.97
C007560,2022-06-13,Email,53.28,Standard,27,France,1,39.98
C007561,2022-05-01,Paid Search,109.46,Standard,57,Australia,0,519.74
C007562,2023-07-01,Email,34.68,Standard,34,France,1,19.99
C007563,2023-11-21,Email,22.56,Premium,19,Australia,1,79.98
C007564,2023-06-27,Social Media,35.0,Standard,61,France,0,179.91
C007565,2022-12-09,Social Media,39.67,Standard,21,Australia,1,179.91
C007566,2022-10-12,Paid Search,81.9,Basic,25,France,1,19.98
C007567,2022-11-25,Social Media,58.27,Premium,19,Germany,1,959.71
C007568,2022-05-07,Referral,50.06,Standard,34,France,1,99.95
C007569,2022-04-08,Social Media,67.49,Basic,21,Australia,1,9.99
C007570,2022-10-06,Organic,25.69,Basic,20,UK,1,139.92
C007571,2022-09-02,Organic,11.02,Basic,20,Germany,1,39.96
C007572,2023-09-14,Referral,26.36,Basic,65,UK,1,9.99
C007573,2022-06-30,Affiliate,42.47,Standard,39,Australia,0,419.79
C007574,2022-11-09,Paid Search,81.74,Basic,35,Canada,1,319.8
C007575,2023-08-26,Affiliate,39.42,Standard,56,UK,1,39.98
C007576,2023-01-19,Organic,25.94,Standard,56,Germany,0,219.89
C007577,2022-07-19,Referral,36.31,Standard,38,Canada,1,19.99
C007578,2023-04-02,Affiliate,57.59,Standard,47,France,1,39.98
C007579,2023-11-15,Affiliate,29.74,Standard,22,US,1,19.99
C007580,2022-11-27,Paid Search,118.17,Standard,27,Canada,0,239.88
C007581,2023-10-26,Affiliate,43.6,Standard,62,Germany,1,0.0
C007582,2023-04-16,Organic,21.16,Basic,43,US,1,29.97
C007583,2023-10-13,Organic,19.51,Premium,62,US,0,79.98
C007584,2022-09-21,Organic,29.26,Basic,42,US,0,679.64
C007585,2022-02-17,Social Media,36.05,Premium,44,Australia,1,159.96
C007586,2023-02-11,Referral,38.59,Basic,18,Germany,0,39.96
C007587,2022-04-24,Paid Search,111.69,Standard,63,Australia,1,39.98
C007588,2023-04-25,Organic,18.78,Basic,38,US,1,49.95
C007589,2023-02-25,Social Media,38.92,Standard,28,France,1,219.89
C007590,2023-09-15,Organic,23.75,Basic,53,Australia,1,209.88
C007591,2022-04-14,Referral,56.34,Basic,43,UK,1,209.79
C007592,2022-06-21,Referral,21.39,Standard,37,UK,1,19.99
C007593,2022-03-15,Referral,45.61,Premium,54,US,1,159.96
C007594,2022-11-23,Email,32.36,Basic,48,UK,1,19.98
C007595,2022-12-10,Referral,22.17,Basic,47,France,1,19.98
C007596,2022-06-11,Affiliate,21.79,Basic,57,US,1,99.9
C007597,2023-02-05,Affiliate,56.32,Basic,62,Canada,1,69.93
C007598,2022-02-03,Affiliate,52.53,Basic,22,UK,1,29.97
C007599,2022-09-21,Organic,24.03,Premium,48,UK,1,119.97
C007600,2022-04-06,Paid Search,60.83,Standard,21,Australia,1,39.98
C007601,2023-03-19,Referral,37.56,Basic,38,Canada,1,9.99
C007602,2023-11-03,Organic,16.49,Standard,29,Canada,1,99.95
C007603,2022-06-10,Affiliate,58.87,Basic,44,France,1,9.99
C007604,2022-10-12,Paid Search,73.45,Standard,50,Australia,1,239.88
C007605,2023-03-21,Organic,19.33,Standard,41,France,1,99.95
C007606,2022-03-11,Paid Search,118.32,Standard,39,Germany,1,99.95
C007607,2022-08-18,Paid Search,58.1,Basic,46,France,0,259.74
C007608,2023-11-01,Email,35.39,Basic,41,UK,1,139.86
C007609,2023-02-23,Organic,16.31,Basic,18,Australia,1,9.99
C007610,2022-12-23,Affiliate,34.62,Basic,41,UK,1,109.89
C007611,2023-09-30,Social Media,31.81,Basic,49,Canada,1,99.9
C007612,2022-10-24,Organic,12.53,Basic,61,France,0,119.88
C007613,2023-08-20,Affiliate,41.85,Basic,29,Canada,0,19.98
C007614,2023-07-29,Referral,43.87,Premium,33,Canada,1,159.96
C007615,2023-03-18,Organic,10.7,Standard,39,Australia,1,99.95
C007616,2022-12-21,Organic,17.32,Basic,55,Germany,1,49.95
C007617,2023-01-07,Organic,27.32,Basic,51,Canada,0,129.87
C007618,2023-08-26,Social Media,40.89,Standard,29,Germany,1,19.99
C007619,2022-07-22,Social Media,68.26,Basic,39,France,1,19.98
C007620,2023-10-24,Organic,23.38,Standard,49,Germany,1,19.99
C007621,2022-06-13,Organic,13.95,Basic,23,Germany,1,29.97
C007622,2022-10-11,Affiliate,35.07,Basic,62,Germany,0,9.99
C007623,2022-12-10,Paid Search,60.58,Basic,61,Canada,1,9.99
C007624,2023-04-06,Organic,24.83,Standard,18,US,1,19.99
C007625,2022-10-04,Email,47.64,Basic,64,Germany,1,129.87
C007626,2022-03-16,Email,42.33,Basic,53,France,1,9.99
C007627,2023-11-06,Social Media,42.31,Standard,37,France,1,19.99
C007628,2023-11-14,Affiliate,49.1,Standard,25,UK,1,19.99
C007629,2023-02-16,Email,24.4,Standard,56,UK,1,199.9
C007630,2022-01-09,Affiliate,20.57,Premium,38,France,1,119.97
C007631,2023-07-09,Email,44.32,Basic,59,France,1,19.98
C007632,2022-02-12,Email,24.83,Basic,31,Canada,1,9.99
C007633,2022-01-26,Social Media,79.7,Standard,65,US,1,179.91
C007634,2022-02-19,Social Media,48.83,Premium,32,Canada,1,39.99
C007635,2023-10-19,Email,48.83,Standard,55,France,1,19.99
C007636,2022-02-08,Affiliate,27.38,Basic,33,US,1,39.96
C007637,2022-04-10,Referral,48.07,Standard,44,US,1,19.99
C007638,2022-05-21,Affiliate,23.0,Premium,36,Germany,1,559.84
C007639,2023-04-04,Referral,51.03,Basic,25,UK,1,19.98
C007640,2022-12-22,Email,40.95,Basic,28,US,0,19.98
C007641,2023-04-14,Social Media,61.09,Standard,34,France,0,19.99
C007642,2022-11-25,Email,22.99,Basic,18,France,1,9.99
C007643,2022-06-02,Organic,14.89,Basic,34,Australia,1,39.96
C007644,2023-03-20,Social Media,50.86,Standard,49,Australia,1,39.98
C007645,2022-05-03,Referral,35.63,Basic,50,Australia,0,39.97
C007646,2022-04-09,Paid Search,51.59,Premium,57,Canada,1,39.99
C007647,2022-02-28,Social Media,41.76,Standard,61,Germany,1,39.98
C007648,2022-10-25,Affiliate,24.02,Basic,20,France,1,29.97
C007649,2023-01-30,Paid Search,111.29,Standard,54,Canada,0,119.94
C007650,2022-07-14,Paid Search,103.82,Standard,19,Germany,1,139.93
C007651,2022-06-01,Social Media,74.67,Premium,53,Germany,0,599.85
C007652,2023-01-30,Social Media,34.7,Basic,24,UK,1,249.83
C007653,2023-11-17,Email,34.56,Standard,41,Germany,1,19.99
C007654,2022-09-15,Social Media,57.2,Basic,65,US,0,219.78
C007655,2022-11-27,Email,28.0,Basic,20,France,1,9.99
C007656,2022-08-13,Social Media,43.56,Standard,35,UK,1,99.95
C007657,2023-11-23,Affiliate,38.95,Standard,54,France,1,19.99
C007658,2023-06-07,Organic,21.79,Basic,57,Germany,0,609.67
C007659,2023-01-17,Referral,44.53,Basic,60,France,1,29.97
C007660,2023-03-01,Paid Search,116.63,Basic,28,UK,1,59.94
C007661,2022-09-03,Referral,41.55,Basic,29,Germany,1,19.98
C007662,2022-12-15,Paid Search,113.4,Basic,31,France,1,39.96
C007663,2023-09-14,Affiliate,50.1,Basic,39,Australia,1,69.93
C007664,2023-04-27,Email,52.85,Standard,20,UK,1,199.9
C007665,2022-05-18,Email,20.71,Premium,49,US,0,1059.69
C007666,2023-11-26,Organic,18.41,Standard,41,US,1,59.97
C007667,2022-05-17,Affiliate,35.46,Standard,36,Canada,1,99.95
C007668,2023-04-11,Paid Search,104.39,Standard,35,US,1,319.84
C007669,2023-10-20,Social Media,64.83,Standard,19,Australia,1,39.98
C007670,2022-08-11,Paid Search,116.48,Standard,25,France,1,19.99
C007671,2023-03-18,Affiliate,49.94,Premium,54,Australia,1,119.97
C007672,2022-02-21,Referral,36.88,Basic,65,Canada,0,49.97
C007673,2023-04-27,Referral,45.84,Basic,21,Australia,1,249.75
C007674,2022-04-10,Organic,23.24,Basic,18,France,1,99.93
C007675,2022-08-24,Email,30.01,Standard,53,UK,1,79.96
C007676,2023-02-08,Organic,25.85,Standard,46,Germany,1,19.99
C007677,2023-05-03,Email,50.12,Standard,30,Australia,1,339.83
C007678,2022-10-17,Paid Search,59.33,Basic,32,France,0,39.96
C007679,2022-05-13,Paid Search,68.46,Basic,49,Germany,1,9.99
C007680,2023-04-07,Paid Search,81.92,Basic,46,Australia,1,169.83
C007681,2022-12-14,Organic,13.3,Basic,51,France,0,189.87
C007682,2022-12-19,Paid Search,56.53,Premium,36,France,1,79.98
C007683,2022-11-13,Referral,59.81,Basic,42,UK,0,549.72
C007684,2023-06-28,Paid Search,90.77,Basic,52,Germany,1,149.85
C007685,2023-07-10,Email,54.93,Basic,19,Australia,1,9.99
C007686,2023-11-15,Social Media,53.11,Premium,58,Australia,1,319.92
C007687,2023-08-25,Email,29.86,Standard,56,Canada,1,139.93
C007688,2023-04-03,Referral,22.24,Basic,62,Australia,1,109.94
C007689,2022-09-08,Affiliate,43.59,Standard,33,UK,1,19.99
C007690,2023-10-23,Affiliate,22.18,Premium,38,Canada,1,119.97
C007691,2023-02-22,Organic,27.04,Standard,63,Australia,1,179.91
C007692,2023-05-01,Email,58.01,Basic,46,Australia,1,9.99
C007693,2023-04-09,Email,46.58,Basic,54,France,1,29.97
C007694,2023-03-21,Paid Search,100.23,Standard,23,UK,1,39.98
C007695,2023-08-11,Social Media,60.92,Basic,58,Canada,0,659.65
C007696,2023-08-23,Paid Search,99.3,Basic,63,France,1,9.99
C007697,2022-12-10,Affiliate,37.53,Basic,58,Canada,1,39.96
C007698,2023-10-08,Organic,11.75,Basic,31,Germany,0,259.74
C007699,2023-05-15,Email,36.9,Basic,30,France,1,179.84
C007700,2023-08-21,Referral,55.33,Basic,54,France,0,119.88
C007701,2023-05-21,Affiliate,38.59,Basic,48,France,1,29.97
C007702,2023-10-05,Affiliate,26.15,Premium,26,US,1,39.99
C007703,2022-02-15,Email,48.72,Basic,19,US,1,19.98
C007704,2022-09-19,Paid Search,85.32,Basic,44,France,1,179.88
C007705,2022-03-01,Referral,27.29,Basic,49,Canada,1,19.98
C007706,2023-08-24,Social Media,35.38,Premium,20,France,1,79.98
C007707,2023-02-12,Referral,23.93,Standard,60,US,1,39.98
C007708,2023-11-11,Email,20.32,Standard,58,Canada,0,479.76
C007709,2023-06-12,Affiliate,39.35,Basic,28,Australia,0,39.96
C007710,2022-06-28,Referral,54.31,Premium,36,Australia,1,359.91
C007711,2023-08-27,Referral,36.94,Standard,26,France,1,39.98
C007712,2022-11-01,Email,27.93,Basic,40,US,1,69.93
C007713,2023-04-13,Organic,21.73,Basic,39,US,1,19.98
C007714,2022-07-04,Affiliate,28.69,Premium,31,UK,1,79.98
C007715,2022-12-02,Paid Search,116.12,Basic,61,Germany,1,9.99
C007716,2023-11-28,Referral,39.91,Basic,64,UK,0,79.95
C007717,2023-02-02,Social Media,56.6,Basic,21,UK,1,119.88
C007718,2023-11-13,Organic,10.18,Standard,55,Germany,1,39.98
C007719,2023-09-06,Organic,15.14,Basic,48,US,1,19.98
C007720,2023-10-07,Affiliate,45.11,Premium,19,Germany,1,439.89
C007721,2022-03-29,Affiliate,59.65,Standard,48,Canada,1,99.95
C007722,2023-02-08,Referral,55.5,Premium,56,Germany,1,39.99
C007723,2023-11-16,Social Media,53.73,Standard,65,US,1,19.99
C007724,2023-04-16,Organic,25.01,Basic,32,Canada,1,289.71
C007725,2023-02-04,Referral,40.02,Standard,65,US,1,79.96
C007726,2022-08-12,Paid Search,74.38,Basic,54,Canada,0,489.69
C007727,2022-05-28,Social Media,46.3,Basic,65,Germany,1,19.98
C007728,2023-05-17,Paid Search,72.41,Basic,53,US,1,299.83
C007729,2022-02-26,Affiliate,39.97,Standard,32,Australia,1,19.99
C007730,2023-09-02,Social Media,70.58,Standard,35,Australia,0,599.7
C007731,2023-03-02,Affiliate,47.14,Premium,29,Australia,1,479.88
C007732,2023-01-23,Organic,15.21,Standard,56,UK,0,19.99
C007733,2023-11-04,Referral,46.81,Basic,54,Germany,1,69.93
C007734,2022-06-30,Referral,33.35,Standard,34,UK,1,0.0
C007735,2023-08-18,Organic,21.66,Basic,56,Canada,1,269.81
C007736,2023-02-07,Referral,28.71,Basic,59,Germany,0,249.75
C007737,2022-07-25,Referral,25.8,Premium,21,Canada,0,559.86
C007738,2023-11-27,Organic,17.78,Basic,50,Germany,1,89.91
C007739,2023-10-26,Organic,27.42,Standard,50,US,1,99.95
C007740,2022-04-03,Paid Search,101.86,Basic,30,Australia,1,9.99
C007741,2023-05-03,Affiliate,45.27,Standard,33,France,0,619.69
C007742,2023-03-02,Social Media,76.55,Basic,58,UK,1,19.98
C007743,2023-09-02,Social Media,59.04,Standard,46,Germany,0,619.69
C007744,2023-04-26,Affiliate,22.45,Basic,51,France,1,9.99
C007745,2023-08-22,Affiliate,50.81,Basic,29,Australia,1,169.83
C007746,2023-08-25,Email,35.37,Standard,24,Canada,1,19.99
C007747,2022-10-27,Affiliate,41.96,Premium,48,US,1,799.8
C007748,2022-02-20,Affiliate,25.09,Basic,62,US,0,59.94
C007749,2022-08-06,Paid Search,77.38,Standard,48,Canada,1,559.72
C007750,2023-03-07,Organic,13.13,Basic,52,France,0,329.67
C007751,2022-10-22,Organic,17.19,Basic,62,UK,1,49.95
C007752,2023-09-15,Organic,20.53,Basic,58,Australia,0,99.9
C007753,2023-01-19,Organic,24.45,Basic,44,US,1,29.97
C007754,2023-04-30,Referral,46.66,Premium,39,France,0,79.98
C007755,2023-09-07,Paid Search,60.86,Standard,41,UK,1,319.84
C007756,2023-07-14,Social Media,57.82,Standard,45,UK,1,39.98
C007757,2022-01-06,Affiliate,26.05,Basic,63,UK,1,19.98
C007758,2023-09-15,Paid Search,105.82,Basic,27,France,1,19.98
C007759,2023-03-26,Email,44.5,Basic,64,UK,1,59.94
C007760,2022-12-26,Email,45.96,Basic,28,Germany,1,19.98
C007761,2023-06-23,Affiliate,32.39,Standard,35,Germany,0,619.69
C007762,2022-10-11,Affiliate,34.4,Basic,61,UK,1,39.96
C007763,2023-06-17,Paid Search,57.19,Basic,25,France,1,129.91
C007764,2022-12-28,Affiliate,47.37,Standard,21,France,0,59.97
C007765,2023-05-07,Social Media,50.16,Basic,40,US,1,19.98
C007766,2023-11-25,Social Media,57.15,Standard,38,France,1,79.96
C007767,2022-01-11,Organic,10.03,Premium,53,Australia,0,379.88
C007768,2023-03-07,Referral,43.78,Standard,34,Canada,1,79.96
C007769,2023-05-27,Referral,23.18,Basic,52,Australia,1,79.92
C007770,2023-07-16,Referral,35.08,Standard,58,Canada,1,19.99
C007771,2023-02-02,Social Media,42.11,Basic,37,Germany,1,89.94
C007772,2023-03-30,Social Media,67.19,Basic,32,UK,1,9.99
C007773,2023-05-07,Email,55.77,Basic,62,Germany,1,29.97
C007774,2022-06-24,Email,24.58,Premium,40,US,1,119.97
C007775,2022-07-05,Paid Search,83.94,Basic,58,Germany,1,9.99
C007776,2022-09-08,Social Media,79.35,Basic,28,US,1,29.97
C007777,2023-09-07,Social Media,30.43,Premium,18,Canada,0,39.99
C007778,2023-04-30,Paid Search,102.61,Basic,48,Australia,0,289.71
C007779,2023-08-01,Referral,26.55,Basic,40,France,1,219.78
C007780,2023-05-14,Referral,29.45,Premium,42,US,0,1279.68
C007781,2023-08-09,Email,50.04,Premium,55,US,1,239.94
C007782,2023-09-14,Email,23.73,Standard,49,Australia,1,399.8
C007783,2022-08-26,Referral,37.43,Basic,46,Australia,1,19.98
C007784,2023-06-26,Email,34.0,Basic,37,France,1,9.99
C007785,2023-09-02,Affiliate,47.2,Premium,41,Germany,1,479.88
C007786,2022-04-30,Paid Search,57.93,Standard,52,Canada,1,139.93
C007787,2022-09-26,Social Media,77.9,Standard,42,US,1,19.99
C007788,2023-03-22,Paid Search,109.1,Basic,39,Germany,1,9.99
C007789,2022-09-14,Referral,39.07,Basic,46,Australia,1,29.97
C007790,2022-06-11,Organic,12.83,Standard,50,Germany,0,419.79
C007791,2023-04-01,Social Media,49.17,Standard,57,US,1,19.99
C007792,2023-07-16,Email,53.3,Basic,41,Germany,1,59.94
C007793,2023-08-30,Affiliate,41.51,Premium,26,Australia,1,439.89
C007794,2022-07-11,Email,21.62,Standard,21,Canada,1,79.96
C007795,2023-08-27,Organic,16.39,Basic,25,Germany,0,259.74
C007796,2022-08-24,Referral,32.88,Basic,20,Canada,1,89.91
C007797,2023-08-04,Organic,21.43,Basic,29,Canada,1,19.98
C007798,2023-02-23,Paid Search,110.18,Standard,48,US,1,279.86
C007799,2022-05-18,Paid Search,92.7,Basic,21,Germany,1,239.85
C007800,2022-12-11,Paid Search,64.15,Premium,30,Australia,1,319.92
C007801,2023-01-13,Email,57.8,Basic,55,Australia,0,249.75
C007802,2023-07-09,Organic,21.41,Premium,28,France,0,1119.72
C007803,2022-07-10,Affiliate,48.16,Standard,18,France,1,19.99
C007804,2023-05-17,Email,39.55,Standard,58,Germany,1,19.99
C007805,2023-06-01,Affiliate,54.38,Basic,62,Germany,1,9.99
C007806,2022-07-14,Referral,54.08,Basic,21,France,0,119.88
C007807,2023-04-26,Referral,28.78,Standard,50,Australia,1,119.94
C007808,2022-09-11,Referral,53.82,Basic,54,Germany,1,29.97
C007809,2023-11-05,Email,59.83,Standard,38,Canada,1,139.93
C007810,2022-01-12,Organic,23.72,Basic,41,Australia,1,29.97
C007811,2022-02-17,Referral,48.17,Standard,28,France,0,19.99
C007812,2022-01-28,Affiliate,23.27,Premium,57,UK,0,999.75
C007813,2022-07-06,Affiliate,57.98,Basic,27,Germany,0,9.99
C007814,2023-06-14,Paid Search,74.19,Basic,19,Canada,1,9.99
C007815,2023-09-29,Social Media,63.54,Standard,45,Germany,1,39.98
C007816,2022-05-04,Organic,19.18,Basic,55,France,1,249.79
C007817,2023-03-29,Paid Search,69.46,Standard,53,US,0,399.8
C007818,2023-08-28,Email,38.41,Basic,50,Australia,0,289.71
C007819,2023-05-28,Social Media,30.36,Basic,38,UK,1,9.99
C007820,2023-07-18,Organic,17.29,Standard,39,France,0,479.76
C007821,2023-10-04,Referral,25.68,Standard,57,Canada,1,119.94
C007822,2022-02-04,Referral,49.63,Premium,40,US,1,39.99
C007823,2022-07-14,Organic,18.17,Basic,29,US,1,29.97
C007824,2022-05-12,Email,24.27,Basic,33,France,0,9.99
C007825,2023-04-06,Organic,26.56,Basic,51,Canada,0,19.98
C007826,2022-08-18,Referral,42.77,Standard,27,US,0,179.91
C007827,2022-10-23,Affiliate,42.94,Basic,32,Germany,0,89.91
C007828,2022-04-16,Referral,29.65,Premium,45,Australia,1,39.99
C007829,2022-07-16,Email,21.41,Premium,41,France,1,239.94
C007830,2022-08-09,Organic,18.16,Basic,50,UK,1,109.89
C007831,2023-03-12,Email,57.15,Basic,28,UK,1,39.96
C007832,2023-07-03,Referral,37.02,Standard,20,Germany,1,19.99
C007833,2023-05-02,Referral,34.86,Premium,54,Canada,1,939.7
C007834,2023-04-05,Paid Search,101.45,Standard,38,Canada,1,19.99
C007835,2022-04-13,Organic,16.37,Standard,58,Australia,1,19.99
C007836,2023-03-29,Referral,56.01,Basic,18,Canada,0,379.78
C007837,2022-02-10,Paid Search,72.97,Standard,65,France,0,399.8
C007838,2023-10-29,Email,49.5,Standard,19,Australia,1,19.99
C007839,2023-07-08,Social Media,70.3,Standard,27,UK,1,19.99
C007840,2022-12-17,Referral,40.15,Standard,48,Australia,1,19.99
C007841,2022-06-02,Organic,20.53,Basic,25,US,0,249.75
C007842,2022-10-21,Organic,17.4,Standard,65,Canada,1,39.98
C007843,2023-08-17,Paid Search,58.19,Basic,51,Australia,1,69.93
C007844,2022-05-02,Referral,50.66,Standard,23,Canada,1,119.94
C007845,2023-10-13,Social Media,61.48,Premium,23,UK,1,39.99
C007846,2023-10-26,Social Media,30.83,Basic,60,Australia,1,209.87
C007847,2022-12-31,Organic,10.84,Premium,37,Canada,1,79.98
C007848,2023-07-20,Social Media,31.7,Standard,55,UK,0,39.98
C007849,2022-05-14,Affiliate,39.1,Basic,54,France,0,269.82
C007850,2023-11-30,Organic,28.54,Basic,56,Canada,1,259.86
C007851,2023-10-01,Paid Search,73.24,Standard,65,Australia,1,59.97
C007852,2023-10-28,Email,57.82,Premium,32,Australia,1,119.97
C007853,2023-02-08,Paid Search,89.37,Basic,49,UK,1,169.87
C007854,2022-06-18,Social Media,48.14,Standard,65,US,0,539.73
C007855,2023-05-12,Organic,20.48,Basic,40,US,1,79.95
C007856,2022-10-31,Affiliate,46.72,Basic,59,Australia,0,239.76
C007857,2023-09-20,Affiliate,53.19,Basic,62,UK,1,19.98
C007858,2023-11-19,Email,21.41,Basic,20,Canada,1,19.98
C007859,2023-01-01,Paid Search,91.42,Premium,53,US,1,39.99
C007860,2022-10-07,Affiliate,58.92,Premium,53,France,0,79.98
C007861,2023-03-04,Referral,45.28,Standard,24,Canada,1,0.0
C007862,2022-01-11,Affiliate,43.01,Basic,46,US,0,49.95
C007863,2023-08-02,Email,40.08,Basic,22,Germany,1,9.99
C007864,2022-01-15,Email,40.04,Basic,43,Germany,0,309.72
C007865,2023-07-01,Email,24.11,Premium,32,Australia,1,239.94
C007866,2023-07-13,Social Media,48.99,Basic,29,France,1,19.98
C007867,2022-04-09,Social Media,32.73,Basic,38,Canada,1,9.99
C007868,2023-02-23,Referral,59.81,Basic,32,US,1,19.98
C007869,2022-06-08,Social Media,40.95,Basic,46,Germany,1,29.97
C007870,2023-08-31,Email,38.1,Basic,28,France,0,79.92
C007871,2022-12-30,Referral,51.67,Standard,37,Germany,0,219.89
C007872,2022-10-14,Social Media,31.86,Basic,54,Australia,1,59.95
C007873,2023-06-02,Email,51.35,Basic,32,Australia,1,19.98
C007874,2022-08-14,Organic,25.17,Standard,24,Germany,1,39.98
C007875,2022-02-07,Social Media,38.62,Premium,23,Canada,0,39.99
C007876,2022-09-16,Referral,23.5,Basic,20,Canada,1,99.9
C007877,2022-09-26,Organic,17.4,Basic,36,Canada,1,9.99
C007878,2023-11-30,Affiliate,40.01,Standard,56,Germany,1,39.98
C007879,2023-09-03,Social Media,66.42,Basic,23,Australia,1,9.99
C007880,2023-11-21,Email,51.93,Basic,32,Australia,1,89.91
C007881,2023-04-20,Email,21.78,Standard,49,Germany,0,659.67
C007882,2022-05-19,Organic,22.06,Standard,30,Germany,0,39.98
C007883,2022-09-10,Email,35.69,Basic,28,Canada,1,69.93
C007884,2022-06-27,Referral,46.8,Basic,49,Canada,1,39.96
C007885,2023-11-07,Affiliate,24.84,Basic,35,US,1,9.99
C007886,2022-06-24,Referral,47.75,Basic,30,Canada,1,9.99
C007887,2022-06-08,Social Media,47.66,Basic,53,UK,1,79.94
C007888,2022-05-27,Referral,48.79,Standard,31,France,1,19.99
C007889,2022-09-19,Organic,27.26,Basic,22,US,1,119.88
C007890,2023-08-13,Affiliate,34.06,Premium,58,Canada,0,279.93
C007891,2022-05-25,Referral,33.57,Basic,52,France,1,299.7
C007892,2023-10-16,Organic,20.21,Basic,51,UK,0,309.69
C007893,2022-01-14,Referral,26.25,Basic,43,UK,1,209.88
C007894,2022-07-30,Social Media,31.63,Standard,60,France,1,119.94
C007895,2022-08-05,Referral,41.18,Basic,33,UK,1,19.98
C007896,2023-02-21,Referral,26.33,Basic,27,Germany,0,99.9
C007897,2022-05-09,Referral,37.89,Standard,46,Canada,1,279.86
C007898,2023-03-21,Email,33.43,Standard,50,US,1,39.98
C007899,2023-08-18,Affiliate,53.78,Standard,52,Germany,0,479.76
C007900,2023-10-18,Affiliate,38.31,Basic,61,UK,1,319.79
C007901,2023-08-12,Social Media,43.42,Standard,22,UK,1,159.92
C007902,2023-03-04,Referral,33.86,Premium,28,Australia,1,119.97
C007903,2023-02-17,Referral,40.19,Standard,56,US,1,339.83
C007904,2022-12-05,Paid Search,78.3,Basic,46,Australia,1,239.87
C007905,2023-05-29,Paid Search,103.43,Basic,22,Germany,1,19.98
C007906,2022-05-07,Affiliate,48.45,Basic,24,Germany,1,9.99
C007907,2023-04-06,Email,20.59,Basic,20,UK,1,49.95
C007908,2023-07-22,Affiliate,41.36,Basic,24,Australia,1,339.8
C007909,2022-11-23,Affiliate,57.66,Standard,50,US,1,119.94
C007910,2022-04-18,Referral,36.11,Standard,18,UK,1,279.86
C007911,2022-09-13,Referral,25.41,Basic,25,France,0,9.99
C007912,2022-08-16,Email,41.14,Standard,57,Australia,1,19.99
C007913,2023-01-10,Paid Search,55.04,Basic,60,UK,1,9.99
C007914,2023-07-31,Referral,41.77,Basic,49,UK,1,69.93
C007915,2022-09-24,Organic,27.21,Standard,23,US,1,159.92
C007916,2023-11-21,Referral,51.0,Basic,44,UK,0,639.66
C007917,2022-08-30,Affiliate,35.2,Basic,43,US,0,349.65
C007918,2022-05-25,Referral,56.51,Standard,27,Canada,1,239.88
C007919,2023-05-22,Email,45.56,Basic,39,US,0,479.69
C007920,2023-10-16,Email,59.73,Basic,45,Australia,1,309.83
C007921,2022-04-12,Paid Search,73.61,Premium,26,US,1,159.96
C007922,2022-03-03,Email,31.56,Basic,48,France,1,179.82
C007923,2023-08-19,Referral,56.93,Basic,26,Australia,1,19.98
C007924,2023-09-22,Email,22.57,Standard,57,Germany,1,139.93
C007925,2023-10-20,Social Media,39.2,Premium,51,Germany,1,1079.73
C007926,2023-03-05,Social Media,32.48,Standard,44,France,1,39.98
C007927,2022-04-06,Referral,42.29,Standard,28,US,1,399.8
C007928,2022-10-25,Organic,18.85,Basic,30,US,1,129.87
C007929,2023-06-23,Affiliate,58.95,Basic,35,UK,1,9.99
C007930,2023-08-16,Organic,13.9,Basic,27,US,1,0.0
C007931,2022-02-23,Social Media,72.28,Standard,43,UK,0,99.95
C007932,2023-02-12,Organic,19.65,Standard,59,Canada,1,39.98
C007933,2023-05-20,Social Media,55.68,Basic,59,Germany,0,159.84
C007934,2023-10-01,Email,48.65,Standard,57,UK,0,259.87
C007935,2022-03-06,Paid Search,61.78,Basic,25,Canada,1,99.9
C007936,2022-06-28,Paid Search,91.72,Standard,29,UK,0,479.76
C007937,2023-08-12,Referral,46.82,Basic,38,Canada,1,39.96
C007938,2022-02-08,Organic,15.93,Standard,61,UK,1,59.97
C007939,2023-07-18,Affiliate,58.03,Premium,49,Canada,0,1279.68
C007940,2022-10-26,Paid Search,94.86,Standard,43,Canada,0,399.8
C007941,2023-01-05,Email,30.73,Standard,21,Germany,1,39.98
C007942,2023-10-07,Email,26.95,Premium,45,UK,1,79.98
C007943,2023-02-14,Referral,59.48,Standard,33,Germany,0,499.75
C007944,2022-12-25,Social Media,78.9,Standard,59,US,1,59.97
C007945,2022-10-14,Social Media,57.21,Standard,41,US,0,659.67
C007946,2022-01-14,Affiliate,39.99,Basic,20,France,0,309.82
C007947,2023-08-19,Organic,24.63,Basic,27,US,1,329.78
C007948,2023-10-08,Organic,25.87,Standard,55,Australia,0,619.69
C007949,2023-05-28,Organic,15.66,Basic,25,Canada,1,9.99
C007950,2023-11-21,Referral,43.23,Basic,25,US,1,0.0
C007951,2022-03-27,Social Media,50.29,Basic,57,Australia,1,39.97
C007952,2022-07-24,Paid Search,72.88,Basic,45,UK,1,39.96
C007953,2022-06-28,Referral,22.18,Standard,22,Germany,1,59.97
C007954,2022-10-10,Paid Search,103.24,Basic,32,UK,1,29.97
C007955,2022-04-30,Referral,23.78,Basic,53,UK,0,69.94
C007956,2022-07-14,Organic,10.16,Basic,62,Germany,1,99.9
C007957,2022-05-04,Email,51.76,Basic,47,Australia,1,69.93
C007958,2022-09-14,Organic,16.69,Basic,60,Australia,1,29.97
C007959,2023-08-10,Social Media,31.44,Basic,63,US,1,9.99
C007960,2022-01-06,Social Media,50.65,Basic,32,Australia,1,39.97
C007961,2023-01-02,Paid Search,106.18,Premium,41,France,0,39.99
C007962,2023-01-13,Organic,19.44,Basic,41,UK,1,109.89
C007963,2022-09-28,Organic,14.8,Premium,27,Australia,1,159.96
C007964,2022-07-10,Email,51.34,Basic,24,US,1,79.92
C007965,2023-02-11,Referral,33.06,Basic,28,Canada,1,249.87
C007966,2023-08-19,Paid Search,117.68,Basic,46,Germany,0,89.91
C007967,2023-03-31,Social Media,34.06,Basic,20,Canada,0,559.7
C007968,2023-04-28,Organic,19.97,Basic,26,Australia,0,119.88
C007969,2023-05-23,Affiliate,44.96,Standard,49,Australia,0,519.74
C007970,2023-11-25,Social Media,38.16,Premium,38,France,1,199.95
C007971,2023-04-21,Email,44.98,Premium,51,France,1,79.98
C007972,2022-04-29,Referral,52.63,Standard,33,US,0,459.77
C007973,2023-05-04,Organic,16.34,Premium,23,US,1,159.96
C007974,2022-09-22,Paid Search,100.63,Basic,36,Australia,1,19.98
C007975,2023-05-28,Social Media,79.7,Premium,44,Germany,0,59.98
C007976,2022-08-11,Organic,28.31,Premium,46,US,1,79.98
C007977,2023-04-27,Affiliate,30.55,Standard,18,Australia,1,79.96
C007978,2023-02-24,Referral,43.88,Basic,38,Australia,1,19.98
C007979,2022-02-24,Email,34.08,Standard,18,UK,1,19.99
C007980,2022-09-18,Organic,27.86,Standard,23,Germany,0,79.96
C007981,2023-02-17,Organic,19.23,Basic,31,Australia,1,139.91
C007982,2022-02-07,Organic,12.07,Basic,31,France,1,39.96
C007983,2022-08-15,Organic,23.29,Standard,59,US,1,279.86
C007984,2023-04-11,Paid Search,52.07,Basic,38,Germany,1,19.98
C007985,2023-08-25,Referral,34.31,Standard,34,US,1,259.87
C007986,2022-02-01,Organic,21.39,Standard,59,Australia,1,19.99
C007987,2022-11-21,Social Media,72.79,Standard,64,US,0,559.72
C007988,2023-03-25,Email,52.8,Basic,36,US,1,59.94
C007989,2022-05-06,Referral,54.8,Basic,62,UK,1,29.97
C007990,2022-11-07,Affiliate,48.29,Standard,25,Canada,1,139.93
C007991,2023-04-30,Social Media,73.88,Standard,45,UK,1,39.98
C007992,2022-10-09,Email,25.83,Basic,21,Australia,0,69.93
C007993,2023-03-12,Social Media,36.31,Basic,23,Germany,1,9.99
C007994,2023-06-08,Social Media,50.02,Basic,56,Canada,0,319.68
C007995,2022-04-11,Affiliate,48.07,Standard,33,Canada,1,39.98
C007996,2023-03-09,Referral,32.74,Basic,49,Canada,1,39.96
C007997,2023-03-11,Social Media,46.24,Standard,32,US,0,419.79
C007998,2023-03-20,Social Media,59.02,Basic,45,US,1,99.9
C007999,2022-11-28,Affiliate,52.86,Basic,62,UK,1,29.97
C008000,2023-05-03,Affiliate,24.17,Basic,61,Canada,1,29.98
C008001,2023-10-19,Referral,49.71,Standard,58,US,1,19.99
C008002,2023-12-02,Organic,28.93,Standard,61,US,1,119.94
C008003,2023-10-17,Referral,41.42,Standard,61,Australia,0,39.98
C008004,2022-11-25,Referral,49.91,Basic,53,France,1,19.98
C008005,2022-08-21,Organic,15.49,Standard,38,Australia,1,59.97
C008006,2022-10-12,Affiliate,31.34,Basic,49,UK,0,9.99
C008007,2022-09-01,Social Media,65.11,Basic,59,Australia,0,29.97
C008008,2023-09-16,Referral,29.94,Standard,48,US,1,159.92
C008009,2022-04-07,Affiliate,37.06,Standard,27,Canada,1,19.99
C008010,2022-09-05,Organic,23.32,Standard,48,Canada,0,319.84
C008011,2022-02-19,Social Media,79.17,Standard,31,Germany,1,119.94
C008012,2022-01-19,Organic,28.24,Basic,38,France,0,169.9
C008013,2023-02-12,Email,42.89,Basic,59,US,1,29.97
C008014,2023-09-28,Social Media,38.46,Basic,64,Australia,0,9.99
C008015,2022-12-29,Organic,21.98,Basic,54,UK,0,9.99
C008016,2023-05-30,Organic,20.61,Basic,27,Germany,0,19.98
C008017,2023-02-12,Email,21.99,Premium,65,France,0,999.75
C008018,2023-09-13,Affiliate,55.67,Basic,45,Australia,1,59.94
C008019,2022-04-08,Organic,21.94,Premium,20,Australia,1,79.98
C008020,2023-10-14,Referral,27.1,Basic,59,France,0,189.81
C008021,2022-01-27,Email,59.08,Premium,65,Australia,1,79.98
C008022,2022-02-25,Referral,40.09,Basic,25,UK,0,19.98
C008023,2023-11-15,Organic,19.21,Standard,56,UK,1,479.76
C008024,2023-07-22,Paid Search,104.5,Premium,31,UK,0,999.75
C008025,2022-03-25,Paid Search,73.05,Basic,26,Canada,1,29.97
C008026,2022-01-03,Affiliate,48.34,Basic,40,Germany,1,39.96
C008027,2022-05-07,Referral,26.99,Basic,25,Canada,1,9.99
C008028,2022-04-05,Paid Search,69.55,Basic,59,Australia,1,149.92
C008029,2023-05-22,Paid Search,60.08,Basic,49,UK,1,69.95
C008030,2023-05-17,Social Media,38.99,Standard,61,Canada,1,19.99
C008031,2022-06-04,Organic,22.18,Basic,46,France,1,9.99
C008032,2022-09-02,Referral,30.44,Basic,50,Germany,0,259.74
C008033,2022-03-09,Email,48.36,Basic,39,US,1,29.97
C008034,2023-11-10,Social Media,79.82,Basic,39,UK,0,9.99
C008035,2023-10-19,Organic,27.27,Standard,40,Australia,1,279.86
C008036,2023-12-02,Email,39.67,Standard,63,France,1,19.99
C008037,2022-08-18,Referral,31.82,Standard,49,UK,1,239.88
C008038,2023-04-17,Email,33.93,Basic,51,Australia,0,359.64
C008039,2023-10-04,Organic,18.45,Standard,22,UK,1,79.96
C008040,2023-08-20,Paid Search,55.95,Basic,24,Australia,1,159.84
C008041,2023-10-14,Organic,14.79,Basic,24,US,1,129.87
C008042,2023-05-02,Social Media,39.39,Premium,61,US,1,39.99
C008043,2022-07-02,Social Media,50.25,Standard,51,Canada,1,39.98
C008044,2022-04-17,Paid Search,64.78,Standard,26,UK,1,79.96
C008045,2022-08-22,Paid Search,113.44,Standard,33,France,1,59.97
C008046,2022-11-26,Affiliate,54.4,Basic,64,France,1,9.99
C008047,2022-11-08,Paid Search,90.93,Standard,33,Germany,1,19.99
C008048,2022-01-13,Email,59.0,Standard,46,France,0,679.66
C008049,2022-07-30,Referral,44.72,Basic,25,Germany,1,49.95
C008050,2023-07-22,Paid Search,59.84,Standard,51,US,1,279.86
C008051,2023-09-25,Email,28.37,Basic,24,France,1,29.97
C008052,2022-08-26,Organic,28.51,Standard,37,Canada,0,179.91
C008053,2023-09-05,Email,42.36,Standard,33,France,1,19.99
C008054,2022-01-04,Paid Search,81.1,Basic,59,Germany,0,19.98
C008055,2022-08-25,Email,24.93,Basic,31,Germany,1,89.91
C008056,2022-03-04,Affiliate,30.01,Basic,28,Canada,1,29.97
C008057,2023-01-11,Social Media,45.43,Basic,49,US,1,29.97
C008058,2022-01-16,Social Media,75.69,Premium,38,Australia,1,39.99
C008059,2023-06-04,Email,25.21,Basic,34,France,1,39.96
C008060,2022-04-14,Affiliate,24.97,Standard,60,France,1,19.99
C008061,2022-07-03,Email,46.08,Basic,38,US,1,29.97
C008062,2022-05-20,Affiliate,56.43,Basic,48,France,1,29.97
C008063,2023-07-21,Paid Search,117.31,Standard,65,Canada,1,19.99
C008064,2022-08-13,Referral,22.81,Basic,36,US,0,19.98
C008065,2022-11-25,Paid Search,65.15,Basic,19,Germany,1,9.99
C008066,2023-02-25,Referral,47.24,Basic,59,Australia,1,19.98
C008067,2023-02-16,Paid Search,103.59,Basic,24,France,1,49.95
C008068,2022-03-12,Affiliate,37.23,Basic,24,France,0,69.93
C008069,2022-12-07,Social Media,67.18,Basic,33,Germany,1,19.98
C008070,2022-07-30,Affiliate,24.56,Basic,61,US,0,449.73
C008071,2022-08-24,Referral,39.72,Basic,47,US,1,159.84
C008072,2022-08-09,Referral,42.89,Standard,19,Germany,0,479.76
C008073,2022-04-10,Email,43.23,Premium,18,Canada,1,559.86
C008074,2023-01-15,Email,25.18,Basic,24,Germany,1,89.91
C008075,2022-07-06,Social Media,52.44,Standard,26,Canada,1,459.77
C008076,2023-03-18,Email,30.8,Basic,27,Canada,1,39.96
C008077,2022-11-25,Organic,25.36,Premium,26,France,1,39.99
C008078,2023-11-08,Email,20.96,Standard,32,Germany,1,99.95
C008079,2023-03-28,Email,45.43,Basic,46,UK,1,29.97
C008080,2022-02-05,Email,33.82,Standard,60,France,1,59.97
C008081,2022-01-24,Paid Search,71.96,Premium,38,US,1,159.96
C008082,2023-07-05,Organic,21.37,Standard,44,France,1,219.89
C008083,2022-09-27,Social Media,46.09,Basic,63,Germany,1,9.99
C008084,2023-07-06,Organic,26.49,Basic,36,UK,0,139.86
C008085,2022-02-04,Social Media,43.01,Premium,58,Canada,0,1199.7
C008086,2022-03-28,Social Media,76.16,Standard,44,Germany,1,19.99
C008087,2022-10-15,Organic,21.28,Basic,25,Australia,1,159.9
C008088,2023-02-08,Affiliate,39.94,Basic,65,France,1,0.0
C008089,2023-11-27,Paid Search,52.48,Premium,22,UK,1,199.95
C008090,2022-09-21,Affiliate,23.14,Premium,40,Australia,1,159.96
C008091,2023-10-07,Email,22.09,Standard,19,France,1,99.95
C008092,2022-03-15,Social Media,69.17,Basic,45,Canada,1,39.96
C008093,2022-11-13,Email,30.3,Premium,18,US,1,39.99
C008094,2022-10-28,Organic,10.45,Standard,34,Canada,1,179.91
C008095,2022-09-15,Email,38.48,Standard,31,Canada,0,319.84
C008096,2023-07-03,Referral,34.04,Basic,19,Canada,1,19.98
C008097,2023-07-19,Email,44.2,Premium,43,Germany,1,159.96
C008098,2022-05-18,Social Media,52.17,Basic,30,France,0,59.94
C008099,2022-02-10,Affiliate,38.82,Basic,23,US,1,59.94
C008100,2023-06-04,Organic,13.41,Premium,42,Canada,1,79.98
C008101,2022-07-01,Affiliate,46.32,Basic,61,US,1,169.83
C008102,2023-01-12,Email,33.2,Basic,33,US,1,19.98
C008103,2022-12-13,Organic,18.78,Standard,22,Germany,1,379.81
C008104,2022-09-20,Organic,22.64,Standard,48,Germany,1,59.97
C008105,2023-11-09,Referral,55.12,Standard,24,Australia,1,279.86
C008106,2022-02-10,Affiliate,58.5,Basic,28,Australia,0,339.66
C008107,2022-09-11,Organic,21.68,Basic,21,UK,1,69.96
C008108,2023-01-06,Social Media,78.17,Basic,50,Canada,1,19.98
C008109,2022-10-27,Social Media,48.99,Basic,41,Australia,1,19.98
C008110,2023-06-02,Email,56.1,Basic,61,Canada,1,9.99
C008111,2022-03-28,Affiliate,41.69,Basic,22,US,1,9.99
C008112,2022-09-05,Referral,45.31,Basic,65,Australia,1,79.92
C008113,2023-11-29,Social Media,68.37,Premium,56,Australia,1,399.9
C008114,2022-06-10,Email,38.3,Standard,54,US,0,19.99
C008115,2022-09-30,Social Media,78.57,Premium,54,Canada,1,139.94
C008116,2022-01-21,Organic,21.49,Basic,39,France,1,219.84
C008117,2022-09-19,Referral,29.39,Premium,55,UK,1,39.99
C008118,2023-10-22,Affiliate,31.57,Standard,50,Germany,1,19.99
C008119,2023-07-28,Organic,22.88,Basic,33,Germany,1,39.96
C008120,2023-02-11,Affiliate,45.54,Standard,44,Canada,1,159.92
C008121,2023-08-09,Referral,57.01,Basic,20,Canada,1,29.97
C008122,2022-09-12,Social Media,72.82,Basic,54,US,0,559.68
C008123,2023-07-05,Referral,24.9,Basic,52,France,1,19.98
C008124,2023-04-03,Social Media,52.08,Standard,45,Germany,1,39.98
C008125,2023-02-14,Organic,23.84,Basic,25,France,1,9.99
C008126,2022-07-14,Social Media,38.18,Standard,26,Canada,0,559.72
C008127,2023-08-14,Affiliate,45.95,Basic,46,Germany,1,39.96
C008128,2023-08-17,Referral,53.82,Standard,51,Canada,1,59.97
C008129,2023-03-07,Referral,32.74,Basic,58,Canada,1,39.96
C008130,2023-10-31,Referral,49.35,Basic,64,France,0,19.98
C008131,2023-10-30,Affiliate,52.97,Basic,20,Australia,1,109.94
C008132,2022-11-07,Social Media,69.25,Basic,48,US,1,9.99
C008133,2022-10-06,Organic,17.11,Basic,47,US,1,89.91
C008134,2022-05-19,Social Media,79.8,Standard,62,US,1,99.95
C008135,2023-01-04,Social Media,78.14,Basic,36,US,1,69.93
C008136,2023-10-18,Email,47.68,Premium,38,Germany,1,39.99
C008137,2022-11-28,Paid Search,75.91,Premium,31,Germany,1,399.9
C008138,2022-09-22,Social Media,76.69,Standard,40,Canada,0,59.97
C008139,2022-12-11,Affiliate,46.76,Basic,61,Germany,1,129.88
C008140,2022-08-04,Paid Search,107.97,Standard,29,US,1,199.9
C008141,2022-12-08,Organic,29.99,Premium,31,US,0,579.83
C008142,2023-04-06,Paid Search,82.93,Standard,26,France,0,599.7
C008143,2023-10-03,Affiliate,47.82,Basic,42,France,1,19.98
C008144,2022-12-01,Affiliate,40.3,Standard,21,Australia,1,539.73
C008145,2023-07-23,Email,59.64,Standard,28,Australia,0,519.74
C008146,2023-10-23,Referral,52.68,Basic,44,Germany,1,9.99
C008147,2023-09-17,Email,21.24,Standard,47,Germany,1,79.96
C008148,2023-11-29,Social Media,43.21,Basic,56,Canada,0,29.97
C008149,2022-07-21,Affiliate,34.41,Basic,48,France,0,19.98
C008150,2023-02-12,Organic,18.65,Basic,49,Germany,1,19.98
C008151,2023-11-29,Email,30.24,Basic,24,Germany,1,9.99
C008152,2022-10-22,Email,59.8,Standard,42,UK,1,19.99
C008153,2023-11-28,Referral,43.28,Basic,61,Germany,1,9.99
C008154,2022-06-27,Social Media,60.37,Basic,24,Germany,0,159.84
C008155,2023-09-13,Organic,16.97,Standard,51,US,1,339.83
C008156,2023-05-07,Email,40.38,Basic,48,Australia,1,49.95
C008157,2022-02-17,Organic,20.48,Basic,65,Canada,0,39.96
C008158,2023-08-17,Organic,12.83,Premium,48,Canada,1,159.96
C008159,2022-08-26,Paid Search,108.18,Basic,63,UK,1,19.98
C008160,2022-10-13,Email,31.26,Standard,23,Australia,0,719.64
C008161,2023-01-24,Affiliate,43.09,Basic,57,France,1,59.94
C008162,2022-05-01,Organic,22.9,Basic,37,Germany,0,299.72
C008163,2022-09-27,Organic,14.95,Premium,52,UK,1,159.96
C008164,2023-07-21,Referral,59.74,Premium,34,Germany,1,279.93
C008165,2023-01-01,Email,33.96,Premium,59,UK,1,39.99
C008166,2022-01-29,Paid Search,107.85,Standard,65,US,1,119.94
C008167,2023-01-12,Email,58.08,Premium,61,Germany,1,39.99
C008168,2023-10-24,Email,30.15,Basic,36,UK,0,119.89
C008169,2023-07-26,Affiliate,28.31,Basic,61,Australia,1,29.97
C008170,2022-10-21,Paid Search,87.09,Basic,33,Germany,1,39.96
C008171,2023-05-06,Paid Search,71.45,Standard,38,US,1,159.92
C008172,2022-09-07,Organic,26.33,Standard,46,Germany,1,359.82
C008173,2022-05-20,Affiliate,51.72,Premium,54,UK,1,319.91
C008174,2022-03-18,Referral,26.34,Basic,39,Canada,1,129.87
C008175,2022-07-22,Paid Search,79.72,Standard,27,Canada,1,59.97
C008176,2023-11-02,Affiliate,32.21,Standard,50,UK,1,39.98
C008177,2023-04-23,Paid Search,77.62,Standard,47,Australia,1,79.96
C008178,2023-05-15,Email,55.4,Standard,60,France,1,99.95
C008179,2023-08-07,Social Media,73.03,Basic,28,France,0,9.99
C008180,2023-03-23,Referral,26.63,Basic,34,Germany,0,19.98
C008181,2023-07-06,Referral,56.77,Basic,36,US,0,9.99
C008182,2023-03-30,Referral,48.2,Premium,28,France,1,79.98
C008183,2023-01-22,Email,58.29,Basic,29,Australia,1,429.73
C008184,2022-10-16,Organic,24.87,Basic,22,Australia,0,119.88
C008185,2023-06-11,Organic,12.81,Basic,34,US,1,9.99
C008186,2022-01-09,Referral,52.23,Standard,26,France,0,39.98
C008187,2022-10-14,Paid Search,105.07,Basic,21,UK,1,0.0
C008188,2023-03-09,Social Media,51.89,Premium,36,France,0,959.76
C008189,2023-02-10,Paid Search,106.03,Basic,23,France,0,39.96
C008190,2022-08-03,Social Media,40.45,Basic,23,US,1,169.83
C008191,2022-04-27,Affiliate,32.93,Basic,43,Germany,1,59.94
C008192,2022-08-19,Organic,26.25,Basic,62,US,1,19.98
C008193,2022-03-09,Affiliate,47.72,Basic,30,US,1,119.88
C008194,2023-04-07,Social Media,50.74,Basic,49,UK,0,19.98
C008195,2022-01-07,Paid Search,116.06,Standard,62,Germany,1,99.95
C008196,2022-08-07,Referral,28.52,Standard,48,Australia,1,99.95
C008197,2023-11-06,Organic,11.67,Premium,18,US,0,1399.65
C008198,2023-11-08,Social Media,58.28,Basic,22,France,1,29.97
C008199,2023-09-24,Paid Search,114.35,Basic,64,Australia,1,39.96
C008200,2022-09-25,Organic,29.66,Basic,31,France,1,199.8
C008201,2023-01-26,Social Media,43.5,Standard,45,Germany,0,419.79
C008202,2022-02-24,Paid Search,114.09,Basic,23,Canada,1,9.99
C008203,2022-09-13,Social Media,57.12,Basic,35,Germany,1,139.88
C008204,2022-03-27,Organic,26.6,Standard,19,US,1,39.98
C008205,2022-11-07,Social Media,32.63,Premium,65,UK,1,79.98
C008206,2022-03-13,Affiliate,24.5,Premium,57,Australia,0,399.88
C008207,2023-02-21,Organic,26.61,Basic,43,France,1,9.99
C008208,2022-07-15,Affiliate,54.5,Standard,49,Germany,1,19.99
C008209,2023-09-14,Referral,36.69,Standard,34,France,1,119.94
C008210,2022-12-07,Referral,25.99,Basic,18,Canada,1,0.0
C008211,2022-06-23,Paid Search,71.67,Premium,21,Germany,1,119.97
C008212,2023-08-28,Social Media,63.15,Standard,44,US,1,19.99
C008213,2023-05-19,Social Media,72.64,Premium,65,France,0,79.98
C008214,2022-06-13,Referral,51.09,Basic,25,Canada,1,169.83
C008215,2023-07-30,Email,53.09,Basic,21,Canada,1,39.96
C008216,2023-07-24,Organic,28.95,Standard,60,Canada,0,419.79
C008217,2022-12-29,Referral,21.68,Basic,49,Australia,1,29.97
C008218,2023-07-16,Referral,54.01,Basic,20,Canada,1,39.96
C008219,2022-10-05,Affiliate,31.59,Premium,35,Australia,1,319.92
C008220,2022-05-21,Email,58.92,Basic,27,Australia,0,29.97
C008221,2023-02-19,Referral,51.64,Basic,52,US,1,29.97
C008222,2022-12-21,Organic,11.3,Standard,32,Germany,1,59.97
C008223,2023-11-17,Email,46.32,Premium,29,Germany,1,39.99
C008224,2023-06-07,Social Media,73.89,Premium,46,US,0,39.99
C008225,2022-10-28,Paid Search,67.84,Basic,54,Australia,0,329.67
C008226,2023-06-02,Organic,15.9,Premium,18,Germany,1,39.99
C008227,2023-01-27,Affiliate,41.56,Basic,18,US,1,229.88
C008228,2023-03-16,Email,23.11,Basic,45,Canada,1,9.99
C008229,2023-08-14,Referral,26.17,Premium,56,Australia,1,79.98
C008230,2023-10-29,Referral,35.66,Standard,61,US,0,39.98
C008231,2022-11-17,Social Media,36.07,Basic,23,Canada,1,109.89
C008232,2022-02-08,Organic,25.93,Basic,23,Australia,1,19.98
C008233,2023-04-14,Social Media,67.89,Basic,65,France,1,39.96
C008234,2022-01-07,Organic,27.98,Premium,53,Canada,1,39.99
C008235,2022-07-03,Email,31.36,Basic,47,Germany,1,9.99
C008236,2022-04-16,Email,45.01,Premium,48,US,0,479.88
C008237,2023-03-20,Referral,39.52,Standard,56,Australia,1,19.99
C008238,2022-06-13,Paid Search,88.73,Basic,55,US,1,19.98
C008239,2022-09-23,Paid Search,50.75,Standard,27,US,1,59.97
C008240,2023-01-07,Paid Search,81.67,Basic,41,France,1,229.77
C008241,2023-05-12,Email,28.88,Basic,47,Canada,1,409.71
C008242,2022-02-25,Email,47.11,Basic,61,US,1,219.86
C008243,2022-12-20,Email,43.36,Basic,36,Australia,0,9.99
C008244,2023-04-22,Affiliate,55.13,Basic,65,France,1,59.94
C008245,2023-07-07,Organic,11.81,Standard,28,Canada,1,39.98
C008246,2023-02-19,Paid Search,54.26,Basic,24,Australia,1,39.96
C008247,2022-01-15,Email,41.59,Basic,49,Australia,1,39.96
C008248,2022-02-09,Organic,27.0,Premium,28,Australia,1,79.98
C008249,2022-02-18,Affiliate,46.15,Standard,47,US,0,59.97
C008250,2022-08-20,Social Media,76.35,Standard,57,US,1,419.79
C008251,2022-11-22,Organic,17.83,Premium,22,Germany,0,39.99
C008252,2023-02-28,Paid Search,118.78,Basic,40,France,1,19.98
C008253,2023-02-11,Affiliate,27.71,Premium,21,UK,1,239.94
C008254,2023-01-04,Paid Search,118.66,Basic,49,UK,0,19.98
C008255,2022-05-28,Organic,22.38,Basic,35,Canada,1,9.99
C008256,2022-02-17,Email,59.77,Premium,42,France,0,1079.73
C008257,2022-10-02,Organic,22.25,Standard,47,UK,1,79.96
C008258,2023-10-28,Email,39.92,Basic,52,UK,1,49.95
C008259,2023-10-14,Social Media,74.6,Standard,21,Australia,0,199.9
C008260,2022-01-05,Referral,35.58,Standard,50,Canada,1,19.99
C008261,2022-09-04,Affiliate,50.21,Standard,32,US,1,19.99
C008262,2022-01-06,Social Media,51.53,Basic,38,Australia,1,59.94
C008263,2023-03-01,Organic,24.18,Standard,58,Germany,1,259.87
C008264,2022-02-09,Referral,31.04,Premium,61,UK,1,39.99
C008265,2023-04-27,Social Media,61.19,Basic,36,Germany,1,99.9
C008266,2023-09-18,Organic,22.71,Premium,65,France,1,79.98
C008267,2022-09-06,Organic,15.26,Basic,49,Australia,1,19.98
C008268,2023-06-27,Email,20.94,Standard,45,Canada,1,39.98
C008269,2023-01-13,Organic,29.96,Basic,21,Canada,1,49.96
C008270,2023-10-08,Organic,27.94,Basic,57,France,1,9.99
C008271,2022-12-02,Referral,33.14,Basic,52,France,1,19.98
C008272,2022-01-01,Email,31.31,Basic,19,Germany,1,19.98
C008273,2022-06-13,Email,26.58,Basic,18,Germany,1,19.98
C008274,2022-06-17,Social Media,45.74,Basic,41,Australia,0,9.99
C008275,2022-05-24,Email,34.43,Basic,41,US,1,39.96
C008276,2022-04-30,Paid Search,73.06,Basic,23,US,0,79.92
C008277,2023-03-25,Email,40.41,Standard,40,US,1,159.92
C008278,2023-01-06,Organic,14.17,Premium,65,Australia,1,799.71
C008279,2022-05-04,Email,45.4,Basic,19,Canada,1,29.97
C008280,2022-04-05,Social Media,35.09,Basic,63,US,0,109.89
C008281,2023-05-20,Social Media,61.6,Basic,35,Australia,0,589.66
C008282,2023-01-18,Organic,16.62,Standard,31,UK,1,119.94
C008283,2022-06-07,Referral,36.29,Standard,42,France,1,19.99
C008284,2023-08-09,Email,30.61,Basic,47,France,1,89.91
C008285,2022-07-27,Organic,21.35,Basic,41,UK,1,9.99
C008286,2022-07-28,Email,21.94,Premium,41,Germany,0,119.97
C008287,2022-07-23,Referral,52.45,Basic,27,Canada,1,179.82
C008288,2022-05-07,Paid Search,83.4,Standard,37,France,1,119.94
C008289,2022-03-30,Paid Search,95.16,Standard,22,France,0,279.86
C008290,2022-08-16,Referral,35.57,Basic,30,Germany,0,9.99
C008291,2022-11-01,Paid Search,117.75,Basic,62,UK,1,9.99
C008292,2022-03-28,Affiliate,32.25,Standard,38,Australia,1,199.9
C008293,2023-09-03,Social Media,48.64,Basic,25,Canada,1,149.87
C008294,2022-02-02,Email,43.35,Premium,36,Germany,1,39.99
C008295,2022-08-27,Affiliate,57.16,Basic,46,France,0,279.72
C008296,2023-07-18,Email,39.16,Basic,32,UK,1,29.97
C008297,2023-11-21,Organic,12.57,Basic,27,UK,1,139.86
C008298,2022-09-04,Paid Search,98.41,Standard,33,US,1,119.94
C008299,2023-11-09,Email,35.46,Standard,38,US,1,99.95
C008300,2023-09-18,Affiliate,48.55,Basic,19,Canada,1,119.88
C008301,2022-01-06,Organic,25.56,Basic,52,Germany,0,209.79
C008302,2023-01-24,Referral,40.6,Basic,49,Australia,1,19.98
C008303,2022-06-06,Referral,21.71,Basic,38,Germany,1,139.86
C008304,2023-06-03,Email,36.74,Basic,44,France,0,139.88
C008305,2022-01-30,Social Media,40.26,Premium,30,France,0,999.75
C008306,2022-03-01,Email,50.99,Premium,27,UK,1,79.98
C008307,2022-07-14,Organic,21.28,Basic,56,France,1,49.95
C008308,2023-07-10,Paid Search,70.62,Basic,58,Australia,1,29.97
C008309,2023-04-23,Social Media,34.96,Standard,43,UK,0,419.79
C008310,2022-04-17,Organic,21.27,Standard,59,Germany,1,239.88
C008311,2022-07-12,Referral,38.42,Premium,61,UK,1,39.99
C008312,2023-06-02,Affiliate,46.01,Premium,52,France,1,119.97
C008313,2023-02-01,Organic,10.28,Standard,43,France,1,119.94
C008314,2023-11-29,Email,22.53,Premium,49,France,0,439.89
C008315,2022-02-18,Social Media,66.35,Basic,28,France,1,69.93
C008316,2023-11-20,Social Media,48.87,Standard,19,Germany,1,299.85
C008317,2023-07-14,Organic,23.55,Standard,28,Australia,1,79.96
C008318,2022-10-20,Organic,23.32,Standard,47,France,1,439.78
C008319,2023-03-30,Organic,14.34,Basic,21,France,1,39.96
C008320,2022-08-06,Social Media,57.94,Basic,52,Canada,1,9.99
C008321,2022-09-22,Social Media,75.42,Premium,53,France,0,1119.72
C008322,2022-02-15,Social Media,74.87,Standard,30,Canada,1,39.98
C008323,2023-03-03,Social Media,56.96,Premium,47,Australia,1,199.95
C008324,2023-10-12,Paid Search,77.08,Basic,31,US,1,59.94
C008325,2023-11-18,Email,47.51,Basic,45,Australia,0,369.81
C008326,2023-03-01,Social Media,32.81,Premium,56,France,1,519.87
C008327,2023-05-03,Affiliate,47.35,Basic,19,France,1,69.93
C008328,2023-05-26,Affiliate,42.23,Standard,31,Germany,1,39.98
C008329,2023-06-21,Paid Search,114.56,Standard,39,Australia,1,139.93
C008330,2022-09-04,Referral,24.28,Basic,51,France,1,9.99
C008331,2023-05-24,Organic,15.75,Premium,39,Canada,1,119.97
C008332,2023-05-14,Email,58.02,Basic,58,Australia,0,279.72
C008333,2023-03-27,Paid Search,100.01,Basic,28,US,1,29.97
C008334,2023-05-05,Affiliate,33.53,Premium,35,Germany,1,39.99
C008335,2023-09-01,Email,31.02,Standard,33,UK,1,159.92
C008336,2022-04-24,Referral,59.04,Basic,32,Australia,0,489.69
C008337,2022-02-09,Social Media,62.46,Standard,44,Germany,0,39.98
C008338,2022-05-19,Organic,20.56,Standard,46,France,1,19.99
C008339,2022-10-08,Affiliate,56.62,Basic,18,US,1,29.97
C008340,2022-12-07,Referral,37.96,Basic,42,UK,1,9.99
C008341,2022-04-30,Email,44.58,Basic,60,Canada,0,289.83
C008342,2023-03-14,Social Media,61.56,Basic,39,Australia,1,349.81
C008343,2022-11-04,Paid Search,68.41,Standard,45,Germany,1,59.97
C008344,2023-04-11,Paid Search,92.71,Standard,21,Germany,1,19.99
C008345,2022-06-15,Paid Search,118.79,Basic,57,Canada,1,29.97
C008346,2022-02-14,Referral,46.65,Basic,34,US,1,69.93
C008347,2022-08-22,Email,26.55,Standard,32,France,1,59.97
C008348,2023-02-21,Affiliate,41.5,Basic,33,France,0,259.83
C008349,2022-05-19,Paid Search,108.4,Standard,56,France,0,19.99
C008350,2023-02-04,Paid Search,60.86,Standard,34,Germany,1,39.98
C008351,2023-10-27,Email,49.59,Basic,44,Germany,1,9.99
C008352,2022-03-30,Organic,14.53,Basic,49,Canada,1,19.98
C008353,2023-10-19,Email,22.07,Premium,30,Germany,1,39.99
C008354,2023-10-30,Organic,24.12,Standard,55,UK,0,619.69
C008355,2023-02-25,Paid Search,83.67,Standard,18,Australia,1,399.8
C008356,2023-02-13,Organic,11.05,Basic,45,Germany,1,29.97
C008357,2022-10-20,Referral,45.47,Basic,45,US,0,69.93
C008358,2022-10-19,Email,51.33,Standard,23,US,1,99.95
C008359,2022-02-18,Email,24.26,Basic,60,France,1,219.88
C008360,2022-11-27,Social Media,46.99,Basic,64,UK,0,99.9
C008361,2022-02-09,Organic,11.92,Premium,35,Germany,1,119.97
C008362,2022-05-14,Affiliate,49.41,Basic,37,Australia,1,49.96
C008363,2022-06-10,Organic,28.23,Basic,63,UK,1,49.95
C008364,2022-12-15,Affiliate,46.99,Standard,47,Australia,1,19.99
C008365,2022-07-22,Organic,19.98,Premium,28,US,0,1319.67
C008366,2023-02-26,Referral,34.94,Standard,43,France,0,59.97
C008367,2022-04-19,Organic,24.99,Basic,52,Australia,1,39.96
C008368,2023-11-15,Referral,50.04,Basic,25,Germany,0,169.89
C008369,2022-04-06,Paid Search,96.83,Basic,58,UK,1,9.99
C008370,2023-01-02,Organic,29.01,Basic,29,UK,0,9.99
C008371,2023-04-15,Referral,56.33,Basic,37,France,1,19.98
C008372,2023-10-24,Social Media,68.14,Basic,26,Germany,1,19.98
C008373,2023-11-21,Affiliate,56.58,Basic,38,UK,0,159.86
C008374,2022-10-19,Referral,55.55,Standard,34,US,1,0.0
C008375,2022-03-25,Referral,20.59,Standard,62,France,1,39.98
C008376,2022-12-27,Paid Search,100.19,Premium,53,France,1,39.99
C008377,2023-05-26,Social Media,47.96,Standard,53,Germany,1,59.97
C008378,2022-11-21,Email,57.28,Basic,34,Australia,1,109.89
C008379,2022-03-13,Affiliate,33.77,Basic,51,Australia,0,149.85
C008380,2022-06-18,Paid Search,53.48,Premium,43,Canada,1,399.9
C008381,2022-08-25,Organic,28.21,Basic,26,France,0,9.99
C008382,2023-05-22,Referral,48.2,Basic,36,UK,1,9.99
C008383,2022-08-22,Affiliate,59.01,Standard,37,Canada,0,239.88
C008384,2023-11-27,Referral,41.01,Premium,49,Australia,1,199.95
C008385,2023-10-21,Affiliate,31.29,Standard,36,Germany,1,319.84
C008386,2023-04-11,Paid Search,68.33,Standard,43,Australia,1,159.92
C008387,2022-10-08,Email,39.23,Standard,65,France,1,19.99
C008388,2022-08-05,Affiliate,50.94,Basic,18,Germany,1,39.96
C008389,2023-04-07,Affiliate,55.92,Standard,22,US,0,659.67
C008390,2022-02-02,Email,42.89,Standard,36,UK,1,19.99
C008391,2023-09-21,Email,26.6,Standard,22,Germany,1,39.98
C008392,2023-10-14,Social Media,36.56,Basic,26,Germany,1,429.73
C008393,2022-12-31,Email,33.95,Standard,21,UK,0,399.8
C008394,2022-10-19,Email,43.69,Basic,59,Canada,1,199.83
C008395,2023-04-26,Email,42.92,Basic,51,Australia,1,499.72
C008396,2022-09-25,Paid Search,68.51,Premium,42,Canada,0,79.98
C008397,2022-04-30,Affiliate,25.9,Standard,36,UK,1,59.97
C008398,2022-09-29,Social Media,32.79,Premium,62,US,0,559.86
C008399,2023-06-11,Organic,18.29,Standard,22,Australia,1,79.96
C008400,2022-09-03,Email,33.15,Standard,33,Canada,1,319.84
C008401,2023-04-06,Email,49.98,Standard,35,Canada,0,559.72
C008402,2023-09-27,Organic,24.85,Basic,62,Australia,0,69.93
C008403,2022-05-07,Paid Search,86.61,Basic,24,US,0,9.99
C008404,2022-07-06,Referral,32.34,Basic,60,France,1,19.98
C008405,2022-03-22,Social Media,42.8,Standard,53,France,1,159.92
C008406,2023-08-21,Paid Search,103.71,Standard,47,US,1,99.95
C008407,2023-05-15,Organic,17.4,Basic,19,France,1,49.95
C008408,2023-01-15,Affiliate,48.86,Standard,26,Germany,1,39.98
C008409,2023-11-16,Paid Search,62.99,Basic,34,Australia,1,0.0
C008410,2023-11-04,Paid Search,59.1,Basic,27,US,1,39.96
C008411,2023-05-23,Email,41.01,Basic,49,US,1,69.94
C008412,2023-05-08,Email,44.86,Standard,59,UK,1,139.93
C008413,2023-03-28,Email,56.98,Basic,60,Canada,1,19.98
C008414,2022-06-16,Affiliate,58.82,Basic,55,France,1,39.96
C008415,2023-03-22,Paid Search,77.22,Standard,51,Canada,1,59.97
C008416,2023-01-06,Social Media,43.39,Premium,55,France,0,159.96
C008417,2023-11-21,Paid Search,118.73,Premium,46,Australia,1,39.99
C008418,2023-08-06,Paid Search,86.91,Basic,27,Australia,0,29.97
C008419,2023-09-12,Organic,12.01,Standard,40,US,1,239.88
C008420,2022-11-20,Email,48.94,Basic,48,Canada,1,19.98
C008421,2023-04-03,Email,53.25,Premium,24,Canada,1,119.97
C008422,2023-10-21,Social Media,66.73,Basic,31,US,1,9.99
C008423,2023-10-26,Referral,42.97,Standard,22,Australia,1,19.99
C008424,2022-08-07,Affiliate,31.95,Basic,42,US,1,19.98
C008425,2023-09-24,Referral,49.98,Premium,42,Canada,0,0.0
C008426,2023-10-08,Organic,12.85,Standard,19,US,1,19.99
C008427,2022-06-25,Referral,41.13,Basic,57,France,1,9.99
C008428,2023-01-01,Email,46.81,Standard,47,US,1,19.99
C008429,2022-01-06,Social Media,36.03,Basic,38,UK,0,389.68
C008430,2023-06-10,Affiliate,22.14,Standard,44,UK,1,279.86
C008431,2022-04-08,Email,48.01,Basic,31,Germany,1,109.92
C008432,2023-01-28,Email,28.33,Standard,47,Australia,1,39.98
C008433,2023-08-13,Affiliate,26.71,Premium,49,Canada,1,39.99
C008434,2023-11-23,Referral,50.99,Basic,50,Australia,1,0.0
C008435,2023-09-18,Referral,32.69,Basic,65,Canada,1,9.99
C008436,2022-06-17,Affiliate,30.41,Standard,52,Germany,0,499.75
C008437,2022-05-18,Affiliate,21.05,Basic,56,UK,1,59.94
C008438,2022-04-10,Social Media,73.06,Basic,59,France,1,459.71
C008439,2022-10-02,Organic,21.87,Standard,60,Canada,1,39.98
C008440,2022-11-20,Affiliate,42.99,Premium,59,Germany,1,79.98
C008441,2022-06-30,Affiliate,30.51,Basic,35,US,0,429.75
C008442,2023-08-12,Affiliate,53.15,Standard,46,Australia,1,39.98
C008443,2022-03-18,Social Media,52.52,Premium,60,Australia,1,859.72
C008444,2023-02-28,Email,33.26,Standard,21,Canada,1,139.93
C008445,2023-11-22,Organic,27.91,Basic,23,Australia,0,9.99
C008446,2022-05-02,Organic,28.75,Basic,52,Germany,0,259.74
C008447,2023-04-09,Paid Search,119.81,Basic,55,US,1,299.82
C008448,2022-10-08,Social Media,71.43,Basic,45,US,0,299.7
C008449,2023-09-27,Referral,52.24,Standard,61,Germany,1,139.93
C008450,2022-01-10,Organic,24.4,Basic,35,UK,1,19.98
C008451,2022-10-06,Organic,25.37,Basic,29,Germany,0,269.73
C008452,2023-11-01,Social Media,47.11,Basic,37,Germany,1,9.99
C008453,2023-01-15,Referral,53.77,Standard,43,Canada,0,259.87
C008454,2023-04-14,Paid Search,100.76,Standard,48,Germany,0,259.87
C008455,2022-11-05,Organic,25.29,Basic,45,France,0,439.77
C008456,2022-11-29,Email,20.84,Standard,64,UK,1,19.99
C008457,2022-09-05,Paid Search,53.82,Standard,45,Australia,1,139.93
C008458,2022-07-10,Organic,16.21,Basic,19,Germany,1,9.99
C008459,2022-04-11,Referral,58.03,Basic,47,UK,1,59.94
C008460,2022-01-13,Social Media,40.19,Premium,36,UK,1,219.93
C008461,2023-07-11,Email,20.0,Basic,51,US,0,59.94
C008462,2023-10-13,Referral,25.96,Basic,54,Australia,1,29.97
C008463,2023-01-22,Organic,17.03,Basic,25,US,0,79.92
C008464,2023-03-19,Referral,24.87,Standard,32,Germany,1,239.88
C008465,2023-04-16,Organic,16.63,Basic,25,US,1,59.94
C008466,2023-04-17,Affiliate,53.59,Standard,61,Germany,0,59.97
C008467,2023-03-30,Email,37.23,Basic,56,France,1,19.98
C008468,2022-10-19,Referral,37.73,Standard,57,Germany,1,99.95
C008469,2023-11-21,Organic,20.99,Basic,44,US,1,79.92
C008470,2022-06-02,Paid Search,92.36,Premium,32,US,1,39.99
C008471,2023-06-10,Affiliate,50.04,Standard,37,Australia,0,319.84
C008472,2023-04-26,Referral,53.98,Standard,50,UK,1,39.98
C008473,2022-09-20,Paid Search,81.87,Standard,51,Australia,0,619.69
C008474,2023-02-06,Email,47.46,Premium,46,Canada,1,79.98
C008475,2023-05-30,Paid Search,115.72,Basic,20,France,1,29.97
C008476,2023-03-27,Organic,27.99,Basic,39,France,1,49.95
C008477,2022-12-30,Organic,12.31,Premium,31,Germany,1,159.96
C008478,2023-04-09,Paid Search,100.88,Basic,38,Germany,1,29.97
C008479,2023-04-02,Affiliate,40.88,Basic,19,France,1,109.89
C008480,2022-06-13,Email,27.3,Basic,43,Canada,0,469.74
C008481,2023-09-16,Affiliate,53.19,Standard,25,Australia,1,19.99
C008482,2022-09-03,Referral,23.19,Standard,21,France,0,479.76
C008483,2022-10-13,Affiliate,45.6,Standard,31,Australia,1,79.96
C008484,2022-04-19,Social Media,75.32,Basic,33,Germany,1,19.98
C008485,2023-07-06,Organic,25.93,Basic,59,France,0,179.82
C008486,2022-03-06,Social Media,35.31,Standard,63,UK,1,79.96
C008487,2023-01-26,Email,52.13,Basic,46,France,1,9.99
C008488,2022-02-19,Social Media,51.61,Basic,56,Canada,1,129.87
C008489,2022-03-03,Social Media,64.12,Standard,39,US,0,659.67
C008490,2023-09-12,Paid Search,93.14,Premium,49,France,1,919.77
C008491,2023-08-02,Organic,29.99,Standard,22,France,1,39.98
C008492,2022-06-14,Referral,51.58,Standard,21,US,1,79.96
C008493,2023-10-01,Email,53.76,Basic,61,US,1,99.9
C008494,2023-10-18,Referral,53.07,Standard,36,Canada,1,59.97
C008495,2022-03-24,Referral,55.86,Basic,64,Germany,0,9.99
C008496,2022-04-09,Organic,19.54,Basic,27,France,0,59.94
C008497,2022-10-12,Paid Search,117.92,Basic,48,US,1,139.87
C008498,2023-07-25,Organic,16.85,Standard,40,France,1,19.99
C008499,2022-06-07,Social Media,79.95,Basic,57,Australia,1,9.99
C008500,2023-05-07,Referral,48.47,Standard,62,Canada,1,19.99
C008501,2023-05-11,Paid Search,69.94,Basic,32,US,1,9.99
C008502,2022-07-22,Organic,17.31,Standard,51,Germany,1,59.97
C008503,2022-04-05,Referral,33.9,Standard,45,UK,1,39.98
C008504,2022-06-05,Affiliate,32.4,Basic,47,Germany,1,149.85
C008505,2022-09-28,Affiliate,58.39,Standard,55,Canada,1,159.92
C008506,2023-06-03,Paid Search,62.68,Basic,56,France,1,39.96
C008507,2022-02-08,Organic,10.2,Premium,43,UK,1,199.95
C008508,2022-08-06,Social Media,76.61,Standard,27,Germany,1,179.91
C008509,2023-05-13,Affiliate,50.39,Basic,38,France,1,49.95
C008510,2022-11-10,Affiliate,26.62,Standard,33,France,1,59.97
C008511,2023-11-06,Affiliate,34.42,Basic,30,Australia,0,39.96
C008512,2022-10-12,Social Media,56.91,Basic,33,France,1,49.95
C008513,2023-10-11,Organic,12.34,Basic,39,Germany,1,39.96
C008514,2023-02-20,Email,31.06,Basic,41,US,1,9.99
C008515,2022-08-04,Email,41.83,Premium,41,UK,0,39.99
C008516,2022-06-10,Paid Search,82.94,Basic,31,France,1,19.98
C008517,2023-05-22,Paid Search,58.22,Basic,28,Canada,1,19.98
C008518,2022-06-03,Affiliate,59.23,Basic,35,UK,1,29.97
C008519,2022-09-15,Affiliate,25.79,Standard,54,Canada,0,119.94
C008520,2023-05-10,Email,55.43,Basic,45,UK,0,9.99
C008521,2023-07-19,Organic,19.82,Premium,41,US,0,39.99
C008522,2022-01-13,Referral,48.38,Premium,38,Canada,0,39.99
C008523,2023-06-20,Organic,29.98,Basic,51,UK,0,89.91
C008524,2023-09-20,Social Media,32.08,Premium,52,UK,1,679.83
C008525,2023-06-16,Referral,27.49,Standard,51,Germany,1,39.98
C008526,2022-07-04,Email,27.57,Standard,46,US,1,159.92
C008527,2023-03-15,Paid Search,94.1,Basic,50,Germany,1,19.98
C008528,2022-08-11,Referral,20.78,Basic,40,France,0,329.82
C008529,2022-05-17,Affiliate,25.44,Basic,30,Australia,1,29.97
C008530,2023-11-12,Organic,29.44,Premium,41,US,0,739.64
C008531,2022-03-07,Organic,17.4,Premium,58,Germany,0,39.99
C008532,2022-01-26,Paid Search,108.49,Standard,36,Germany,1,19.99
C008533,2023-05-04,Social Media,67.86,Premium,52,France,0,79.98
C008534,2023-11-23,Referral,28.46,Basic,33,Germany,1,29.97
C008535,2023-08-28,Email,41.49,Basic,19,Australia,1,39.96
C008536,2022-12-07,Paid Search,85.41,Standard,55,France,0,39.98
C008537,2022-03-19,Paid Search,99.31,Standard,32,Australia,1,19.99
C008538,2023-09-19,Referral,52.04,Basic,62,Australia,0,9.99
C008539,2023-01-08,Paid Search,103.16,Basic,42,Canada,1,39.96
C008540,2022-10-23,Social Media,35.69,Standard,42,UK,1,479.76
C008541,2022-06-23,Paid Search,50.84,Premium,60,UK,1,859.75
C008542,2022-10-15,Referral,53.24,Standard,26,France,1,339.83
C008543,2023-08-03,Affiliate,49.35,Basic,51,US,1,9.99
C008544,2023-04-04,Organic,21.18,Premium,42,US,0,559.86
C008545,2023-03-19,Email,43.7,Standard,56,France,1,19.99
C008546,2022-09-27,Social Media,33.71,Premium,60,France,0,199.95
C008547,2022-07-24,Email,48.82,Standard,22,Germany,1,19.99
C008548,2022-05-30,Email,40.65,Standard,18,Canada,0,439.78
C008549,2022-07-09,Referral,40.27,Standard,24,US,1,39.98
C008550,2022-09-09,Referral,46.04,Standard,41,Germany,1,19.99
C008551,2023-09-05,Social Media,62.57,Standard,44,UK,0,19.99
C008552,2022-11-20,Affiliate,21.38,Standard,57,Canada,1,19.99
C008553,2022-03-17,Paid Search,65.0,Basic,51,France,1,29.97
C008554,2023-09-22,Email,47.0,Standard,61,France,0,599.7
C008555,2023-06-11,Email,57.44,Standard,51,US,1,119.94
C008556,2022-04-04,Organic,19.21,Basic,65,UK,1,79.92
C008557,2022-07-29,Affiliate,36.01,Basic,44,France,1,149.85
C008558,2022-01-31,Email,46.01,Premium,60,France,1,479.88
C008559,2022-10-21,Social Media,69.1,Basic,49,UK,1,199.89
C008560,2022-04-26,Paid Search,62.17,Premium,63,Australia,0,1039.74
C008561,2023-05-22,Referral,54.15,Basic,53,UK,1,59.94
C008562,2022-03-16,Affiliate,43.49,Standard,50,US,1,19.99
C008563,2022-11-08,Paid Search,85.87,Basic,33,US,1,19.98
C008564,2023-08-29,Referral,42.8,Basic,42,France,1,89.91
C008565,2022-09-25,Paid Search,58.21,Basic,20,US,1,39.96
C008566,2023-06-23,Affiliate,38.9,Basic,56,US,1,39.96
C008567,2022-08-22,Organic,12.46,Premium,40,France,1,39.99
C008568,2023-03-28,Social Media,49.38,Basic,26,Australia,1,9.99
C008569,2022-08-06,Organic,12.66,Basic,25,Germany,0,519.69
C008570,2022-01-18,Social Media,38.89,Basic,26,Germany,0,229.84
C008571,2022-11-19,Email,41.78,Basic,23,France,1,49.95
C008572,2022-11-22,Email,52.48,Basic,31,US,0,69.93
C008573,2022-09-25,Organic,17.62,Basic,47,UK,1,319.8
C008574,2023-02-10,Organic,21.06,Standard,18,France,0,239.88
C008575,2022-12-19,Paid Search,56.78,Basic,22,Germany,0,79.92
C008576,2023-09-09,Affiliate,53.56,Standard,22,UK,0,599.7
C008577,2023-02-11,Affiliate,26.8,Basic,59,US,1,59.94
C008578,2022-03-18,Paid Search,96.38,Premium,29,US,0,519.87
C008579,2023-08-03,Affiliate,55.49,Premium,23,France,1,199.95
C008580,2022-11-16,Organic,11.49,Premium,35,Germany,1,39.99
C008581,2023-09-23,Referral,23.29,Standard,43,US,1,119.94
C008582,2023-04-22,Referral,25.71,Basic,20,Australia,0,329.67
C008583,2022-10-17,Social Media,32.43,Standard,53,US,0,579.71
C008584,2023-03-21,Affiliate,53.7,Basic,61,Canada,1,249.75
C008585,2022-08-23,Paid Search,117.24,Basic,25,Germany,0,179.82
C008586,2022-07-11,Referral,25.28,Premium,20,Canada,0,279.93
C008587,2023-08-14,Social Media,48.89,Basic,33,US,1,279.84
C008588,2023-01-07,Affiliate,22.98,Standard,39,US,1,359.82
C008589,2022-07-31,Paid Search,96.03,Basic,43,Germany,0,159.84
C008590,2022-07-27,Organic,27.3,Premium,27,Canada,1,0.0
C008591,2022-01-01,Referral,32.38,Standard,30,Canada,1,419.79
C008592,2023-08-04,Affiliate,47.21,Basic,33,UK,0,19.98
C008593,2023-07-31,Organic,14.45,Basic,60,France,1,59.94
C008594,2023-01-06,Referral,31.12,Basic,24,France,0,219.88
C008595,2022-11-24,Email,20.78,Basic,53,Canada,0,119.88
C008596,2022-04-15,Referral,25.66,Basic,41,US,1,9.99
C008597,2022-04-05,Affiliate,32.4,Standard,59,US,1,79.96
C008598,2022-10-02,Referral,34.51,Premium,19,UK,0,39.99
C008599,2023-08-15,Social Media,68.43,Premium,41,Canada,0,999.73
C008600,2023-06-08,Affiliate,47.02,Standard,36,Germany,1,59.97
C008601,2022-10-22,Affiliate,26.45,Basic,24,Australia,1,9.99
C008602,2023-09-05,Organic,12.81,Basic,24,Germany,1,219.86
C008603,2022-12-23,Organic,22.0,Standard,56,US,0,39.98
C008604,2023-02-20,Affiliate,20.63,Standard,49,Canada,0,119.94
C008605,2022-02-03,Referral,58.76,Basic,65,France,1,89.91
C008606,2022-06-15,Referral,52.59,Basic,58,Canada,1,19.98
C008607,2022-01-22,Social Media,50.06,Premium,59,UK,1,79.98
C008608,2023-11-09,Paid Search,97.15,Premium,58,Canada,0,39.99
C008609,2022-07-20,Affiliate,44.16,Basic,45,France,1,9.99
C008610,2023-10-14,Email,53.26,Standard,28,US,0,139.93
C008611,2022-05-26,Organic,15.14,Premium,53,Germany,0,999.75
C008612,2022-03-24,Organic,26.57,Basic,61,Canada,1,9.99
C008613,2022-08-21,Social Media,54.39,Standard,23,Canada,1,19.99
C008614,2022-10-26,Paid Search,100.58,Standard,65,Germany,1,219.89
C008615,2022-04-28,Affiliate,56.28,Premium,36,Canada,1,39.99
C008616,2022-08-12,Organic,27.27,Basic,41,Canada,0,49.95
C008617,2022-01-16,Email,58.44,Basic,58,France,1,39.96
C008618,2022-01-19,Referral,48.76,Basic,48,UK,1,39.96
C008619,2022-11-19,Referral,56.45,Basic,46,Australia,1,89.91
C008620,2022-05-23,Email,30.17,Basic,23,US,1,39.96
C008621,2023-09-17,Organic,21.31,Premium,34,Canada,1,139.95
C008622,2022-02-28,Affiliate,40.86,Basic,45,Australia,1,9.99
C008623,2022-11-01,Referral,21.65,Standard,44,US,0,359.82
C008624,2023-03-27,Social Media,35.62,Basic,45,US,1,39.96
C008625,2022-06-21,Paid Search,75.41,Basic,30,Australia,0,9.99
C008626,2023-11-06,Organic,13.76,Standard,46,Germany,1,179.91
C008627,2022-07-10,Paid Search,88.22,Premium,40,Canada,1,119.97
C008628,2022-03-12,Referral,34.8,Standard,24,Germany,0,119.94
C008629,2022-09-11,Referral,44.56,Basic,53,Canada,1,19.98
C008630,2023-07-22,Paid Search,88.76,Basic,57,UK,1,49.95
C008631,2022-08-05,Email,49.72,Standard,24,US,0,119.94
C008632,2023-07-11,Paid Search,106.09,Basic,60,Canada,1,59.94
C008633,2023-03-21,Organic,12.73,Basic,42,Canada,1,9.99
C008634,2023-01-31,Social Media,66.04,Standard,48,Germany,1,19.99
C008635,2022-09-23,Referral,42.2,Basic,28,Canada,1,9.99
C008636,2022-02-18,Email,30.46,Basic,65,Australia,0,159.84
C008637,2022-03-21,Affiliate,54.68,Premium,37,UK,1,199.95
C008638,2023-08-11,Email,42.59,Basic,18,France,1,39.96
C008639,2023-08-16,Paid Search,86.02,Basic,27,France,1,29.97
C008640,2022-12-19,Affiliate,33.4,Standard,34,UK,1,439.78
C008641,2023-06-26,Affiliate,54.33,Basic,39,UK,1,19.98
C008642,2022-01-12,Paid Search,63.0,Premium,64,France,1,39.99
C008643,2023-02-24,Social Media,71.64,Basic,25,France,1,39.96
C008644,2023-06-26,Organic,25.58,Basic,31,France,1,9.99
C008645,2022-02-13,Social Media,39.74,Premium,49,UK,1,39.99
C008646,2022-01-16,Affiliate,46.83,Basic,21,UK,1,19.98
C008647,2023-07-30,Email,31.58,Basic,45,Australia,1,49.95
C008648,2023-05-02,Referral,51.67,Standard,62,Australia,0,719.64
C008649,2022-03-08,Email,54.6,Basic,19,Canada,1,139.86
C008650,2022-01-14,Referral,55.25,Standard,20,France,1,259.87
C008651,2022-12-29,Referral,31.73,Premium,37,Canada,1,399.9
C008652,2022-10-12,Organic,26.99,Standard,25,Canada,0,299.85
C008653,2022-09-11,Email,38.18,Basic,31,France,1,249.82
C008654,2023-10-21,Social Media,42.28,Standard,58,Canada,1,139.93
C008655,2023-01-17,Referral,39.81,Standard,56,Germany,1,19.99
C008656,2023-10-02,Paid Search,89.42,Basic,44,UK,0,29.97
C008657,2022-06-18,Affiliate,39.03,Basic,34,UK,0,89.91
C008658,2023-05-16,Organic,13.81,Premium,57,US,0,1159.71
C008659,2023-08-08,Affiliate,59.53,Basic,43,Canada,1,89.91
C008660,2023-12-01,Organic,28.48,Basic,61,UK,1,39.96
C008661,2022-11-12,Paid Search,51.47,Basic,51,Australia,0,139.86
C008662,2022-08-25,Paid Search,116.45,Standard,46,Germany,0,259.87
C008663,2023-07-15,Organic,22.82,Standard,20,Canada,1,199.9
C008664,2023-10-05,Organic,21.66,Basic,18,UK,1,169.86
C008665,2023-11-29,Social Media,39.3,Basic,65,UK,1,29.98
C008666,2023-03-29,Social Media,66.44,Basic,33,France,1,9.99
C008667,2022-02-16,Organic,14.36,Basic,34,UK,1,49.95
C008668,2022-10-22,Organic,13.77,Premium,48,Australia,1,479.88
C008669,2022-05-03,Referral,49.98,Basic,25,US,1,149.85
C008670,2022-04-22,Affiliate,59.95,Basic,28,US,1,29.97
C008671,2023-04-01,Paid Search,67.87,Standard,32,Australia,1,19.99
C008672,2022-12-19,Social Media,36.05,Standard,38,Canada,1,199.9
C008673,2023-03-04,Social Media,52.6,Premium,30,US,0,1079.73
C008674,2023-10-30,Organic,25.57,Standard,38,France,1,179.91
C008675,2022-06-30,Referral,36.1,Basic,64,US,0,19.98
C008676,2022-01-15,Email,54.73,Standard,56,Canada,0,59.97
C008677,2022-08-17,Email,27.77,Basic,53,Australia,1,9.99
C008678,2023-01-10,Referral,40.28,Premium,24,Germany,1,119.97
C008679,2023-01-18,Referral,20.39,Standard,21,Australia,1,0.0
C008680,2022-09-28,Organic,20.17,Standard,60,UK,1,59.97
C008681,2022-10-16,Social Media,77.4,Standard,29,France,1,39.98
C008682,2023-06-24,Paid Search,80.26,Basic,34,Australia,1,29.97
C008683,2023-01-22,Organic,28.55,Standard,47,UK,1,179.91
C008684,2023-03-21,Paid Search,55.47,Standard,62,US,0,39.98
C008685,2023-06-13,Organic,13.8,Premium,27,France,1,199.95
C008686,2022-07-26,Email,49.78,Basic,39,US,1,19.98
C008687,2023-10-28,Paid Search,50.23,Premium,51,Australia,1,199.95
C008688,2022-08-24,Social Media,58.38,Standard,43,Canada,0,279.86
C008689,2023-05-17,Referral,30.2,Basic,48,UK,0,159.84
C008690,2023-07-29,Affiliate,58.95,Standard,24,UK,0,239.88
C008691,2022-08-28,Affiliate,39.0,Basic,62,UK,1,19.98
C008692,2023-10-13,Referral,52.39,Standard,24,France,1,19.99
C008693,2022-03-18,Social Media,47.27,Basic,55,UK,0,9.99
C008694,2023-01-09,Affiliate,40.15,Basic,29,US,1,129.93
C008695,2022-07-24,Referral,39.47,Basic,59,UK,1,29.97
C008696,2022-09-08,Email,32.44,Premium,48,France,1,39.99
C008697,2023-04-11,Referral,20.53,Standard,37,France,0,499.75
C008698,2022-01-15,Referral,26.39,Premium,61,Canada,1,119.97
C008699,2023-06-28,Email,22.84,Basic,19,UK,1,119.93
C008700,2023-08-25,Organic,18.35,Standard,29,France,1,19.99
C008701,2023-06-07,Affiliate,29.73,Standard,32,France,1,19.99
C008702,2023-10-26,Email,33.16,Standard,32,US,1,139.93
C008703,2023-07-24,Paid Search,117.59,Standard,46,Australia,1,59.97
C008704,2023-06-14,Organic,15.48,Standard,33,France,1,139.93
C008705,2022-11-21,Paid Search,107.93,Basic,51,Australia,1,29.97
C008706,2022-06-02,Paid Search,116.25,Standard,20,Germany,1,299.85
C008707,2022-06-21,Affiliate,32.02,Standard,24,Australia,1,99.95
C008708,2022-03-29,Social Media,51.59,Premium,28,UK,1,239.94
C008709,2022-02-23,Affiliate,35.55,Standard,22,Australia,1,159.92
C008710,2023-08-13,Social Media,49.29,Basic,23,Canada,1,69.93
C008711,2022-03-21,Paid Search,89.3,Premium,34,Canada,1,39.99
C008712,2023-03-25,Organic,29.84,Premium,28,US,1,279.93
C008713,2023-07-30,Paid Search,103.01,Basic,53,Germany,1,49.95
C008714,2022-11-11,Email,33.19,Basic,46,France,1,19.98
C008715,2023-10-25,Email,37.03,Basic,32,UK,1,309.8
C008716,2023-04-08,Referral,58.75,Basic,44,UK,1,179.87
C008717,2023-09-18,Affiliate,47.46,Standard,63,UK,1,419.79
C008718,2023-02-22,Email,42.76,Standard,45,Canada,1,179.91
C008719,2023-05-01,Social Media,33.72,Basic,53,Canada,1,9.99
C008720,2023-10-22,Paid Search,117.06,Basic,63,UK,1,19.98
C008721,2023-11-23,Paid Search,83.29,Standard,41,Germany,0,59.97
C008722,2022-03-29,Email,30.89,Basic,48,Germany,1,129.88
C008723,2023-05-09,Affiliate,39.84,Standard,54,UK,1,159.92
C008724,2023-09-17,Social Media,78.23,Standard,44,US,1,19.99
C008725,2023-07-03,Affiliate,57.15,Standard,62,UK,0,59.97
C008726,2023-03-27,Social Media,45.6,Premium,28,UK,0,919.77
C008727,2023-09-27,Referral,21.5,Basic,35,Canada,1,29.98
C008728,2022-01-05,Paid Search,74.6,Standard,49,Australia,1,159.92
C008729,2022-03-05,Paid Search,58.44,Basic,51,UK,1,19.98
C008730,2023-09-25,Social Media,69.47,Standard,52,US,0,479.76
C008731,2023-02-12,Organic,24.47,Premium,46,Australia,1,79.98
C008732,2023-02-25,Paid Search,103.48,Standard,18,UK,1,39.98
C008733,2023-06-05,Affiliate,58.28,Basic,49,Canada,0,409.74
C008734,2022-04-03,Affiliate,26.27,Standard,53,US,0,299.85
C008735,2023-06-09,Affiliate,35.01,Basic,25,US,1,49.97
C008736,2023-06-21,Referral,51.07,Basic,55,Germany,1,19.98
C008737,2022-01-04,Referral,53.92,Standard,31,France,1,59.97
C008738,2022-07-31,Affiliate,23.2,Basic,37,US,1,279.72
C008739,2022-06-20,Affiliate,38.84,Basic,36,UK,0,329.67
C008740,2023-01-03,Organic,11.32,Premium,41,Germany,1,0.0
C008741,2023-01-09,Social Media,45.97,Basic,42,UK,1,19.98
C008742,2023-10-12,Paid Search,88.87,Premium,61,Australia,1,39.99
C008743,2023-05-23,Affiliate,49.93,Basic,39,Germany,1,49.95
C008744,2022-03-02,Social Media,79.54,Basic,51,Australia,1,59.94
C008745,2023-10-03,Social Media,35.79,Standard,18,US,1,59.97
C008746,2023-03-18,Referral,53.12,Basic,61,US,1,119.92
C008747,2023-11-07,Social Media,39.68,Basic,42,Germany,0,19.98
C008748,2022-01-22,Affiliate,26.58,Basic,41,Germany,1,9.99
C008749,2023-09-08,Referral,48.1,Basic,23,Canada,0,499.7
C008750,2022-08-07,Paid Search,103.14,Premium,42,France,0,519.87
C008751,2023-04-08,Social Media,52.91,Standard,41,Canada,1,99.95
C008752,2023-02-07,Organic,17.69,Basic,29,Germany,0,39.96
C008753,2022-01-22,Social Media,39.72,Premium,52,UK,1,79.98
C008754,2023-10-07,Social Media,60.4,Standard,45,France,1,59.97
C008755,2023-02-14,Referral,49.04,Standard,64,Australia,1,39.98
C008756,2022-04-29,Email,38.65,Basic,53,US,1,239.76
C008757,2022-10-23,Organic,15.78,Basic,44,UK,1,49.95
C008758,2022-11-10,Email,37.8,Basic,26,Australia,1,59.94
C008759,2023-02-04,Organic,28.16,Premium,46,France,0,419.8
C008760,2022-02-27,Paid Search,61.07,Standard,56,UK,1,39.98
C008761,2022-01-23,Email,45.86,Basic,31,US,1,19.98
C008762,2022-06-17,Organic,25.82,Basic,63,Canada,0,79.92
C008763,2022-12-05,Referral,44.27,Standard,20,Germany,1,479.76
C008764,2022-07-09,Social Media,50.05,Standard,53,Germany,1,19.99
C008765,2022-05-15,Paid Search,54.02,Standard,44,Canada,1,199.9
C008766,2023-04-03,Email,59.01,Basic,22,Australia,1,0.0
C008767,2023-11-29,Social Media,35.46,Standard,36,US,1,79.96
C008768,2022-08-30,Referral,39.43,Basic,42,Germany,1,9.99
C008769,2023-09-13,Social Media,70.23,Standard,59,UK,1,219.89
C008770,2022-05-12,Affiliate,58.09,Basic,56,Germany,1,19.98
C008771,2023-05-06,Paid Search,82.75,Standard,48,Canada,1,99.95
C008772,2022-12-03,Referral,43.3,Basic,26,US,1,49.95
C008773,2023-09-12,Social Media,46.72,Standard,28,France,0,19.99
C008774,2023-10-02,Affiliate,31.11,Basic,53,Australia,1,89.91
C008775,2023-06-26,Paid Search,76.39,Standard,43,France,1,59.97
C008776,2022-10-13,Organic,14.71,Basic,49,Canada,1,19.98
C008777,2023-07-14,Email,37.06,Standard,55,Germany,1,19.99
C008778,2023-09-09,Organic,20.39,Basic,45,UK,1,29.97
C008779,2023-08-02,Organic,29.74,Basic,52,Australia,1,9.99
C008780,2022-09-03,Social Media,59.2,Standard,57,Canada,1,39.98
C008781,2023-09-17,Organic,23.74,Standard,34,Germany,0,59.97
C008782,2022-10-13,Paid Search,82.06,Basic,41,Canada,1,9.99
C008783,2022-10-07,Social Media,66.32,Basic,44,US,1,19.98
C008784,2022-03-04,Email,33.36,Basic,59,UK,1,59.94
C008785,2023-07-17,Referral,31.09,Basic,38,US,1,19.98
C008786,2023-09-21,Paid Search,92.77,Premium,42,US,0,399.88
C008787,2022-09-02,Referral,41.85,Premium,19,UK,1,0.0
C008788,2022-11-18,Referral,40.93,Standard,62,US,1,39.98
C008789,2023-11-24,Organic,21.2,Standard,52,Germany,1,259.87
C008790,2023-05-07,Referral,20.02,Standard,40,US,1,39.98
C008791,2022-04-19,Paid Search,90.3,Standard,31,France,1,119.94
C008792,2023-10-05,Paid Search,118.96,Basic,46,France,1,9.99
C008793,2023-05-05,Affiliate,50.86,Standard,43,UK,1,19.99
C008794,2022-04-05,Referral,51.11,Basic,43,UK,1,29.97
C008795,2023-02-21,Referral,49.24,Standard,51,Germany,1,119.94
C008796,2022-03-13,Referral,56.08,Standard,53,Germany,1,119.94
C008797,2022-08-01,Email,24.78,Basic,30,UK,1,9.99
C008798,2023-02-24,Paid Search,71.21,Standard,51,Germany,1,59.97
C008799,2022-11-07,Organic,22.2,Basic,41,Canada,1,49.95
C008800,2023-08-04,Referral,38.1,Standard,32,Germany,0,719.64
C008801,2022-11-01,Social Media,78.19,Standard,34,France,0,19.99
C008802,2023-10-28,Social Media,44.36,Basic,59,Germany,0,9.99
C008803,2023-01-25,Paid Search,53.39,Standard,20,US,1,19.99
C008804,2022-06-30,Email,44.63,Premium,50,UK,1,239.94
C008805,2023-06-30,Organic,28.34,Standard,55,UK,0,479.76
C008806,2022-01-20,Social Media,42.3,Basic,19,Canada,0,49.95
C008807,2023-10-11,Social Media,49.97,Basic,44,France,1,39.96
C008808,2022-02-10,Organic,28.55,Standard,31,UK,0,279.86
C008809,2022-04-02,Social Media,36.65,Basic,35,US,1,19.98
C008810,2022-11-17,Affiliate,38.25,Standard,35,Australia,1,79.96
C008811,2022-05-29,Referral,36.93,Basic,23,Australia,1,109.94
C008812,2022-06-28,Referral,37.96,Premium,54,Australia,1,199.95
C008813,2022-07-22,Paid Search,65.83,Standard,45,France,1,19.99
C008814,2022-11-15,Paid Search,51.39,Standard,34,Canada,1,59.97
C008815,2023-04-04,Referral,58.53,Basic,63,Australia,1,49.96
C008816,2022-06-29,Email,53.65,Premium,41,US,1,199.95
C008817,2023-03-01,Social Media,33.27,Basic,52,Canada,0,529.71
C008818,2022-03-06,Affiliate,46.02,Premium,49,UK,1,159.96
C008819,2023-11-16,Paid Search,94.69,Basic,26,UK,1,29.97
C008820,2022-09-19,Affiliate,59.97,Basic,41,Canada,1,89.91
C008821,2023-03-16,Affiliate,22.54,Standard,21,UK,1,59.97
C008822,2023-07-09,Social Media,66.87,Basic,61,UK,1,19.98
C008823,2023-03-23,Social Media,45.14,Basic,56,France,1,129.9
C008824,2023-09-25,Paid Search,99.38,Standard,56,US,0,79.96
C008825,2022-11-04,Affiliate,28.41,Basic,31,Canada,1,79.92
C008826,2023-10-18,Social Media,71.28,Basic,63,Germany,1,79.92
C008827,2022-05-09,Email,46.73,Basic,65,Australia,0,449.75
C008828,2022-01-03,Referral,47.74,Standard,33,France,0,559.72
C008829,2022-10-18,Affiliate,38.18,Basic,22,UK,1,9.99
C008830,2022-09-21,Organic,19.26,Basic,23,France,1,19.98
C008831,2022-11-21,Organic,17.49,Premium,26,Australia,1,119.97
C008832,2022-09-24,Organic,25.16,Standard,38,Canada,1,19.99
C008833,2023-03-04,Affiliate,34.05,Basic,43,France,1,49.95
C008834,2022-01-24,Affiliate,45.09,Basic,24,France,1,69.94
C008835,2022-12-24,Email,38.17,Standard,27,Canada,1,19.99
C008836,2022-09-02,Organic,14.64,Basic,35,Germany,1,19.98
C008837,2022-11-13,Paid Search,117.61,Standard,34,Canada,0,279.86
C008838,2022-05-11,Email,20.66,Basic,61,US,1,9.99
C008839,2022-03-04,Email,59.59,Standard,64,UK,1,19.99
C008840,2022-04-21,Email,34.2,Premium,48,France,0,39.99
C008841,2023-05-24,Paid Search,51.06,Premium,61,UK,1,39.99
C008842,2023-08-19,Organic,26.98,Basic,35,Australia,1,29.97
C008843,2023-10-10,Paid Search,116.19,Standard,28,Germany,1,19.99
C008844,2022-05-26,Organic,27.87,Standard,63,Canada,1,19.99
C008845,2022-12-21,Affiliate,59.71,Standard,50,Canada,1,99.95
C008846,2023-09-14,Referral,34.86,Standard,64,Germany,1,39.98
C008847,2023-07-14,Affiliate,28.79,Premium,32,France,0,79.98
C008848,2022-09-06,Email,43.22,Basic,22,US,1,9.99
C008849,2023-08-16,Affiliate,34.04,Premium,50,France,0,1239.69
C008850,2022-12-28,Referral,41.88,Standard,29,France,1,19.99
C008851,2022-01-16,Affiliate,53.86,Basic,29,Australia,1,19.98
C008852,2023-06-06,Paid Search,92.28,Standard,18,Australia,1,59.97
C008853,2022-03-14,Email,44.1,Basic,41,Australia,1,0.0
C008854,2023-10-21,Email,54.29,Standard,36,Germany,1,0.0
C008855,2023-10-13,Affiliate,49.25,Standard,36,Canada,1,39.98
C008856,2023-03-06,Paid Search,96.85,Standard,42,Australia,1,59.97
C008857,2023-04-24,Organic,27.92,Premium,46,US,0,39.99
C008858,2023-07-02,Affiliate,40.3,Basic,46,Canada,1,59.94
C008859,2022-02-24,Email,42.09,Basic,26,US,1,259.74
C008860,2023-05-13,Social Media,74.3,Standard,26,US,1,99.95
C008861,2022-09-16,Referral,51.73,Standard,21,Germany,1,159.92
C008862,2022-10-22,Paid Search,90.67,Standard,34,France,0,259.87
C008863,2022-09-15,Referral,59.82,Basic,28,US,1,19.98
C008864,2022-06-02,Social Media,61.46,Basic,35,US,1,29.97
C008865,2023-11-30,Referral,29.42,Basic,48,US,1,339.81
C008866,2023-07-09,Affiliate,44.97,Standard,25,US,1,19.99
C008867,2022-07-05,Organic,25.15,Standard,49,UK,1,199.9
C008868,2023-09-18,Affiliate,58.82,Basic,43,France,0,49.96
C008869,2023-10-08,Social Media,76.39,Premium,23,Australia,1,39.99
C008870,2023-02-06,Referral,46.49,Basic,22,US,1,79.95
C008871,2023-05-16,Affiliate,42.93,Basic,46,Canada,1,9.99
C008872,2023-03-07,Social Media,36.76,Standard,19,France,1,199.9
C008873,2022-09-11,Organic,29.07,Premium,30,US,1,79.98
C008874,2023-10-30,Organic,11.5,Basic,58,France,1,29.97
C008875,2022-08-15,Paid Search,56.34,Basic,54,US,1,79.92
C008876,2022-03-02,Referral,31.81,Standard,42,Germany,1,19.99
C008877,2022-10-02,Paid Search,116.46,Standard,19,Canada,1,59.97
C008878,2022-06-01,Email,54.29,Basic,43,Germany,0,619.65
C008879,2022-05-24,Paid Search,59.15,Premium,42,Australia,1,199.95
C008880,2022-09-16,Social Media,53.71,Basic,21,Germany,1,9.99
C008881,2022-03-04,Referral,38.17,Standard,49,Germany,1,299.85
C008882,2023-06-26,Email,55.42,Basic,34,US,1,79.92
C008883,2023-07-11,Organic,10.79,Basic,56,US,1,49.95
C008884,2023-05-31,Affiliate,30.29,Standard,52,Australia,0,719.64
C008885,2022-02-17,Affiliate,24.19,Basic,21,Australia,0,219.78
C008886,2022-12-20,Referral,30.86,Standard,61,Germany,1,39.98
C008887,2022-12-05,Email,45.19,Basic,41,Germany,1,59.96
C008888,2023-08-30,Organic,27.73,Standard,32,Germany,1,79.96
C008889,2023-10-06,Referral,54.83,Basic,55,Australia,1,9.99
C008890,2022-10-14,Referral,57.27,Premium,19,France,0,39.99
C008891,2023-09-25,Affiliate,44.75,Standard,31,Australia,1,39.98
C008892,2023-05-10,Email,31.29,Standard,43,Canada,1,59.97
C008893,2022-06-16,Paid Search,103.96,Standard,36,Canada,1,119.94
C008894,2022-08-08,Paid Search,68.52,Basic,34,France,1,9.99
C008895,2023-07-12,Paid Search,51.82,Basic,20,US,1,9.99
C008896,2022-01-25,Paid Search,77.49,Standard,40,Canada,1,39.98
C008897,2022-09-26,Referral,33.89,Standard,57,Germany,0,679.66
C008898,2022-10-25,Affiliate,23.57,Basic,51,UK,0,19.98
C008899,2022-12-16,Organic,12.08,Premium,27,Australia,1,39.99
C008900,2022-07-27,Organic,13.85,Standard,50,UK,1,39.98
C008901,2022-04-02,Referral,52.06,Basic,42,UK,1,49.95
C008902,2022-09-12,Organic,20.88,Premium,65,Canada,1,159.96
C008903,2023-07-21,Affiliate,59.56,Basic,62,France,0,329.8
C008904,2023-03-16,Affiliate,23.16,Basic,41,France,1,179.82
C008905,2022-01-22,Social Media,45.23,Premium,21,Germany,0,959.72
C008906,2022-11-23,Affiliate,53.16,Basic,48,UK,1,9.99
C008907,2022-04-05,Organic,12.67,Basic,43,France,1,19.98
C008908,2022-04-19,Organic,21.29,Premium,60,Germany,1,79.98
C008909,2023-03-02,Referral,58.97,Premium,26,US,0,239.94
C008910,2022-12-08,Paid Search,115.25,Basic,59,Germany,1,9.99
C008911,2022-04-28,Organic,10.25,Standard,43,France,1,19.99
C008912,2023-02-25,Email,45.79,Basic,65,Canada,0,79.92
C008913,2022-04-14,Social Media,53.63,Basic,56,Canada,0,359.64
C008914,2023-03-14,Email,42.77,Basic,47,Canada,0,189.81
C008915,2022-07-10,Social Media,38.62,Basic,42,France,1,9.99
C008916,2023-08-20,Email,45.6,Basic,48,UK,1,9.99
C008917,2023-11-28,Email,34.96,Basic,42,US,1,89.91
C008918,2022-08-18,Affiliate,26.44,Standard,33,Australia,1,219.89
C008919,2023-05-07,Affiliate,53.15,Basic,61,Australia,1,9.99
C008920,2022-01-18,Email,34.12,Standard,21,Australia,1,219.89
C008921,2023-03-27,Affiliate,52.43,Basic,24,France,1,79.92
C008922,2023-09-17,Referral,49.14,Standard,32,UK,1,39.98
C008923,2022-08-17,Organic,23.01,Basic,49,UK,1,9.99
C008924,2022-12-11,Affiliate,43.64,Basic,23,Canada,1,9.99
C008925,2023-10-16,Affiliate,44.35,Standard,61,Australia,1,59.97
C008926,2023-10-07,Paid Search,66.11,Standard,36,US,0,19.99
C008927,2023-02-07,Paid Search,114.68,Premium,55,Australia,1,79.98
C008928,2022-01-18,Referral,27.41,Standard,50,US,1,19.99
C008929,2022-11-25,Affiliate,47.82,Basic,21,Australia,0,529.73
C008930,2022-07-17,Organic,29.41,Standard,21,Canada,1,19.99
C008931,2022-03-27,Affiliate,40.88,Basic,30,Canada,1,9.99
C008932,2023-08-05,Paid Search,78.52,Basic,51,US,0,459.76
C008933,2023-06-19,Referral,37.72,Standard,33,Canada,1,19.99
C008934,2023-05-14,Paid Search,70.64,Standard,24,Australia,1,19.99
C008935,2023-03-11,Referral,35.51,Basic,52,Germany,0,109.92
C008936,2022-10-25,Paid Search,51.44,Basic,49,Canada,1,39.96
C008937,2022-05-14,Email,45.61,Basic,51,UK,1,239.82
C008938,2022-11-06,Email,39.32,Standard,58,UK,0,499.75
C008939,2023-08-21,Social Media,35.21,Standard,53,Australia,0,599.7
C008940,2023-08-27,Organic,21.13,Basic,51,UK,1,9.99
C008941,2023-01-22,Paid Search,80.67,Premium,32,US,1,39.99
C008942,2022-07-11,Social Media,56.06,Basic,53,Germany,0,119.88
C008943,2023-02-07,Referral,28.92,Basic,24,France,1,29.97
C008944,2023-03-29,Affiliate,30.09,Premium,47,Germany,1,239.94
C008945,2022-12-16,Affiliate,27.28,Standard,37,Germany,0,259.87
C008946,2023-09-18,Referral,40.64,Basic,25,Germany,1,19.98
C008947,2023-08-30,Paid Search,54.66,Basic,47,US,1,39.96
C008948,2022-09-11,Social Media,64.38,Basic,53,Canada,0,279.84
C008949,2022-12-02,Social Media,62.12,Basic,58,Canada,1,289.84
C008950,2022-01-08,Affiliate,20.92,Standard,46,Canada,1,19.99
C008951,2023-12-01,Social Media,65.46,Premium,49,Germany,1,39.99
C008952,2023-03-06,Social Media,56.73,Standard,25,UK,1,19.99
C008953,2023-07-13,Affiliate,29.99,Basic,45,US,1,29.97
C008954,2023-05-23,Email,50.92,Basic,56,Canada,0,29.97
C008955,2023-07-08,Paid Search,94.6,Premium,26,Canada,0,679.67
C008956,2023-01-07,Paid Search,70.09,Premium,52,France,1,39.99
C008957,2022-05-02,Referral,54.91,Standard,41,UK,0,439.78
C008958,2022-11-13,Organic,19.74,Standard,40,Canada,1,579.71
C008959,2023-02-22,Organic,26.15,Basic,59,France,1,29.97
C008960,2023-11-03,Organic,10.65,Basic,61,Germany,0,289.71
C008961,2022-08-16,Email,45.64,Standard,23,Australia,1,59.97
C008962,2022-06-23,Email,40.26,Standard,38,France,1,19.99
C008963,2022-09-14,Social Media,58.0,Premium,18,Australia,1,159.96
C008964,2022-04-12,Paid Search,82.11,Basic,46,Germany,1,9.99
C008965,2022-04-18,Social Media,49.26,Standard,39,UK,1,99.95
C008966,2023-09-09,Organic,26.66,Basic,46,Canada,1,19.98
C008967,2022-10-05,Referral,42.8,Premium,18,France,1,1079.73
C008968,2022-01-03,Affiliate,27.69,Standard,52,France,1,59.97
C008969,2022-06-13,Paid Search,89.63,Basic,43,Canada,1,129.93
C008970,2022-04-10,Email,44.71,Basic,53,Australia,1,39.96
C008971,2022-10-30,Organic,13.09,Standard,47,Germany,1,139.93
C008972,2022-09-15,Social Media,36.34,Basic,38,France,0,199.8
C008973,2023-04-09,Paid Search,86.73,Premium,33,France,1,39.99
C008974,2023-01-30,Social Media,50.99,Premium,20,US,1,79.98
C008975,2023-07-22,Organic,17.3,Standard,60,US,1,139.93
C008976,2023-06-23,Email,40.46,Basic,33,US,0,239.76
C008977,2022-01-01,Social Media,76.39,Basic,27,France,1,79.92
C008978,2023-02-11,Email,49.45,Standard,64,Australia,1,39.98
C008979,2023-10-05,Paid Search,53.58,Standard,30,US,1,39.98
C008980,2023-04-11,Organic,11.23,Premium,22,Germany,1,79.98
C008981,2023-08-08,Affiliate,26.8,Basic,63,France,1,229.77
C008982,2023-04-24,Referral,57.79,Basic,25,Canada,1,259.82
C008983,2022-10-03,Organic,16.97,Premium,22,France,1,79.98
C008984,2023-07-29,Organic,18.91,Standard,61,UK,1,19.99
C008985,2023-04-11,Affiliate,25.36,Standard,62,France,1,19.99
C008986,2022-11-12,Paid Search,96.35,Basic,39,France,1,219.78
C008987,2022-09-01,Social Media,59.19,Standard,42,UK,1,419.79
C008988,2023-07-27,Email,50.85,Standard,52,Germany,1,59.97
C008989,2023-10-23,Affiliate,30.77,Basic,56,US,1,19.98
C008990,2022-02-24,Email,25.63,Standard,32,UK,1,19.99
C008991,2023-01-04,Social Media,72.46,Standard,47,UK,1,219.89
C008992,2023-06-12,Affiliate,28.84,Basic,31,Australia,0,119.88
C008993,2023-06-13,Email,23.9,Basic,60,France,0,29.97
C008994,2022-01-28,Social Media,46.06,Premium,49,Canada,1,359.91
C008995,2022-08-01,Organic,23.96,Basic,44,US,0,69.93
C008996,2022-10-06,Affiliate,43.41,Standard,21,Australia,1,199.9
C008997,2023-09-17,Social Media,33.22,Basic,38,Australia,1,59.94
C008998,2023-11-06,Paid Search,95.65,Basic,56,France,0,469.75
C008999,2023-09-22,Affiliate,49.22,Basic,39,Canada,1,169.83
C009000,2023-07-09,Organic,26.19,Standard,57,US,1,59.97
C009001,2023-04-30,Affiliate,26.47,Basic,51,Canada,1,9.99
C009002,2023-07-03,Affiliate,39.35,Standard,20,US,1,99.95
C009003,2023-08-14,Paid Search,79.46,Standard,51,Germany,0,259.87
C009004,2022-12-21,Affiliate,41.6,Basic,49,Australia,1,19.98
C009005,2022-07-09,Organic,26.56,Standard,60,US,0,499.75
C009006,2022-12-31,Referral,52.09,Basic,49,Canada,1,219.88
C009007,2022-08-04,Affiliate,46.58,Basic,38,Australia,1,29.97
C009008,2022-05-31,Affiliate,56.31,Basic,40,Australia,1,289.76
C009009,2023-01-18,Affiliate,36.87,Basic,62,France,1,319.79
C009010,2022-10-02,Referral,52.72,Standard,18,US,1,19.99
C009011,2022-12-14,Affiliate,46.13,Basic,31,Germany,1,9.99
C009012,2022-06-06,Social Media,65.19,Basic,59,Australia,1,19.98
C009013,2022-10-20,Referral,47.14,Basic,40,US,1,9.99
C009014,2023-08-09,Affiliate,21.59,Premium,46,UK,1,159.96
C009015,2022-11-12,Affiliate,30.77,Basic,57,Canada,1,9.99
C009016,2023-04-30,Affiliate,39.38,Basic,36,France,1,19.98
C009017,2023-05-06,Referral,31.55,Basic,21,Australia,1,19.98
C009018,2023-06-29,Paid Search,73.33,Basic,52,France,1,39.96
C009019,2022-01-31,Email,23.78,Standard,21,US,1,19.99
C009020,2023-03-04,Paid Search,68.69,Basic,58,Australia,0,129.87
C009021,2022-03-24,Email,20.57,Basic,26,US,1,9.99
C009022,2023-11-26,Paid Search,60.98,Basic,54,Germany,0,119.88
C009023,2022-12-19,Referral,29.97,Premium,45,France,1,39.99
C009024,2023-10-31,Paid Search,115.15,Standard,42,Canada,1,339.83
C009025,2023-04-06,Social Media,66.38,Basic,39,France,0,79.92
C009026,2023-02-28,Email,32.95,Basic,52,Canada,1,29.97
C009027,2022-01-26,Affiliate,58.26,Standard,35,France,1,59.97
C009028,2023-05-04,Email,26.71,Basic,50,Germany,1,29.97
C009029,2022-04-25,Paid Search,53.15,Basic,39,Canada,1,99.9
C009030,2022-09-25,Referral,45.64,Basic,33,UK,1,39.96
C009031,2022-10-20,Referral,44.87,Basic,55,Canada,1,9.99
C009032,2023-10-13,Affiliate,59.03,Basic,47,US,0,79.95
C009033,2022-10-21,Organic,23.79,Basic,20,Canada,1,29.97
C009034,2023-11-14,Affiliate,35.43,Standard,48,US,0,19.99
C009035,2023-03-14,Email,56.38,Standard,22,France,1,39.98
C009036,2022-04-17,Email,35.76,Basic,52,Australia,0,89.91
C009037,2023-03-28,Social Media,62.75,Basic,54,Canada,1,79.92
C009038,2022-06-17,Paid Search,90.24,Premium,60,UK,1,79.98
C009039,2022-09-10,Affiliate,26.07,Basic,60,France,1,19.98
C009040,2023-04-17,Referral,48.75,Basic,18,US,0,9.99
C009041,2023-01-22,Referral,47.89,Basic,30,Germany,1,249.86
C009042,2022-02-22,Social Media,57.28,Premium,55,France,1,79.98
C009043,2022-12-06,Email,26.21,Basic,34,UK,1,9.99
C009044,2023-12-02,Referral,42.94,Basic,34,France,1,19.98
C009045,2022-07-30,Affiliate,32.23,Basic,62,France,1,89.91
C009046,2023-07-01,Email,28.49,Standard,23,Germany,0,459.77
C009047,2023-10-10,Affiliate,23.63,Premium,60,Germany,1,39.99
C009048,2023-04-16,Referral,32.29,Standard,51,Australia,0,259.87
C009049,2022-02-27,Email,31.72,Basic,57,Germany,1,59.94
C009050,2023-10-12,Social Media,38.13,Basic,62,Germany,1,9.99
C009051,2023-08-01,Affiliate,21.45,Standard,38,UK,1,299.85
C009052,2023-11-11,Organic,12.68,Basic,41,Canada,0,409.69
C009053,2023-05-17,Social Media,33.11,Premium,52,Canada,0,1279.68
C009054,2022-12-11,Email,34.69,Standard,46,Germany,1,179.91
C009055,2023-08-10,Social Media,48.72,Premium,24,Australia,1,159.96
C009056,2022-06-24,Referral,40.63,Basic,49,France,1,19.98
C009057,2022-09-05,Referral,54.67,Basic,51,Australia,1,9.99
C009058,2022-09-05,Social Media,59.08,Basic,28,Australia,1,9.99
C009059,2022-08-30,Affiliate,59.56,Basic,63,UK,1,39.96
C009060,2022-07-26,Paid Search,106.76,Standard,21,Australia,1,79.96
C009061,2022-07-05,Social Media,47.38,Standard,22,US,1,59.97
C009062,2023-01-28,Paid Search,106.77,Basic,31,Canada,1,39.96
C009063,2022-04-16,Social Media,59.85,Standard,44,UK,1,79.96
C009064,2022-05-18,Referral,48.03,Basic,24,Germany,1,29.97
C009065,2022-09-20,Affiliate,56.11,Basic,51,Australia,1,9.99
C009066,2022-03-18,Organic,29.25,Basic,58,Germany,1,19.98
C009067,2023-02-02,Paid Search,108.13,Basic,31,Canada,1,69.93
C009068,2023-11-28,Referral,20.08,Standard,65,Germany,1,139.93
C009069,2022-08-02,Paid Search,100.72,Basic,22,Australia,1,9.99
C009070,2023-02-18,Affiliate,27.17,Standard,60,Germany,0,279.86
C009071,2022-02-08,Paid Search,73.15,Basic,64,Australia,1,19.98
C009072,2022-04-01,Social Media,63.9,Premium,32,Canada,0,759.81
C009073,2022-04-08,Referral,25.23,Basic,42,France,0,299.7
C009074,2023-01-10,Organic,15.26,Standard,60,Canada,1,39.98
C009075,2023-07-03,Social Media,38.47,Basic,27,Australia,1,89.91
C009076,2022-09-09,Social Media,44.37,Basic,28,Canada,1,9.99
C009077,2022-02-06,Social Media,76.38,Premium,33,US,1,39.99
C009078,2023-02-20,Organic,29.22,Premium,57,US,1,199.95
C009079,2022-01-05,Social Media,48.28,Standard,56,UK,1,59.97
C009080,2023-04-30,Social Media,72.28,Basic,35,US,1,79.92
C009081,2023-06-03,Referral,21.43,Basic,53,Australia,1,109.89
C009082,2022-08-19,Paid Search,73.41,Premium,43,UK,1,239.94
C009083,2023-06-06,Social Media,59.5,Basic,27,France,0,239.76
C009084,2022-09-24,Paid Search,92.88,Standard,37,France,1,59.97
C009085,2023-02-03,Email,42.42,Basic,40,Australia,1,39.96
C009086,2023-01-04,Referral,48.46,Basic,30,France,1,99.9
C009087,2022-01-04,Referral,44.95,Standard,26,Germany,1,159.92
C009088,2023-10-07,Referral,20.04,Standard,18,Canada,0,679.66
C009089,2022-09-15,Referral,55.38,Basic,24,Germany,0,599.68
C009090,2022-11-19,Organic,16.66,Standard,43,Canada,0,39.98
C009091,2022-11-27,Email,43.81,Standard,65,US,0,499.75
C009092,2023-10-24,Referral,32.92,Premium,55,Germany,1,39.99
C009093,2022-05-17,Paid Search,64.14,Basic,20,Canada,0,179.82
C009094,2022-09-03,Organic,11.23,Basic,22,France,1,189.9
C009095,2022-04-18,Organic,26.53,Premium,48,US,1,39.99
C009096,2022-09-10,Referral,50.35,Basic,23,Australia,1,49.95
C009097,2022-04-04,Social Media,79.1,Basic,21,UK,1,19.98
C009098,2023-07-15,Referral,24.35,Standard,31,UK,1,159.92
C009099,2023-07-22,Referral,47.17,Premium,25,Canada,1,1259.68
C009100,2022-01-03,Affiliate,50.86,Standard,39,Canada,1,19.99
C009101,2022-05-20,Paid Search,68.29,Standard,28,Canada,1,19.99
C009102,2022-09-03,Organic,12.97,Standard,62,US,0,419.79
C009103,2022-01-16,Organic,11.93,Basic,51,France,1,19.98
C009104,2022-06-25,Email,46.37,Basic,60,UK,1,39.96
C009105,2022-12-07,Organic,22.81,Standard,54,US,1,19.99
C009106,2022-08-27,Social Media,41.51,Basic,38,Germany,1,199.89
C009107,2022-04-30,Affiliate,57.64,Premium,29,France,1,79.98
C009108,2022-10-15,Affiliate,47.85,Basic,65,Germany,0,69.93
C009109,2023-01-20,Social Media,32.8,Standard,56,Germany,1,39.98
C009110,2023-04-15,Email,57.36,Basic,22,Canada,0,119.88
C009111,2022-01-04,Email,27.57,Standard,20,France,0,299.85
C009112,2022-02-25,Referral,29.84,Premium,42,US,0,319.92
C009113,2022-05-12,Referral,57.94,Premium,64,Canada,1,439.89
C009114,2023-03-10,Referral,53.58,Basic,22,Germany,0,9.99
C009115,2022-07-22,Referral,27.48,Basic,38,France,1,219.87
C009116,2023-11-16,Email,42.89,Standard,47,UK,1,39.98
C009117,2023-07-11,Affiliate,49.65,Standard,30,France,1,19.99
C009118,2022-06-09,Organic,15.59,Basic,28,UK,0,149.85
C009119,2022-07-10,Paid Search,116.23,Premium,30,France,1,39.99
C009120,2022-03-26,Paid Search,85.01,Premium,29,Australia,1,799.8
C009121,2022-06-17,Paid Search,73.65,Premium,42,UK,1,39.99
C009122,2023-05-12,Affiliate,21.1,Standard,63,Canada,0,39.98
C009123,2022-02-13,Affiliate,47.5,Premium,37,US,0,999.75
C009124,2022-06-25,Social Media,46.92,Basic,55,UK,1,89.91
C009125,2022-09-15,Social Media,49.39,Standard,51,Australia,1,79.96
C009126,2023-10-23,Email,28.82,Standard,62,Australia,1,19.99
C009127,2022-12-23,Organic,15.59,Premium,62,France,0,159.96
C009128,2022-07-13,Paid Search,94.99,Basic,25,Canada,1,29.97
C009129,2022-07-21,Social Media,57.64,Standard,32,UK,0,279.86
C009130,2023-06-19,Referral,40.34,Premium,41,France,1,199.95
C009131,2022-03-23,Affiliate,56.23,Premium,19,Canada,1,479.88
C009132,2022-09-06,Organic,21.59,Standard,39,France,1,239.88
C009133,2023-05-09,Social Media,58.52,Basic,62,UK,0,79.92
C009134,2022-12-20,Referral,25.16,Basic,62,Australia,1,69.93
C009135,2022-07-15,Organic,10.11,Basic,44,US,0,289.71
C009136,2023-07-25,Referral,44.12,Basic,37,Germany,0,239.88
C009137,2023-11-29,Referral,31.41,Standard,40,UK,1,19.99
C009138,2023-09-27,Organic,15.38,Basic,41,Australia,1,419.73
C009139,2023-01-25,Social Media,32.07,Standard,42,France,0,299.85
C009140,2022-05-20,Affiliate,53.54,Basic,60,US,1,39.96
C009141,2022-06-26,Social Media,70.94,Standard,41,Australia,1,159.92
C009142,2023-11-16,Affiliate,30.57,Standard,25,Australia,1,59.97
C009143,2023-11-15,Organic,27.84,Premium,40,Australia,1,479.88
C009144,2023-02-25,Paid Search,95.73,Premium,27,Germany,1,319.91
C009145,2023-11-07,Referral,37.83,Premium,50,US,1,159.96
C009146,2023-10-25,Email,53.1,Premium,65,Canada,0,759.75
C009147,2023-08-06,Referral,32.09,Basic,30,Germany,1,29.97
C009148,2022-10-01,Paid Search,108.9,Standard,38,UK,0,39.98
C009149,2022-06-09,Organic,18.6,Basic,64,Australia,1,29.97
C009150,2022-08-19,Paid Search,118.48,Standard,36,UK,1,139.93
C009151,2022-11-02,Organic,23.91,Premium,31,Germany,1,79.98
C009152,2022-03-14,Social Media,37.47,Standard,35,UK,1,79.96
C009153,2022-05-03,Organic,22.17,Basic,44,France,1,189.88
C009154,2022-09-11,Affiliate,56.41,Standard,65,Canada,1,39.98
C009155,2022-09-04,Affiliate,58.72,Basic,29,UK,1,479.74
C009156,2023-01-08,Paid Search,101.63,Standard,35,France,1,59.97
C009157,2023-03-31,Social Media,51.9,Basic,45,Germany,0,309.69
C009158,2023-10-29,Affiliate,46.72,Basic,28,France,1,29.97
C009159,2023-02-28,Affiliate,57.46,Basic,47,Australia,1,19.98
C009160,2022-01-31,Referral,40.97,Standard,64,US,1,119.94
C009161,2022-02-07,Organic,12.7,Premium,36,France,1,39.99
C009162,2022-01-10,Social Media,49.59,Standard,26,US,1,39.98
C009163,2022-04-26,Affiliate,40.37,Basic,55,Australia,0,49.95
C009164,2022-01-21,Organic,15.59,Standard,21,Australia,0,299.85
C009165,2022-03-05,Referral,26.78,Basic,22,Australia,1,129.92
C009166,2022-10-28,Email,26.92,Basic,54,France,0,9.99
C009167,2022-08-01,Organic,24.26,Basic,21,Canada,0,149.85
C009168,2022-03-29,Paid Search,55.14,Basic,60,Canada,1,59.96
C009169,2022-07-31,Organic,10.58,Basic,18,UK,1,269.86
C009170,2022-04-01,Social Media,66.4,Standard,53,Canada,1,39.98
C009171,2022-02-09,Referral,36.61,Standard,46,Canada,1,39.98
C009172,2023-10-26,Organic,15.35,Basic,32,Canada,1,19.98
C009173,2022-03-15,Social Media,50.16,Standard,25,Canada,1,479.76
C009174,2022-05-15,Referral,38.97,Standard,22,Canada,1,199.9
C009175,2022-08-24,Email,35.53,Basic,39,US,0,469.71
C009176,2022-05-01,Organic,28.14,Basic,64,Germany,1,19.98
C009177,2022-04-09,Social Media,40.39,Basic,30,Canada,0,229.84
C009178,2022-04-25,Organic,17.86,Standard,44,Canada,1,459.77
C009179,2022-01-11,Affiliate,30.19,Standard,49,UK,1,19.99
C009180,2022-11-22,Social Media,40.77,Standard,20,Germany,1,99.95
C009181,2022-07-24,Referral,55.87,Basic,18,Germany,1,69.93
C009182,2022-05-29,Social Media,66.68,Standard,37,Canada,0,119.94
C009183,2022-07-01,Social Media,76.32,Standard,45,Australia,1,159.92
C009184,2022-02-05,Affiliate,44.39,Standard,26,Canada,0,39.98
C009185,2022-08-24,Paid Search,78.53,Basic,18,France,1,29.97
C009186,2023-11-02,Email,43.0,Standard,55,US,1,19.99
C009187,2022-10-03,Organic,10.51,Standard,61,France,1,39.98
C009188,2022-04-28,Paid Search,108.42,Premium,46,Australia,0,39.99
C009189,2022-04-24,Email,25.43,Standard,59,UK,1,99.95
C009190,2023-06-13,Email,37.9,Premium,64,US,1,159.96
C009191,2022-12-10,Affiliate,43.65,Premium,57,UK,1,199.95
C009192,2022-12-31,Social Media,61.8,Basic,39,US,1,9.99
C009193,2022-06-02,Referral,37.05,Standard,48,UK,1,59.97
C009194,2023-06-30,Affiliate,37.34,Standard,43,Germany,0,259.87
C009195,2022-10-13,Email,22.5,Basic,39,US,1,49.95
C009196,2022-06-25,Email,45.62,Basic,47,UK,1,9.99
C009197,2022-10-05,Paid Search,51.35,Basic,48,Germany,1,19.98
C009198,2023-09-25,Email,29.34,Basic,47,France,1,29.97
C009199,2022-03-10,Organic,19.86,Standard,26,Canada,1,19.99
C009200,2022-02-25,Email,44.39,Basic,40,US,1,99.9
C009201,2022-08-13,Paid Search,101.97,Basic,40,Germany,1,19.98
C009202,2023-08-14,Paid Search,53.83,Basic,33,Germany,1,529.73
C009203,2023-01-30,Organic,26.57,Basic,28,US,1,29.97
C009204,2022-03-26,Referral,53.05,Premium,55,Canada,1,239.94
C009205,2022-04-30,Affiliate,25.62,Standard,43,US,1,19.99
C009206,2023-11-30,Email,56.65,Basic,55,Germany,0,149.91
C009207,2022-04-24,Organic,27.02,Basic,35,US,1,309.82
C009208,2023-11-21,Paid Search,93.73,Standard,29,Australia,1,19.99
C009209,2023-11-02,Affiliate,57.84,Basic,48,UK,1,49.95
C009210,2023-02-26,Organic,25.49,Basic,31,UK,1,29.97
C009211,2023-08-21,Email,45.93,Basic,43,Germany,1,179.82
C009212,2023-02-19,Affiliate,59.89,Basic,63,Canada,1,9.99
C009213,2022-12-29,Organic,20.52,Basic,20,Canada,1,39.96
C009214,2022-02-19,Affiliate,44.34,Standard,20,Germany,0,379.81
C009215,2023-10-03,Email,27.47,Basic,63,France,1,29.97
C009216,2023-06-02,Organic,17.03,Premium,41,Germany,1,159.96
C009217,2022-10-30,Social Media,70.0,Standard,65,Canada,0,519.74
C009218,2022-03-11,Paid Search,68.29,Basic,43,US,0,529.7
C009219,2023-01-16,Organic,23.98,Standard,55,France,0,19.99
C009220,2022-02-13,Referral,35.96,Standard,58,France,1,119.94
C009221,2022-04-23,Affiliate,55.93,Basic,52,UK,1,39.96
C009222,2023-02-27,Referral,40.88,Standard,33,UK,1,599.7
C009223,2022-04-06,Referral,37.7,Standard,62,US,1,219.89
C009224,2022-05-02,Referral,37.42,Basic,19,Australia,1,139.86
C009225,2023-11-15,Organic,15.58,Standard,39,Australia,1,79.96
C009226,2022-07-23,Affiliate,54.98,Basic,46,Canada,1,9.99
C009227,2023-10-23,Affiliate,54.39,Premium,57,Canada,0,279.93
C009228,2022-02-23,Affiliate,41.54,Standard,43,US,1,199.9
C009229,2022-07-22,Email,22.36,Basic,36,France,1,9.99
C009230,2023-03-16,Referral,54.01,Premium,48,Canada,1,599.85
C009231,2022-07-28,Social Media,77.12,Premium,33,Canada,0,599.73
C009232,2023-11-09,Affiliate,59.24,Basic,30,France,1,29.97
C009233,2022-05-20,Referral,20.04,Basic,21,Germany,0,29.97
C009234,2023-07-13,Organic,25.25,Standard,31,Germany,1,259.87
C009235,2023-07-07,Organic,27.12,Basic,33,Australia,1,49.96
C009236,2022-05-27,Organic,20.06,Standard,34,US,1,39.98
C009237,2023-02-19,Organic,21.95,Standard,54,Germany,1,19.99
C009238,2022-12-22,Referral,48.17,Standard,40,US,1,139.93
C009239,2023-02-15,Referral,23.37,Basic,43,Canada,1,9.99
C009240,2022-11-16,Social Media,74.79,Basic,32,France,1,29.97
C009241,2022-10-23,Affiliate,46.86,Premium,43,Australia,1,119.97
C009242,2022-03-18,Referral,58.34,Basic,62,UK,1,9.99
C009243,2023-04-23,Affiliate,53.6,Basic,45,US,1,69.93
C009244,2022-01-20,Social Media,43.43,Standard,20,UK,1,19.99
C009245,2023-01-26,Organic,24.91,Basic,59,Canada,1,49.97
C009246,2023-02-27,Social Media,66.05,Standard,23,Australia,1,39.98
C009247,2023-06-28,Email,32.68,Standard,43,Canada,1,19.99
C009248,2023-10-02,Email,55.91,Standard,60,France,0,79.96
C009249,2023-04-06,Social Media,47.61,Premium,22,France,1,119.97
C009250,2022-02-13,Paid Search,66.33,Basic,46,Germany,1,199.8
C009251,2022-03-28,Affiliate,32.15,Basic,64,Australia,0,79.92
C009252,2022-08-18,Affiliate,47.03,Basic,32,Germany,0,129.87
C009253,2023-10-22,Affiliate,21.48,Premium,21,France,1,39.99
C009254,2022-12-04,Referral,33.58,Standard,47,France,1,19.99
C009255,2022-11-10,Referral,35.69,Basic,51,Australia,1,59.94
C009256,2022-08-12,Affiliate,30.2,Standard,19,US,1,219.89
C009257,2022-06-12,Social Media,76.62,Basic,49,France,1,0.0
C009258,2022-12-17,Paid Search,109.29,Basic,64,Australia,1,9.99
C009259,2022-03-22,Social Media,33.47,Premium,28,US,1,79.98
C009260,2023-03-13,Referral,36.13,Basic,51,France,1,49.97
C009261,2023-02-23,Organic,11.77,Basic,45,Canada,1,19.98
C009262,2023-06-02,Email,37.83,Standard,63,Canada,1,239.88
C009263,2022-05-13,Affiliate,34.78,Basic,53,UK,1,9.99
C009264,2023-08-14,Paid Search,88.98,Basic,62,Australia,1,39.96
C009265,2022-02-12,Affiliate,46.36,Standard,58,Canada,0,279.86
C009266,2022-01-19,Affiliate,29.3,Standard,43,UK,1,439.78
C009267,2023-06-24,Paid Search,102.26,Basic,42,France,1,9.99
C009268,2022-01-24,Email,24.79,Basic,56,France,1,19.98
C009269,2023-02-05,Organic,12.75,Standard,39,UK,1,159.92
C009270,2022-07-07,Affiliate,42.24,Premium,22,Canada,0,39.99
C009271,2023-11-10,Paid Search,51.55,Basic,56,US,1,239.87
C009272,2023-09-25,Organic,25.92,Standard,62,Germany,0,559.72
C009273,2023-06-13,Referral,57.75,Basic,21,France,0,159.84
C009274,2023-10-15,Paid Search,113.84,Basic,35,Canada,1,19.98
C009275,2022-03-14,Paid Search,92.43,Basic,59,Australia,1,109.94
C009276,2022-09-15,Social Media,43.67,Basic,31,UK,1,29.97
C009277,2023-05-24,Email,40.84,Basic,49,Australia,0,49.95
C009278,2022-11-11,Paid Search,111.85,Basic,37,UK,1,229.81
C009279,2023-06-23,Paid Search,53.21,Basic,40,Australia,1,9.99
C009280,2022-03-02,Affiliate,48.44,Basic,50,Germany,0,459.72
C009281,2023-04-03,Referral,54.69,Basic,20,Canada,0,9.99
C009282,2022-07-14,Affiliate,32.75,Standard,58,Australia,1,39.98
C009283,2023-01-28,Affiliate,22.39,Basic,46,UK,1,9.99
C009284,2022-08-11,Referral,22.72,Basic,34,Germany,1,9.99
C009285,2022-10-15,Organic,29.9,Standard,23,Germany,1,259.87
C009286,2022-08-18,Paid Search,93.11,Basic,63,US,0,119.88
C009287,2023-10-19,Social Media,55.42,Standard,62,UK,1,159.92
C009288,2022-09-28,Affiliate,29.68,Basic,39,US,0,29.97
C009289,2023-03-31,Email,26.48,Basic,41,Australia,1,49.95
C009290,2023-05-23,Referral,28.12,Standard,22,Canada,0,519.74
C009291,2023-02-05,Organic,11.6,Standard,23,France,0,719.64
C009292,2023-01-22,Social Media,31.28,Standard,21,Australia,0,459.77
C009293,2023-08-26,Paid Search,72.92,Standard,30,Australia,0,399.8
C009294,2022-12-04,Email,46.19,Basic,26,Germany,1,119.88
C009295,2023-06-17,Paid Search,93.81,Premium,48,Germany,0,319.92
C009296,2023-05-06,Referral,33.14,Basic,32,Canada,1,19.98
C009297,2023-04-28,Organic,15.66,Basic,30,Germany,1,129.87
C009298,2022-10-07,Affiliate,55.12,Standard,52,Australia,1,79.96
C009299,2022-06-17,Referral,52.74,Standard,59,Germany,1,39.98
C009300,2022-12-17,Paid Search,89.9,Premium,42,Germany,0,1199.7
C009301,2023-01-06,Referral,27.15,Basic,34,Canada,0,209.84
C009302,2023-11-22,Social Media,30.69,Standard,55,Australia,1,39.98
C009303,2023-06-07,Email,29.87,Basic,57,Canada,1,19.98
C009304,2022-12-04,Paid Search,77.95,Basic,28,UK,1,49.97
C009305,2022-02-20,Email,30.48,Basic,34,Canada,0,9.99
C009306,2023-05-22,Referral,34.32,Premium,62,UK,1,119.97
C009307,2023-09-17,Affiliate,59.14,Standard,18,US,1,479.76
C009308,2023-07-30,Affiliate,46.2,Basic,62,France,1,19.98
C009309,2022-06-18,Referral,22.5,Premium,50,France,1,339.91
C009310,2022-12-06,Affiliate,25.87,Premium,46,US,0,679.83
C009311,2022-12-28,Affiliate,40.71,Basic,59,Canada,1,129.93
C009312,2022-08-19,Organic,12.63,Standard,62,Australia,1,159.92
C009313,2023-04-23,Affiliate,29.6,Basic,35,UK,0,9.99
C009314,2022-10-15,Organic,13.12,Premium,34,France,0,1439.64
C009315,2022-01-08,Social Media,64.94,Standard,42,Australia,1,119.94
C009316,2023-10-05,Email,48.45,Standard,57,US,0,19.99
C009317,2023-07-07,Affiliate,38.06,Basic,34,Australia,1,29.97
C009318,2022-06-28,Referral,26.62,Basic,47,US,1,19.98
C009319,2022-04-25,Social Media,52.27,Basic,48,France,1,19.98
C009320,2022-03-29,Social Media,74.46,Basic,43,UK,1,369.76
C009321,2022-03-08,Affiliate,39.55,Basic,48,US,0,529.72
C009322,2022-08-29,Affiliate,41.1,Basic,22,Canada,1,0.0
C009323,2022-01-21,Affiliate,45.59,Basic,22,France,0,619.66
C009324,2022-05-01,Referral,37.01,Premium,63,US,1,319.89
C009325,2023-03-11,Paid Search,71.75,Standard,43,France,1,39.98
C009326,2023-07-13,Email,48.92,Standard,45,Germany,1,59.97
C009327,2023-02-07,Paid Search,115.5,Basic,26,UK,1,19.98
C009328,2022-11-16,Referral,42.78,Standard,29,UK,1,79.96
C009329,2022-09-21,Referral,36.19,Premium,53,Germany,1,39.99
C009330,2023-03-27,Organic,29.74,Basic,43,Germany,0,9.99
C009331,2022-04-05,Affiliate,30.71,Standard,40,Germany,0,499.75
C009332,2023-09-17,Paid Search,73.38,Standard,62,UK,1,179.91
C009333,2022-07-16,Social Media,79.83,Standard,21,US,0,59.97
C009334,2023-09-28,Paid Search,70.46,Basic,46,UK,1,9.99
C009335,2022-09-15,Social Media,43.47,Premium,48,US,0,539.77
C009336,2022-03-09,Social Media,73.79,Standard,29,UK,0,99.95
C009337,2022-03-09,Email,24.53,Standard,23,Germany,1,119.94
C009338,2022-04-05,Email,58.72,Basic,19,Germany,1,39.96
C009339,2023-04-13,Referral,46.13,Premium,56,UK,1,359.91
C009340,2022-04-30,Paid Search,56.8,Standard,37,Canada,1,39.98
C009341,2022-09-07,Email,27.86,Basic,36,UK,1,19.98
C009342,2022-12-24,Social Media,79.39,Premium,41,UK,1,279.93
C009343,2022-09-06,Affiliate,56.73,Standard,29,Australia,1,79.96
C009344,2022-04-01,Organic,12.0,Basic,37,Australia,1,19.98
C009345,2023-02-18,Referral,33.1,Premium,22,Canada,1,519.87
C009346,2023-08-17,Email,46.74,Basic,54,Germany,1,129.87
C009347,2023-04-28,Organic,14.65,Standard,48,US,1,39.98
C009348,2023-01-05,Referral,41.31,Standard,41,France,1,59.97
C009349,2022-07-20,Paid Search,52.88,Premium,31,Canada,1,39.99
C009350,2022-11-10,Social Media,49.42,Premium,30,Germany,0,199.95
C009351,2023-04-28,Email,40.41,Standard,32,Germany,0,719.64
C009352,2023-05-28,Referral,29.41,Standard,37,Australia,0,359.82
C009353,2022-11-16,Affiliate,32.38,Standard,25,US,1,19.99
C009354,2023-11-09,Referral,57.23,Basic,26,Germany,0,479.66
C009355,2023-04-05,Paid Search,89.52,Standard,42,Australia,1,59.97
C009356,2022-01-24,Social Media,37.03,Premium,36,UK,0,39.99
C009357,2023-09-23,Email,54.55,Standard,23,France,0,159.92
C009358,2022-06-29,Social Media,52.34,Premium,59,Australia,1,239.94
C009359,2022-12-16,Organic,18.62,Standard,52,UK,1,99.95
C009360,2022-03-03,Email,43.16,Basic,48,UK,1,49.95
C009361,2022-05-02,Organic,12.77,Basic,50,UK,1,19.98
C009362,2023-08-30,Email,40.21,Standard,56,US,1,79.96
C009363,2022-04-18,Social Media,74.44,Standard,61,Canada,1,59.97
C009364,2023-09-29,Social Media,77.01,Basic,45,US,1,99.94
C009365,2023-03-22,Email,59.5,Basic,58,Germany,1,19.98
C009366,2023-06-10,Organic,29.0,Basic,64,US,1,69.93
C009367,2022-01-07,Social Media,64.11,Standard,44,France,1,39.98
C009368,2022-01-18,Organic,26.08,Standard,25,Canada,0,39.98
C009369,2022-08-05,Paid Search,79.14,Premium,49,Canada,1,119.97
C009370,2022-07-20,Paid Search,57.16,Premium,25,Canada,1,79.98
C009371,2022-09-30,Email,33.29,Standard,59,Australia,0,59.97
C009372,2023-10-01,Paid Search,90.45,Standard,48,France,1,0.0
C009373,2022-04-21,Email,35.16,Premium,57,Australia,0,239.94
C009374,2022-02-18,Email,54.57,Basic,36,US,1,29.97
C009375,2023-05-17,Affiliate,36.65,Premium,54,UK,0,279.87
C009376,2022-01-19,Social Media,78.91,Basic,58,UK,0,129.87
C009377,2023-02-12,Organic,28.02,Premium,22,Germany,1,439.89
C009378,2023-06-17,Organic,12.15,Basic,60,UK,1,9.99
C009379,2023-03-03,Organic,22.48,Basic,56,Canada,1,9.99
C009380,2023-01-08,Affiliate,53.79,Basic,35,France,1,339.8
C009381,2023-05-20,Paid Search,58.83,Basic,55,Germany,0,199.8
C009382,2022-02-04,Organic,17.43,Basic,58,US,0,319.68
C009383,2023-01-03,Paid Search,62.53,Standard,45,Australia,1,19.99
C009384,2022-06-26,Social Media,63.86,Premium,52,Australia,1,119.97
C009385,2023-07-30,Affiliate,58.65,Standard,52,US,0,359.82
C009386,2022-11-04,Email,39.82,Basic,35,France,1,149.86
C009387,2022-12-05,Social Media,47.81,Premium,61,Germany,1,39.99
C009388,2023-08-07,Affiliate,28.41,Standard,20,Canada,1,259.87
C009389,2023-10-16,Referral,50.27,Standard,36,US,1,359.82
C009390,2022-03-24,Affiliate,42.63,Basic,54,US,1,49.95
C009391,2023-10-04,Organic,14.69,Standard,55,US,1,459.77
C009392,2023-02-10,Referral,39.9,Standard,57,Australia,0,719.64
C009393,2023-01-04,Paid Search,55.08,Standard,39,Australia,1,99.95
C009394,2023-06-01,Referral,41.23,Standard,34,Australia,1,339.83
C009395,2022-07-13,Email,30.42,Standard,20,France,0,379.81
C009396,2023-11-25,Affiliate,41.24,Premium,38,France,0,39.99
C009397,2023-10-12,Social Media,54.2,Standard,56,Australia,1,139.93
C009398,2023-07-12,Organic,13.83,Basic,46,Germany,1,29.97
C009399,2022-07-31,Organic,13.07,Basic,53,France,1,39.96
C009400,2023-02-24,Email,45.7,Basic,40,UK,1,149.92
C009401,2022-03-05,Referral,30.08,Basic,53,US,1,9.99
C009402,2022-07-13,Social Media,78.75,Standard,40,Australia,0,659.67
C009403,2023-11-01,Organic,28.48,Basic,21,Australia,1,39.96
C009404,2022-03-15,Email,24.04,Standard,63,Germany,1,39.98
C009405,2022-03-18,Referral,55.15,Basic,35,France,1,19.98
C009406,2023-01-02,Social Media,66.41,Basic,65,UK,1,49.96
C009407,2023-11-30,Paid Search,96.58,Standard,24,US,1,179.91
C009408,2023-08-20,Social Media,63.92,Basic,38,UK,1,29.97
C009409,2023-08-09,Referral,25.84,Standard,45,US,1,59.97
C009410,2022-10-06,Social Media,35.06,Basic,63,Australia,1,9.99
C009411,2023-08-01,Email,37.82,Basic,21,France,1,459.74
C009412,2022-07-15,Affiliate,25.17,Basic,55,Canada,1,49.95
C009413,2022-04-21,Referral,52.25,Basic,24,Canada,1,9.99
C009414,2023-06-12,Paid Search,61.03,Standard,20,France,1,39.98
C009415,2023-02-20,Affiliate,33.71,Standard,61,Germany,0,239.88
C009416,2022-03-20,Paid Search,58.64,Standard,44,Australia,1,99.95
C009417,2023-08-01,Social Media,55.81,Premium,58,US,0,719.82
C009418,2022-01-02,Organic,11.29,Standard,32,Australia,1,139.93
C009419,2022-01-24,Organic,18.4,Standard,42,Canada,1,19.99
C009420,2023-01-13,Affiliate,59.48,Standard,33,UK,1,19.99
C009421,2022-08-15,Email,49.08,Standard,30,Germany,1,19.99
C009422,2023-06-02,Social Media,34.97,Basic,36,Germany,1,49.95
C009423,2022-06-23,Paid Search,106.14,Basic,49,Canada,1,69.93
C009424,2023-11-10,Email,45.73,Basic,30,France,1,9.99
C009425,2023-11-22,Affiliate,42.86,Standard,39,Australia,1,119.94
C009426,2023-09-21,Social Media,30.37,Standard,64,Canada,1,339.83
C009427,2022-06-15,Email,45.64,Basic,32,Germany,1,49.95
C009428,2022-06-06,Social Media,77.63,Basic,23,US,1,189.81
C009429,2023-05-29,Referral,27.4,Basic,25,US,1,19.98
C009430,2023-01-17,Email,23.18,Premium,40,Australia,0,1079.73
C009431,2023-04-17,Email,40.36,Standard,23,Canada,1,59.97
C009432,2022-12-14,Social Media,34.55,Basic,40,Australia,1,19.98
C009433,2023-01-12,Paid Search,93.59,Basic,58,Canada,1,49.95
C009434,2022-05-24,Paid Search,56.72,Basic,53,Canada,1,29.97
C009435,2022-05-25,Social Media,68.84,Basic,59,Australia,1,119.88
C009436,2022-06-25,Email,41.39,Standard,19,UK,1,59.97
C009437,2023-09-25,Organic,22.87,Basic,29,Germany,1,19.98
C009438,2022-11-18,Organic,23.08,Basic,34,UK,1,9.99
C009439,2022-02-03,Social Media,61.26,Standard,51,US,1,39.98
C009440,2022-09-08,Organic,15.82,Premium,42,UK,0,679.83
C009441,2023-01-17,Paid Search,54.24,Basic,26,Canada,1,59.94
C009442,2022-03-08,Paid Search,51.1,Basic,31,US,1,589.67
C009443,2022-10-16,Referral,32.09,Basic,23,Canada,0,229.83
C009444,2022-09-12,Referral,45.69,Standard,61,US,1,79.96
C009445,2023-01-16,Social Media,63.19,Standard,65,UK,1,19.99
C009446,2023-05-05,Referral,20.94,Standard,45,US,1,159.92
C009447,2022-11-10,Email,38.66,Standard,59,Germany,0,639.68
C009448,2023-09-20,Email,49.44,Standard,46,Australia,1,479.76
C009449,2022-07-08,Social Media,50.14,Standard,59,Canada,1,379.81
C009450,2022-03-21,Organic,14.23,Basic,46,Australia,1,169.83
C009451,2023-03-21,Social Media,60.91,Basic,28,Australia,1,39.96
C009452,2023-04-03,Affiliate,36.12,Basic,44,France,1,49.97
C009453,2022-01-27,Organic,18.86,Premium,57,Canada,1,119.97
C009454,2023-05-27,Social Media,32.39,Premium,40,Australia,1,279.93
C009455,2022-07-08,Paid Search,53.18,Basic,48,US,1,19.98
C009456,2022-10-16,Paid Search,59.0,Standard,54,Australia,0,599.7
C009457,2022-08-17,Paid Search,95.43,Premium,31,France,1,159.96
C009458,2022-03-29,Social Media,41.61,Basic,22,Germany,1,9.99
C009459,2023-02-20,Affiliate,54.5,Premium,48,Canada,1,359.91
C009460,2023-11-26,Social Media,75.56,Basic,49,US,1,109.89
C009461,2023-05-15,Organic,12.24,Premium,63,France,1,79.98
C009462,2022-12-05,Organic,25.84,Basic,49,France,1,19.98
C009463,2023-04-10,Paid Search,66.79,Basic,30,Germany,1,29.97
C009464,2022-05-01,Social Media,62.36,Premium,51,Germany,1,239.94
C009465,2022-01-11,Paid Search,78.16,Basic,43,UK,1,19.98
C009466,2022-11-06,Social Media,69.85,Standard,36,Australia,1,99.95
C009467,2023-01-21,Affiliate,43.23,Basic,22,Canada,1,189.85
C009468,2023-04-18,Affiliate,42.06,Basic,19,France,1,19.98
C009469,2023-11-18,Organic,17.14,Standard,58,US,1,119.94
C009470,2022-03-11,Referral,41.14,Standard,35,US,1,19.99
C009471,2022-03-03,Paid Search,101.33,Standard,50,France,1,139.93
C009472,2022-09-19,Paid Search,69.33,Premium,46,France,1,119.97
C009473,2022-07-29,Referral,35.59,Premium,36,Canada,1,279.93
C009474,2023-07-06,Referral,51.43,Standard,25,US,1,259.87
C009475,2023-07-06,Email,23.04,Basic,28,Australia,1,9.99
C009476,2023-05-17,Affiliate,37.62,Basic,46,Germany,0,189.9
C009477,2022-10-23,Email,36.7,Premium,65,Canada,0,259.89
C009478,2023-01-19,Affiliate,25.02,Premium,62,UK,1,39.99
C009479,2023-10-20,Affiliate,45.6,Standard,51,US,1,0.0
C009480,2022-11-22,Referral,39.82,Premium,25,UK,1,1039.74
C009481,2022-12-10,Social Media,61.39,Premium,40,Canada,1,39.99
C009482,2023-11-09,Referral,43.89,Standard,19,Australia,1,139.93
C009483,2023-04-17,Email,51.35,Basic,46,Australia,1,49.95
C009484,2022-02-26,Social Media,61.55,Basic,31,US,0,29.97
C009485,2022-01-21,Organic,19.7,Basic,34,US,0,109.89
C009486,2022-06-04,Referral,26.88,Basic,29,US,1,259.86
C009487,2023-10-16,Paid Search,90.23,Standard,42,Germany,1,19.99
C009488,2022-05-11,Social Media,32.61,Basic,59,Australia,1,9.99
C009489,2022-06-16,Social Media,72.56,Basic,48,Canada,1,259.86
C009490,2023-10-12,Email,34.21,Basic,59,Germany,1,49.97
C009491,2022-11-12,Paid Search,103.15,Standard,31,Germany,1,39.98
C009492,2022-11-12,Paid Search,85.37,Basic,27,US,1,109.89
C009493,2022-07-09,Paid Search,53.59,Basic,44,Canada,1,19.98
C009494,2023-08-08,Referral,21.68,Basic,39,UK,1,9.99
C009495,2022-03-05,Affiliate,24.27,Basic,47,Germany,1,429.76
C009496,2022-02-18,Email,36.45,Premium,46,UK,0,399.9
C009497,2023-01-18,Organic,11.1,Basic,28,US,0,209.79
C009498,2023-08-10,Social Media,49.49,Standard,57,UK,1,39.98
C009499,2022-07-03,Organic,17.49,Basic,64,Canada,0,49.95
C009500,2022-02-12,Referral,55.74,Basic,58,US,1,29.97
C009501,2023-11-21,Affiliate,50.72,Basic,52,France,1,9.99
C009502,2022-09-17,Social Media,63.47,Basic,43,Canada,0,19.98
C009503,2023-08-18,Social Media,33.61,Premium,19,US,1,199.95
C009504,2023-11-25,Paid Search,52.32,Standard,49,Germany,0,179.91
C009505,2022-02-04,Social Media,32.92,Standard,27,UK,1,39.98
C009506,2022-07-10,Organic,26.73,Basic,47,Canada,1,9.99
C009507,2022-05-08,Email,35.05,Standard,29,France,1,39.98
C009508,2023-02-22,Organic,16.75,Basic,32,US,1,29.97
C009509,2022-10-05,Affiliate,51.86,Basic,29,UK,0,39.96
C009510,2022-02-03,Referral,53.07,Premium,31,US,1,379.9
C009511,2022-02-16,Referral,38.3,Basic,53,Germany,1,39.96
C009512,2022-09-17,Email,57.25,Standard,39,France,1,39.98
C009513,2023-08-04,Paid Search,101.37,Basic,36,UK,1,289.84
C009514,2023-07-08,Affiliate,35.9,Basic,43,Australia,0,509.65
C009515,2023-10-19,Referral,46.71,Standard,31,France,0,499.75
C009516,2023-06-13,Organic,12.36,Basic,31,US,0,239.76
C009517,2023-10-31,Social Media,38.61,Premium,27,UK,1,199.95
C009518,2023-06-27,Paid Search,75.49,Premium,27,UK,1,439.89
C009519,2023-04-22,Referral,33.42,Basic,51,US,1,39.96
C009520,2023-02-12,Affiliate,29.69,Basic,35,France,0,269.73
C009521,2023-11-29,Email,35.96,Basic,20,Canada,1,29.97
C009522,2022-04-23,Affiliate,26.77,Basic,64,Australia,0,279.72
C009523,2023-01-11,Social Media,61.55,Basic,55,UK,1,239.82
C009524,2022-07-21,Affiliate,43.52,Basic,26,US,1,19.98
C009525,2022-11-01,Affiliate,35.24,Standard,57,Australia,1,339.83
C009526,2022-02-05,Social Media,53.68,Basic,21,UK,0,449.7
C009527,2023-09-18,Referral,46.48,Standard,41,Canada,1,159.92
C009528,2022-10-28,Organic,21.74,Basic,34,UK,0,9.99
C009529,2023-05-17,Referral,54.67,Basic,60,Germany,0,79.92
C009530,2023-04-15,Organic,16.6,Basic,44,UK,1,519.71
C009531,2022-09-01,Referral,52.7,Premium,35,Germany,1,539.85
C009532,2023-11-15,Social Media,68.58,Premium,43,US,1,39.99
C009533,2022-10-29,Email,50.4,Premium,23,US,1,479.88
C009534,2023-08-23,Email,21.25,Basic,43,Australia,0,29.97
C009535,2022-08-29,Paid Search,110.3,Standard,49,France,1,19.99
C009536,2022-03-14,Organic,11.54,Basic,39,US,0,59.94
C009537,2022-07-04,Social Media,60.14,Basic,47,UK,0,9.99
C009538,2023-08-19,Organic,18.11,Basic,26,UK,1,39.96
C009539,2022-05-14,Email,25.68,Basic,52,Canada,0,9.99
C009540,2022-03-14,Email,37.72,Standard,48,Germany,1,259.87
C009541,2022-03-30,Referral,36.21,Standard,28,UK,1,219.89
C009542,2023-11-17,Social Media,73.14,Premium,51,France,1,359.91
C009543,2022-08-30,Referral,37.32,Basic,53,UK,1,19.98
C009544,2022-08-29,Affiliate,31.31,Standard,64,UK,1,39.98
C009545,2023-04-29,Email,28.73,Premium,25,Canada,1,119.97
C009546,2023-10-12,Email,27.3,Basic,51,Germany,1,159.84
C009547,2023-01-27,Affiliate,40.71,Standard,19,Germany,0,139.93
C009548,2023-08-26,Social Media,50.85,Basic,19,US,1,109.89
C009549,2022-07-10,Paid Search,83.92,Basic,57,UK,1,9.99
C009550,2023-02-23,Affiliate,52.57,Basic,18,France,1,209.87
C009551,2022-06-09,Email,21.43,Premium,46,US,1,599.85
C009552,2022-09-29,Paid Search,97.76,Basic,48,Canada,1,9.99
C009553,2023-04-06,Paid Search,84.92,Standard,55,UK,0,359.82
C009554,2023-10-09,Paid Search,97.97,Premium,63,France,1,759.81
C009555,2023-09-30,Social Media,73.7,Basic,28,Germany,0,339.7
C009556,2023-03-03,Affiliate,55.04,Standard,64,Australia,0,559.72
C009557,2022-09-10,Referral,49.24,Premium,50,UK,0,739.68
C009558,2022-05-25,Social Media,31.49,Basic,50,US,1,149.85
C009559,2023-09-24,Social Media,60.59,Basic,60,Germany,0,59.94
C009560,2022-03-19,Affiliate,40.05,Standard,50,US,1,19.99
C009561,2023-09-07,Email,42.45,Basic,19,France,0,9.99
C009562,2022-08-01,Paid Search,77.58,Basic,27,Canada,0,169.83
C009563,2022-11-06,Social Media,71.45,Basic,41,France,1,9.99
C009564,2022-09-23,Paid Search,77.28,Basic,26,Australia,1,9.99
C009565,2023-05-11,Paid Search,62.98,Basic,38,Canada,1,219.85
C009566,2022-09-01,Paid Search,72.41,Standard,43,France,1,79.96
C009567,2023-08-16,Paid Search,104.41,Basic,46,Canada,1,59.94
C009568,2023-01-06,Organic,11.71,Standard,39,Australia,1,19.99
C009569,2022-03-12,Referral,20.17,Basic,36,France,1,19.98
C009570,2022-11-29,Organic,14.49,Standard,45,Australia,1,59.97
C009571,2022-01-05,Affiliate,58.01,Standard,38,UK,1,79.96
C009572,2023-10-19,Email,36.24,Standard,48,US,1,259.87
C009573,2023-11-28,Organic,20.24,Basic,26,Australia,1,29.97
C009574,2022-01-04,Referral,26.2,Standard,25,France,1,19.99
C009575,2022-03-31,Email,30.52,Basic,41,US,1,49.95
C009576,2023-02-25,Paid Search,80.28,Standard,50,Canada,1,359.82
C009577,2022-03-06,Referral,38.33,Standard,44,Australia,0,139.93
C009578,2023-01-05,Social Media,61.0,Premium,55,US,1,39.99
C009579,2023-09-04,Referral,59.93,Basic,46,Germany,0,29.97
C009580,2022-03-04,Affiliate,27.35,Basic,35,Canada,1,49.97
C009581,2023-08-09,Affiliate,42.93,Standard,61,US,0,39.98
C009582,2022-10-24,Paid Search,81.52,Basic,35,UK,1,139.91
C009583,2023-11-28,Social Media,78.69,Basic,24,Germany,1,109.93
C009584,2022-06-09,Referral,27.9,Basic,48,Canada,1,9.99
C009585,2022-10-07,Paid Search,62.68,Basic,29,Australia,1,19.98
C009586,2022-11-05,Paid Search,117.69,Basic,63,France,0,19.98
C009587,2023-05-07,Paid Search,118.13,Basic,64,Australia,1,179.85
C009588,2023-08-14,Organic,28.34,Basic,31,US,0,19.98
C009589,2023-04-10,Social Media,35.05,Standard,55,Canada,0,719.64
C009590,2023-07-08,Paid Search,101.01,Basic,50,Australia,0,19.98
C009591,2022-07-30,Paid Search,61.78,Basic,37,Canada,0,159.84
C009592,2022-08-01,Affiliate,58.24,Basic,31,Canada,1,9.99
C009593,2023-10-28,Referral,49.27,Premium,63,Canada,1,439.89
C009594,2022-08-19,Organic,23.94,Premium,56,Australia,1,0.0
C009595,2023-10-10,Organic,27.88,Basic,30,Canada,1,119.88
C009596,2022-09-25,Referral,45.13,Standard,34,UK,1,99.95
C009597,2022-09-06,Affiliate,45.35,Premium,28,Canada,1,39.99
C009598,2022-11-06,Organic,19.7,Basic,54,UK,1,9.99
C009599,2023-11-22,Paid Search,52.28,Premium,26,France,1,119.97
C009600,2023-10-23,Email,56.09,Basic,53,Australia,1,19.98
C009601,2022-02-12,Paid Search,115.05,Premium,40,Germany,1,479.88
C009602,2022-05-02,Affiliate,42.27,Standard,61,US,1,179.91
C009603,2023-08-01,Affiliate,45.78,Premium,45,Australia,1,279.93
C009604,2022-06-30,Social Media,77.07,Standard,30,US,1,239.88
C009605,2022-11-06,Social Media,42.44,Basic,24,UK,1,119.88
C009606,2022-08-11,Email,58.65,Basic,32,Germany,1,9.99
C009607,2023-04-23,Affiliate,31.63,Basic,45,US,1,79.92
C009608,2023-03-16,Organic,16.37,Basic,46,Australia,1,29.97
C009609,2022-01-21,Referral,50.09,Standard,33,Germany,1,59.97
C009610,2023-04-26,Organic,12.54,Standard,48,US,1,19.99
C009611,2023-03-04,Email,50.12,Premium,33,US,1,159.96
C009612,2022-06-28,Organic,19.07,Standard,56,Canada,1,119.94
C009613,2022-01-01,Affiliate,47.5,Standard,46,UK,0,279.86
C009614,2023-09-01,Referral,37.85,Basic,21,Canada,1,69.93
C009615,2022-04-02,Email,37.2,Standard,22,France,1,19.99
C009616,2022-04-19,Affiliate,35.08,Basic,58,Germany,1,49.95
C009617,2022-11-18,Affiliate,47.58,Standard,62,Canada,1,539.73
C009618,2023-05-19,Social Media,30.71,Standard,25,France,0,459.77
C009619,2022-05-28,Affiliate,34.54,Basic,25,Germany,1,59.94
C009620,2022-12-09,Social Media,69.96,Basic,24,Germany,1,59.94
C009621,2022-04-25,Social Media,65.3,Standard,64,Canada,1,79.96
C009622,2022-02-20,Paid Search,92.21,Basic,42,Germany,0,29.97
C009623,2022-12-11,Social Media,47.28,Basic,55,Australia,0,569.71
C009624,2022-02-28,Email,31.77,Basic,40,Australia,1,89.91
C009625,2022-03-05,Email,34.11,Basic,61,Australia,0,9.99
C009626,2022-02-27,Paid Search,85.66,Standard,28,France,1,79.96
C009627,2023-06-20,Paid Search,63.29,Premium,27,France,1,239.94
C009628,2023-09-27,Referral,39.45,Basic,37,UK,0,9.99
C009629,2023-01-03,Email,47.97,Standard,57,France,1,119.94
C009630,2022-04-21,Email,38.53,Standard,44,UK,0,499.75
C009631,2023-06-09,Social Media,55.59,Basic,60,France,1,89.95
C009632,2022-06-01,Paid Search,73.39,Standard,35,UK,1,219.89
C009633,2023-05-15,Affiliate,36.28,Basic,29,France,0,9.99
C009634,2023-05-25,Organic,11.54,Standard,45,Canada,0,139.93
C009635,2022-08-06,Affiliate,33.7,Standard,40,UK,0,639.68
C009636,2023-09-13,Social Media,76.26,Standard,45,Australia,0,19.99
C009637,2023-08-05,Email,44.61,Standard,60,UK,1,19.99
C009638,2023-09-14,Social Media,56.91,Basic,21,France,1,69.93
C009639,2023-08-11,Affiliate,38.47,Basic,39,Canada,1,29.97
C009640,2023-10-05,Social Media,36.07,Standard,62,France,1,139.93
C009641,2022-11-03,Paid Search,55.96,Premium,63,US,1,39.99
C009642,2022-09-27,Paid Search,113.75,Basic,37,Australia,1,69.93
C009643,2022-02-03,Email,36.06,Standard,27,Canada,1,19.99
C009644,2022-05-27,Email,58.16,Basic,34,US,1,9.99
C009645,2022-11-13,Organic,28.97,Basic,65,Australia,0,379.76
C009646,2023-05-12,Affiliate,47.63,Premium,19,UK,1,879.78
C009647,2023-01-13,Social Media,76.05,Basic,32,US,0,79.92
C009648,2023-04-09,Affiliate,55.26,Standard,56,Germany,1,299.85
C009649,2022-11-25,Organic,23.34,Basic,19,Germany,1,119.88
C009650,2023-11-03,Social Media,68.33,Premium,24,France,1,39.99
C009651,2022-10-17,Organic,19.75,Standard,32,Canada,1,239.88
C009652,2023-02-22,Organic,17.25,Basic,25,Australia,0,309.78
C009653,2022-03-06,Referral,21.99,Basic,27,UK,1,19.98
C009654,2022-02-23,Email,25.74,Basic,62,UK,1,9.99
C009655,2023-09-26,Organic,10.09,Standard,40,US,1,19.99
C009656,2022-03-07,Affiliate,23.75,Basic,61,Germany,1,9.99
C009657,2022-06-30,Email,42.89,Standard,41,Canada,0,719.64
C009658,2022-05-10,Paid Search,83.71,Basic,57,US,1,19.98
C009659,2022-09-16,Email,58.41,Basic,48,Australia,0,69.93
C009660,2022-10-27,Social Media,48.84,Standard,36,UK,0,339.83
C009661,2023-01-27,Paid Search,63.69,Standard,33,Australia,1,59.97
C009662,2023-07-26,Email,55.66,Premium,44,Canada,1,239.94
C009663,2022-03-09,Email,56.76,Basic,36,France,1,209.79
C009664,2022-07-24,Organic,21.18,Basic,31,US,1,9.99
C009665,2022-05-01,Referral,51.79,Basic,34,Australia,1,19.98
C009666,2022-09-27,Email,21.64,Basic,65,France,1,59.94
C009667,2022-09-06,Social Media,76.36,Basic,49,Australia,1,9.99
C009668,2023-05-11,Affiliate,55.36,Premium,31,Canada,1,719.82
C009669,2023-10-30,Paid Search,115.47,Standard,20,Australia,1,159.92
C009670,2023-04-10,Organic,20.94,Standard,24,Australia,1,319.84
C009671,2023-06-29,Paid Search,56.44,Basic,19,Germany,0,269.73
C009672,2023-11-13,Paid Search,89.83,Premium,22,France,1,1039.74
C009673,2023-01-21,Referral,59.66,Standard,25,Australia,1,19.99
C009674,2022-03-28,Affiliate,52.22,Basic,21,UK,1,229.77
C009675,2022-08-30,Email,42.28,Premium,54,Australia,1,199.95
C009676,2023-05-07,Organic,25.41,Basic,60,Canada,0,9.99
C009677,2023-04-06,Email,55.31,Basic,40,Germany,1,19.98
C009678,2022-11-14,Social Media,62.97,Premium,56,Australia,1,119.97
C009679,2023-11-29,Paid Search,74.41,Premium,46,Australia,1,159.96
C009680,2022-07-09,Email,35.63,Standard,54,Australia,1,99.95
C009681,2023-02-06,Paid Search,71.43,Basic,28,UK,0,439.76
C009682,2023-05-30,Affiliate,30.5,Standard,21,UK,0,619.69
C009683,2022-03-14,Referral,45.35,Standard,34,Canada,1,19.99
C009684,2022-01-11,Email,21.78,Standard,59,UK,1,0.0
C009685,2023-09-30,Affiliate,34.61,Basic,51,Germany,1,39.96
C009686,2023-09-23,Paid Search,93.04,Basic,58,US,1,169.88
C009687,2022-01-26,Referral,54.01,Basic,32,UK,1,179.85
C009688,2023-06-17,Paid Search,81.13,Premium,38,UK,0,1159.71
C009689,2022-10-30,Email,46.79,Premium,62,Canada,1,39.99
C009690,2023-08-14,Referral,35.65,Standard,63,UK,0,259.87
C009691,2022-08-30,Email,34.49,Basic,39,Australia,1,0.0
C009692,2022-07-06,Organic,11.47,Standard,25,Australia,1,59.97
C009693,2023-11-28,Social Media,63.93,Basic,37,France,1,29.97
C009694,2022-11-14,Referral,43.79,Basic,35,US,1,89.91
C009695,2023-01-11,Organic,25.97,Standard,53,Germany,0,519.74
C009696,2022-01-15,Paid Search,97.5,Basic,64,Australia,0,229.87
C009697,2023-04-08,Referral,33.13,Standard,26,Canada,1,179.91
C009698,2022-09-15,Affiliate,55.88,Standard,51,UK,1,19.99
C009699,2023-08-11,Organic,10.52,Premium,29,US,1,39.99
C009700,2022-10-08,Organic,24.46,Basic,49,UK,1,9.99
C009701,2023-06-05,Organic,11.1,Basic,56,Germany,0,329.67
C009702,2022-06-26,Email,33.66,Standard,38,Canada,1,99.95
C009703,2022-04-28,Paid Search,80.19,Basic,59,US,1,19.98
C009704,2023-05-21,Email,37.05,Premium,59,Australia,1,199.95
C009705,2022-08-05,Paid Search,99.14,Standard,28,Canada,1,59.97
C009706,2022-04-16,Referral,35.49,Basic,52,France,0,319.68
C009707,2023-09-18,Paid Search,58.27,Basic,36,Germany,1,389.8
C009708,2022-06-14,Organic,27.07,Basic,41,France,1,69.93
C009709,2022-12-22,Email,27.08,Standard,41,Germany,1,339.83
C009710,2022-12-25,Referral,26.38,Standard,28,France,1,79.96
C009711,2022-11-30,Email,21.32,Premium,54,Canada,1,599.85
C009712,2022-11-01,Organic,25.01,Basic,31,Germany,0,149.85
C009713,2023-03-14,Paid Search,102.87,Standard,63,UK,1,319.84
C009714,2022-12-24,Referral,57.41,Standard,40,France,1,99.95
C009715,2023-03-15,Social Media,79.76,Basic,55,Canada,0,139.86
C009716,2023-11-11,Social Media,63.85,Basic,18,Canada,1,9.99
C009717,2022-05-01,Email,36.27,Basic,21,Germany,1,199.89
C009718,2023-04-21,Email,49.19,Standard,35,Canada,1,59.97
C009719,2022-03-10,Organic,17.48,Standard,38,France,0,119.94
C009720,2022-05-21,Social Media,50.64,Basic,37,UK,1,79.92
C009721,2023-03-11,Social Media,48.9,Standard,57,Canada,0,479.76
C009722,2022-02-17,Affiliate,41.82,Standard,37,Australia,1,479.76
C009723,2023-02-11,Referral,53.57,Standard,58,Germany,1,59.97
C009724,2022-08-14,Email,48.16,Standard,29,France,1,59.97
C009725,2023-01-16,Organic,24.32,Basic,27,Germany,1,19.98
C009726,2022-12-05,Organic,27.18,Standard,28,US,1,19.99
C009727,2023-10-17,Email,26.32,Basic,25,UK,1,19.98
C009728,2022-08-18,Email,20.5,Standard,61,Australia,0,299.85
C009729,2022-10-16,Social Media,65.0,Basic,26,Germany,1,59.94
C009730,2023-01-23,Paid Search,72.69,Standard,36,France,1,299.85
C009731,2023-04-21,Social Media,59.51,Basic,23,Canada,1,29.98
C009732,2023-11-18,Organic,12.63,Standard,39,Canada,0,19.99
C009733,2023-01-14,Email,43.93,Standard,52,Canada,1,19.99
C009734,2022-08-17,Affiliate,59.6,Basic,50,Australia,1,69.95
C009735,2022-10-28,Email,44.36,Standard,61,France,1,59.97
C009736,2022-03-10,Referral,43.62,Basic,40,Australia,1,9.99
C009737,2023-10-26,Email,48.49,Basic,53,Australia,1,149.9
C009738,2023-04-30,Affiliate,47.18,Basic,18,France,1,59.94
C009739,2022-02-15,Organic,20.96,Basic,37,France,1,39.96
C009740,2023-04-14,Paid Search,103.63,Basic,36,France,1,49.95
C009741,2023-03-10,Paid Search,64.7,Premium,54,France,1,39.99
C009742,2023-09-17,Affiliate,23.85,Premium,38,Australia,1,119.97
C009743,2022-01-03,Social Media,63.63,Standard,56,Germany,1,359.82
C009744,2023-10-13,Organic,22.37,Basic,59,Canada,1,9.99
C009745,2022-03-05,Organic,26.94,Basic,49,Canada,1,19.98
C009746,2023-06-17,Paid Search,68.32,Standard,36,Canada,1,159.92
C009747,2023-09-07,Affiliate,30.9,Basic,63,Canada,1,79.92
C009748,2022-06-16,Organic,23.52,Premium,23,France,1,39.99
C009749,2022-07-11,Email,45.09,Premium,38,Canada,1,159.96
C009750,2023-08-07,Organic,26.66,Standard,29,Canada,1,59.97
C009751,2022-12-03,Organic,24.12,Basic,39,US,1,29.97
C009752,2023-09-13,Organic,21.48,Basic,46,Germany,0,179.85
C009753,2022-01-03,Referral,53.14,Standard,42,Australia,1,39.98
C009754,2022-01-31,Affiliate,36.08,Premium,45,France,1,839.79
C009755,2022-10-10,Organic,14.23,Basic,24,UK,0,9.99
C009756,2023-07-09,Social Media,69.41,Standard,42,France,1,39.98
C009757,2022-11-17,Social Media,59.4,Basic,28,Germany,0,379.72
C009758,2023-04-20,Affiliate,22.46,Basic,57,UK,1,19.98
C009759,2022-05-20,Referral,43.96,Standard,41,Germany,0,19.99
C009760,2023-07-31,Affiliate,46.86,Basic,19,Germany,1,29.97
C009761,2022-01-22,Email,45.8,Basic,25,US,0,209.84
C009762,2022-01-12,Paid Search,99.81,Basic,22,Australia,1,79.92
C009763,2022-05-21,Organic,28.46,Standard,34,Canada,1,139.93
C009764,2023-08-24,Affiliate,51.11,Standard,39,Germany,0,499.75
C009765,2022-07-30,Affiliate,30.44,Basic,30,France,1,19.98
C009766,2022-12-21,Affiliate,46.42,Basic,48,Canada,1,29.97
C009767,2023-08-04,Email,47.8,Basic,62,US,0,29.97
C009768,2022-09-06,Affiliate,41.62,Basic,63,France,1,19.98
C009769,2023-05-25,Organic,12.26,Standard,58,Australia,1,19.99
C009770,2023-11-29,Organic,12.4,Basic,48,France,1,99.95
C009771,2022-11-30,Affiliate,57.45,Basic,24,Canada,1,249.75
C009772,2022-08-29,Paid Search,69.28,Standard,46,US,0,579.71
C009773,2023-11-17,Referral,55.13,Standard,27,Germany,1,79.96
C009774,2023-05-31,Referral,50.88,Basic,33,Australia,1,9.99
C009775,2023-06-07,Referral,50.38,Standard,20,France,1,319.84
C009776,2022-03-12,Paid Search,97.25,Basic,65,US,1,19.98
C009777,2023-06-04,Paid Search,62.67,Basic,36,France,1,49.97
C009778,2022-10-28,Affiliate,52.56,Basic,38,US,1,79.92
C009779,2023-09-11,Referral,40.6,Premium,53,US,1,519.87
C009780,2023-03-02,Social Media,59.31,Basic,20,Canada,1,49.95
C009781,2022-05-25,Affiliate,54.81,Premium,55,US,0,1319.67
C009782,2022-01-16,Affiliate,51.27,Standard,50,Canada,0,599.7
C009783,2022-06-18,Paid Search,69.25,Basic,20,Australia,1,9.99
C009784,2022-05-08,Email,52.03,Standard,32,Australia,1,39.98
C009785,2022-04-08,Paid Search,84.61,Standard,31,Canada,0,19.99
C009786,2022-02-05,Paid Search,119.09,Premium,39,Australia,0,1279.68
C009787,2023-11-15,Referral,42.96,Basic,58,US,1,49.95
C009788,2023-05-25,Paid Search,65.61,Premium,51,US,1,79.98
C009789,2022-08-27,Referral,40.03,Standard,21,US,1,0.0
C009790,2023-10-06,Social Media,72.83,Standard,62,Germany,1,379.81
C009791,2023-09-24,Referral,42.12,Premium,43,UK,1,39.99
C009792,2022-03-25,Organic,17.71,Basic,58,US,0,139.88
C009793,2023-03-04,Paid Search,53.05,Basic,24,UK,1,9.99
C009794,2022-10-02,Organic,19.14,Standard,42,Germany,1,79.96
C009795,2022-10-19,Affiliate,45.47,Basic,31,Germany,0,79.92
C009796,2022-06-06,Email,25.11,Standard,33,Australia,1,119.94
C009797,2022-12-07,Organic,22.66,Basic,33,Canada,1,29.97
C009798,2022-09-20,Email,35.08,Premium,55,Canada,0,39.99
C009799,2022-01-28,Email,25.3,Standard,51,Canada,1,19.99
C009800,2023-06-05,Email,57.22,Basic,35,Australia,1,29.97
C009801,2023-08-21,Social Media,66.76,Basic,40,Canada,1,9.99
C009802,2023-04-23,Paid Search,96.11,Standard,36,Germany,1,19.99
C009803,2022-09-14,Social Media,79.58,Standard,46,Canada,1,39.98
C009804,2023-02-26,Paid Search,89.83,Standard,34,Germany,1,79.96
C009805,2022-11-30,Organic,27.46,Basic,37,Germany,1,19.98
C009806,2023-01-07,Referral,32.38,Basic,36,Australia,1,119.9
C009807,2022-11-22,Paid Search,72.2,Standard,50,France,1,99.95
C009808,2023-07-01,Affiliate,51.89,Basic,38,US,1,109.89
C009809,2023-07-28,Email,29.17,Basic,33,US,1,9.99
C009810,2023-05-03,Email,31.75,Basic,56,US,0,69.93
C009811,2022-08-18,Referral,48.12,Standard,49,Canada,0,259.87
C009812,2022-09-24,Email,28.75,Basic,49,Germany,1,19.98
C009813,2022-05-16,Affiliate,51.09,Basic,25,Canada,0,19.98
C009814,2022-09-15,Paid Search,61.43,Basic,38,US,1,49.95
C009815,2022-07-28,Email,47.1,Basic,24,UK,1,9.99
C009816,2022-10-22,Referral,25.5,Basic,47,UK,1,119.92
C009817,2022-02-14,Referral,31.9,Basic,48,Canada,1,79.92
C009818,2022-08-10,Referral,21.97,Standard,45,UK,0,639.68
C009819,2022-06-15,Paid Search,91.7,Premium,53,Australia,1,119.97
C009820,2023-10-05,Email,56.11,Premium,31,UK,0,239.94
C009821,2023-01-17,Paid Search,56.79,Basic,39,France,0,9.99
C009822,2022-07-13,Affiliate,38.4,Basic,52,UK,1,119.88
C009823,2023-03-02,Paid Search,61.14,Basic,56,Canada,1,19.98
C009824,2023-01-14,Organic,24.55,Standard,40,France,1,19.99
C009825,2023-08-01,Affiliate,47.56,Standard,63,Australia,0,519.74
C009826,2022-04-06,Email,24.9,Basic,56,France,0,309.69
C009827,2022-10-04,Paid Search,89.3,Basic,63,France,1,19.98
C009828,2022-08-29,Social Media,36.75,Standard,44,Canada,1,19.99
C009829,2022-07-14,Paid Search,96.06,Standard,59,Canada,0,459.77
C009830,2022-12-14,Paid Search,106.75,Basic,36,France,0,9.99
C009831,2023-11-25,Referral,48.49,Standard,46,UK,0,539.73
C009832,2023-10-03,Organic,15.41,Standard,54,Australia,1,139.93
C009833,2022-08-09,Paid Search,70.37,Basic,30,Australia,0,219.81
C009834,2022-02-02,Organic,22.26,Basic,65,Germany,1,339.71
C009835,2022-08-19,Organic,17.52,Basic,36,Australia,1,29.97
C009836,2022-08-21,Organic,23.15,Standard,60,Germany,1,19.99
C009837,2022-06-24,Social Media,42.72,Standard,54,Australia,0,19.99
C009838,2022-01-30,Referral,24.75,Basic,28,Canada,1,79.92
C009839,2023-05-23,Email,52.45,Premium,45,France,0,479.88
C009840,2022-03-21,Organic,12.93,Premium,54,France,0,759.81
C009841,2023-11-06,Paid Search,82.95,Basic,35,Canada,1,209.81
C009842,2023-10-30,Email,34.4,Premium,46,Germany,0,619.71
C009843,2023-08-08,Email,45.14,Basic,27,France,1,79.92
C009844,2022-08-04,Organic,11.8,Standard,47,Germany,1,79.96
C009845,2023-06-03,Email,34.27,Basic,40,US,1,9.99
C009846,2022-04-20,Email,21.93,Basic,36,US,0,399.69
C009847,2022-05-28,Referral,37.5,Basic,60,UK,1,199.86
C009848,2022-08-16,Organic,17.78,Basic,48,Canada,1,229.77
C009849,2022-04-05,Organic,29.66,Basic,42,Germany,0,349.65
C009850,2023-07-05,Social Media,53.57,Basic,55,Germany,1,19.98
C009851,2023-10-21,Paid Search,88.41,Premium,46,Australia,1,39.99
C009852,2022-04-04,Affiliate,47.73,Basic,41,France,1,9.99
C009853,2022-03-18,Referral,29.07,Basic,29,US,1,9.99
C009854,2022-06-28,Email,52.2,Standard,30,Germany,1,179.91
C009855,2022-07-18,Referral,58.89,Basic,25,US,1,29.98
C009856,2022-05-23,Email,46.55,Premium,65,UK,0,679.82
C009857,2022-03-30,Organic,13.08,Basic,46,US,1,39.96
C009858,2023-01-07,Organic,17.67,Basic,36,France,1,19.98
C009859,2022-06-28,Affiliate,34.02,Premium,27,France,1,119.97
C009860,2022-06-13,Social Media,44.07,Premium,43,Canada,0,1079.64
C009861,2023-11-20,Social Media,54.72,Basic,22,Germany,1,29.98
C009862,2023-09-09,Organic,15.94,Basic,56,US,1,9.99
C009863,2022-07-31,Referral,33.53,Basic,65,Canada,1,19.98
C009864,2022-06-12,Paid Search,80.87,Premium,34,Germany,0,439.89
C009865,2023-03-11,Referral,54.68,Standard,26,UK,1,79.96
C009866,2023-02-24,Affiliate,39.27,Basic,37,Australia,1,49.95
C009867,2023-03-27,Email,20.47,Standard,39,UK,0,619.69
C009868,2022-05-27,Social Media,66.2,Basic,20,Canada,1,79.92
C009869,2023-09-04,Referral,30.43,Premium,41,Canada,1,159.96
C009870,2023-09-11,Referral,41.3,Basic,32,Germany,1,179.82
C009871,2022-03-27,Email,53.68,Premium,43,US,1,39.99
C009872,2023-10-25,Paid Search,70.3,Standard,50,France,1,139.93
C009873,2023-05-13,Paid Search,54.84,Basic,25,Canada,1,219.82
C009874,2023-01-25,Social Media,41.73,Premium,56,Canada,1,39.99
C009875,2022-07-09,Organic,11.92,Standard,64,Australia,1,39.98
C009876,2022-11-22,Social Media,70.59,Basic,23,Canada,0,269.73
C009877,2022-01-24,Affiliate,49.65,Basic,58,Germany,1,129.87
C009878,2023-09-18,Organic,24.07,Basic,53,US,1,79.92
C009879,2023-06-28,Email,29.64,Standard,65,Canada,0,119.94
C009880,2022-12-27,Email,45.8,Premium,45,Canada,1,39.99
C009881,2022-11-25,Social Media,61.68,Basic,57,Germany,0,29.97
C009882,2023-08-12,Email,50.88,Standard,34,UK,0,519.74
C009883,2022-12-24,Affiliate,31.7,Basic,55,Australia,1,49.95
C009884,2022-03-01,Affiliate,50.75,Basic,42,France,0,199.8
C009885,2022-06-21,Referral,33.06,Standard,55,Germany,1,19.99
C009886,2023-11-20,Email,33.11,Standard,46,France,1,19.99
C009887,2023-10-19,Referral,56.3,Basic,29,Canada,0,39.96
C009888,2022-08-27,Organic,25.19,Basic,51,US,1,29.97
C009889,2023-07-11,Referral,58.54,Standard,56,Canada,1,19.99
C009890,2023-01-18,Organic,12.15,Premium,56,UK,1,39.99
C009891,2023-11-27,Paid Search,106.24,Basic,22,Australia,0,249.75
C009892,2023-10-20,Email,44.68,Basic,39,UK,1,369.77
C009893,2022-08-10,Referral,55.99,Basic,18,Australia,1,9.99
C009894,2022-05-31,Affiliate,51.87,Premium,41,France,1,799.8
C009895,2023-10-19,Referral,27.62,Basic,53,Germany,0,69.93
C009896,2022-12-26,Referral,22.22,Basic,29,US,1,59.94
C009897,2023-07-31,Affiliate,29.83,Basic,61,Australia,1,119.92
C009898,2022-01-21,Organic,15.77,Standard,35,US,1,79.96
C009899,2023-09-29,Referral,26.31,Standard,60,Canada,1,59.97
C009900,2022-03-14,Affiliate,22.29,Basic,38,France,1,49.95
C009901,2022-01-15,Referral,42.73,Standard,27,Australia,1,39.98
C009902,2023-06-21,Email,30.65,Basic,23,Germany,1,189.81
C009903,2022-03-21,Paid Search,111.93,Standard,63,Germany,1,19.99
C009904,2022-01-29,Email,38.4,Standard,44,Germany,0,459.77
C009905,2023-08-29,Organic,21.04,Basic,62,UK,1,19.98
C009906,2023-05-03,Paid Search,117.98,Basic,44,France,1,229.86
C009907,2022-05-27,Referral,33.8,Basic,37,Germany,1,149.88
C009908,2022-02-18,Organic,10.86,Premium,58,France,1,39.99
C009909,2023-10-30,Referral,38.83,Basic,56,Australia,1,9.99
C009910,2023-04-19,Organic,11.26,Basic,41,Australia,1,29.97
C009911,2023-11-23,Affiliate,51.3,Basic,22,France,1,9.99
C009912,2022-01-09,Referral,23.75,Standard,39,UK,1,99.95
C009913,2023-04-10,Organic,10.13,Basic,19,US,1,39.96
C009914,2022-01-07,Paid Search,102.52,Basic,25,UK,1,9.99
C009915,2023-02-10,Email,53.15,Premium,57,US,1,199.95
C009916,2022-11-23,Organic,26.9,Basic,22,France,1,9.99
C009917,2022-03-11,Affiliate,35.15,Basic,35,Australia,1,159.84
C009918,2023-08-26,Organic,10.1,Basic,47,Germany,1,19.98
C009919,2023-09-23,Email,56.04,Standard,20,US,1,39.98
C009920,2022-10-16,Email,32.2,Basic,45,UK,1,29.97
C009921,2022-07-03,Email,25.99,Basic,25,France,1,19.98
C009922,2023-01-26,Social Media,68.65,Premium,55,Canada,1,559.86
C009923,2023-06-04,Affiliate,35.45,Basic,27,US,0,9.99
C009924,2022-03-06,Referral,20.79,Standard,38,Canada,0,199.9
C009925,2022-11-05,Email,35.62,Basic,28,Australia,1,39.96
C009926,2022-10-10,Affiliate,26.27,Standard,51,Australia,1,39.98
C009927,2022-05-26,Social Media,71.69,Basic,51,US,0,9.99
C009928,2022-12-06,Affiliate,38.66,Basic,39,US,1,39.96
C009929,2022-06-24,Social Media,37.08,Basic,26,Germany,0,29.97
C009930,2022-08-09,Paid Search,117.54,Basic,25,Australia,1,9.99
C009931,2023-04-20,Affiliate,32.81,Standard,49,US,1,39.98
C009932,2022-07-18,Paid Search,50.17,Basic,23,Australia,1,19.98
C009933,2022-07-31,Email,52.08,Basic,33,US,1,9.99
C009934,2023-06-21,Referral,37.98,Standard,47,Canada,1,19.99
C009935,2022-11-11,Email,55.38,Basic,65,Germany,1,79.92
C009936,2023-07-22,Organic,19.98,Basic,21,US,1,29.97
C009937,2022-11-03,Email,37.3,Basic,55,Germany,1,0.0
C009938,2023-03-04,Referral,54.68,Standard,45,UK,1,39.98
C009939,2023-08-05,Referral,21.27,Basic,63,France,1,19.98
C009940,2023-03-21,Affiliate,32.48,Standard,22,Australia,1,39.98
C009941,2022-02-12,Social Media,69.6,Basic,44,Canada,0,49.95
C009942,2023-09-02,Social Media,73.25,Premium,38,Australia,1,159.96
C009943,2023-05-30,Social Media,66.65,Premium,40,Germany,1,39.99
C009944,2023-04-18,Affiliate,57.86,Basic,58,Germany,1,139.86
C009945,2022-04-24,Social Media,39.88,Basic,50,Australia,1,69.93
C009946,2023-08-19,Paid Search,94.49,Basic,47,UK,0,259.79
C009947,2022-05-30,Paid Search,106.41,Standard,45,Canada,1,39.98
C009948,2022-09-21,Affiliate,41.37,Basic,49,Canada,1,19.98
C009949,2023-09-01,Social Media,79.04,Standard,39,Australia,0,59.97
C009950,2022-10-09,Affiliate,22.34,Premium,19,Australia,0,119.97
C009951,2022-01-29,Paid Search,95.02,Standard,32,Germany,1,519.74
C009952,2023-03-02,Social Media,67.84,Premium,54,Canada,1,39.99
C009953,2023-01-03,Paid Search,88.79,Standard,31,UK,1,159.92
C009954,2022-09-12,Social Media,69.47,Basic,33,UK,1,49.95
C009955,2022-12-24,Referral,36.69,Standard,26,France,0,39.98
C009956,2023-09-06,Affiliate,50.61,Standard,48,Australia,1,99.95
C009957,2023-01-13,Social Media,60.24,Standard,60,US,1,99.95
C009958,2022-08-15,Affiliate,44.59,Basic,30,UK,0,189.81
C009959,2023-10-13,Referral,45.55,Basic,57,US,0,319.75
C009960,2023-01-10,Affiliate,38.28,Premium,24,Canada,0,1319.66
C009961,2022-04-02,Organic,28.51,Basic,51,US,1,9.99
C009962,2023-10-14,Referral,53.51,Basic,40,UK,1,169.91
C009963,2023-09-17,Social Media,38.02,Basic,40,France,1,9.99
C009964,2023-04-19,Affiliate,56.78,Basic,54,US,1,59.94
C009965,2023-01-21,Paid Search,112.89,Basic,58,Canada,1,49.95
C009966,2022-01-24,Social Media,74.35,Standard,56,UK,1,99.95
C009967,2022-05-04,Social Media,33.22,Standard,56,France,1,339.83
C009968,2022-04-05,Organic,10.61,Standard,34,Canada,1,679.66
C009969,2022-08-15,Organic,10.71,Basic,32,UK,1,9.99
C009970,2022-01-15,Affiliate,35.0,Basic,36,UK,1,9.99
C009971,2023-04-03,Affiliate,36.52,Basic,18,Australia,0,9.99
C009972,2023-06-23,Paid Search,76.79,Basic,28,Germany,1,89.91
C009973,2023-04-01,Referral,49.46,Standard,24,US,0,339.83
C009974,2022-11-13,Paid Search,55.54,Basic,39,UK,0,29.97
C009975,2023-09-04,Email,54.58,Premium,48,US,1,479.88
C009976,2022-10-10,Organic,15.32,Premium,29,Germany,0,959.73
C009977,2022-10-26,Paid Search,91.43,Basic,42,Australia,1,29.97
C009978,2022-09-21,Affiliate,35.26,Basic,30,France,1,79.92
C009979,2022-07-26,Affiliate,40.25,Standard,44,Germany,1,39.98
C009980,2022-11-04,Affiliate,48.97,Standard,64,France,1,119.94
C009981,2022-11-17,Social Media,73.6,Basic,36,Australia,1,19.98
C009982,2023-05-01,Social Media,42.31,Standard,36,Germany,0,59.97
C009983,2022-12-11,Paid Search,105.75,Premium,48,UK,0,39.99
C009984,2023-10-30,Social Media,46.69,Standard,54,France,1,19.99
C009985,2023-08-27,Email,27.14,Premium,36,Canada,0,159.96
C009986,2022-12-20,Affiliate,31.8,Standard,35,UK,0,59.97
C009987,2022-05-06,Organic,10.19,Basic,55,France,1,9.99
C009988,2023-02-14,Organic,12.19,Standard,48,Germany,0,459.77
C009989,2023-06-24,Social Media,70.01,Basic,54,Australia,0,69.93
C009990,2023-10-27,Organic,24.43,Basic,57,France,0,249.78
C009991,2023-01-25,Referral,57.34,Premium,45,France,1,199.95
C009992,2022-06-30,Paid Search,66.58,Basic,33,Australia,0,19.98
C009993,2022-01-09,Organic,24.92,Standard,26,Australia,1,39.98
C009994,2022-12-21,Affiliate,34.05,Basic,39,Australia,1,139.86
C009995,2022-07-07,Affiliate,34.77,Standard,47,Germany,1,259.87
C009996,2023-11-16,Affiliate,28.73,Basic,40,UK,1,19.98
C009997,2022-11-15,Social Media,56.54,Standard,20,US,1,59.97
C009998,2022-08-15,Organic,24.76,Basic,46,Canada,0,239.76
C009999,2022-05-05,Referral,29.5,Basic,53,UK,1,9.99
C010000,2023-02-26,Paid Search,112.41,Standard,58,UK,1,19.99
